Time,Date,Day of the week,Traffic Situation,vehicle_count,queue_length,avg_speed_kmph,avg_wait_time_s,predicted_increase_target
12:00:00 AM,10,Tuesday,normal,41.0,0.0,50.0,0.0,11.0
12:15:00 AM,10,Tuesday,normal,52.0,0.0,50.0,0.0,0.0
12:30:00 AM,10,Tuesday,normal,46.0,0.0,50.0,0.0,4.0
12:45:00 AM,10,Tuesday,normal,50.0,0.0,50.0,0.0,0.0
1:00:00 AM,10,Tuesday,normal,48.0,0.0,50.0,0.0,8.0
1:15:00 AM,10,Tuesday,normal,56.0,0.0,50.0,0.0,0.0
1:30:00 AM,10,Tuesday,normal,45.0,0.0,50.0,0.0,0.0
1:45:00 AM,10,Tuesday,normal,36.0,0.0,50.0,0.0,0.0
2:00:00 AM,10,Tuesday,normal,33.0,0.0,50.0,0.0,14.0
2:15:00 AM,10,Tuesday,normal,47.0,0.0,50.0,0.0,8.0
2:30:00 AM,10,Tuesday,normal,55.0,0.0,50.0,0.0,0.0
2:45:00 AM,10,Tuesday,normal,44.0,0.0,50.0,0.0,0.0
3:00:00 AM,10,Tuesday,normal,44.0,0.0,50.0,0.0,1.0
3:15:00 AM,10,Tuesday,normal,45.0,0.0,50.0,0.0,0.0
3:30:00 AM,10,Tuesday,normal,41.0,0.0,50.0,0.0,10.0
3:45:00 AM,10,Tuesday,normal,51.0,0.0,50.0,0.0,51.0
4:00:00 AM,10,Tuesday,low,102.0,0.0,50.0,0.0,2.0
4:15:00 AM,10,Tuesday,normal,104.0,0.0,50.0,0.0,7.0
4:30:00 AM,10,Tuesday,low,111.0,0.0,50.0,0.0,0.0
4:45:00 AM,10,Tuesday,low,98.0,0.0,50.0,0.0,16.0
5:00:00 AM,10,Tuesday,normal,114.0,0.0,50.0,0.0,1.0
5:15:00 AM,10,Tuesday,normal,115.0,0.0,50.0,0.0,0.0
5:30:00 AM,10,Tuesday,normal,112.0,0.0,50.0,0.0,35.0
5:45:00 AM,10,Tuesday,normal,147.0,0.0,50.0,0.0,5.0
6:00:00 AM,10,Tuesday,normal,152.0,0.0,50.0,0.0,0.0
6:15:00 AM,10,Tuesday,normal,124.0,0.0,50.0,0.0,19.0
6:30:00 AM,10,Tuesday,normal,143.0,0.0,50.0,0.0,23.0
6:45:00 AM,10,Tuesday,normal,166.0,0.0,50.0,0.0,0.0
7:00:00 AM,10,Tuesday,normal,155.0,0.0,50.0,0.0,0.0
7:15:00 AM,10,Tuesday,normal,150.0,0.0,50.0,0.0,0.0
7:30:00 AM,10,Tuesday,normal,134.0,0.0,50.0,0.0,68.0
7:45:00 AM,10,Tuesday,heavy,202.0,21.999999999999993,31.666666666666675,54.99999999999998,0.0
8:00:00 AM,10,Tuesday,heavy,184.0,4.000000000000001,46.666666666666664,10.000000000000002,9.0
8:15:00 AM,10,Tuesday,heavy,193.0,12.999999999999984,39.166666666666686,32.49999999999996,0.0
8:30:00 AM,10,Tuesday,normal,159.0,0.0,50.0,0.0,27.0
8:45:00 AM,10,Tuesday,heavy,186.0,5.9999999999999885,45.00000000000001,14.99999999999997,0.0
9:00:00 AM,10,Tuesday,normal,113.0,0.0,50.0,0.0,0.0
9:15:00 AM,10,Tuesday,low,60.0,0.0,50.0,0.0,53.0
9:30:00 AM,10,Tuesday,high,113.0,0.0,50.0,0.0,0.0
9:45:00 AM,10,Tuesday,low,96.0,0.0,50.0,0.0,0.0
10:00:00 AM,10,Tuesday,low,92.0,0.0,50.0,0.0,0.0
10:15:00 AM,10,Tuesday,normal,78.0,0.0,50.0,0.0,0.0
10:30:00 AM,10,Tuesday,low,78.0,0.0,50.0,0.0,10.0
10:45:00 AM,10,Tuesday,normal,88.0,0.0,50.0,0.0,0.0
11:00:00 AM,10,Tuesday,normal,78.0,0.0,50.0,0.0,9.0
11:15:00 AM,10,Tuesday,normal,87.0,0.0,50.0,0.0,0.0
11:30:00 AM,10,Tuesday,normal,62.0,0.0,50.0,0.0,27.0
11:45:00 AM,10,Tuesday,normal,89.0,0.0,50.0,0.0,0.0
12:00:00 PM,10,Tuesday,normal,87.0,0.0,50.0,0.0,0.0
12:15:00 PM,10,Tuesday,normal,82.0,0.0,50.0,0.0,18.0
12:30:00 PM,10,Tuesday,normal,100.0,0.0,50.0,0.0,0.0
12:45:00 PM,10,Tuesday,normal,95.0,0.0,50.0,0.0,40.0
1:00:00 PM,10,Tuesday,normal,135.0,0.0,50.0,0.0,0.0
1:15:00 PM,10,Tuesday,low,108.0,0.0,50.0,0.0,0.0
1:30:00 PM,10,Tuesday,normal,80.0,0.0,50.0,0.0,21.0
1:45:00 PM,10,Tuesday,normal,101.0,0.0,50.0,0.0,0.0
2:00:00 PM,10,Tuesday,normal,62.0,0.0,50.0,0.0,78.0
2:15:00 PM,10,Tuesday,high,140.0,0.0,50.0,0.0,0.0
2:30:00 PM,10,Tuesday,normal,119.0,0.0,50.0,0.0,0.0
2:45:00 PM,10,Tuesday,normal,116.0,0.0,50.0,0.0,0.0
3:00:00 PM,10,Tuesday,normal,42.0,0.0,50.0,0.0,54.0
3:15:00 PM,10,Tuesday,normal,96.0,0.0,50.0,0.0,0.0
3:30:00 PM,10,Tuesday,normal,94.0,0.0,50.0,0.0,101.0
3:45:00 PM,10,Tuesday,heavy,195.0,14.999999999999996,37.5,37.499999999999986,17.0
4:00:00 PM,10,Tuesday,heavy,212.0,31.999999999999982,23.33333333333335,79.99999999999996,0.0
4:15:00 PM,10,Tuesday,heavy,203.0,23.0,30.833333333333336,57.5,0.0
4:30:00 PM,10,Tuesday,heavy,188.0,8.000000000000002,43.333333333333336,20.000000000000004,4.0
4:45:00 PM,10,Tuesday,heavy,192.0,12.000000000000002,40.0,30.000000000000004,35.0
5:00:00 PM,10,Tuesday,heavy,227.0,47.0,10.833333333333334,117.5,0.0
5:15:00 PM,10,Tuesday,normal,151.0,0.0,50.0,0.0,51.0
5:30:00 PM,10,Tuesday,heavy,202.0,21.999999999999993,31.666666666666675,54.99999999999998,0.0
5:45:00 PM,10,Tuesday,heavy,179.0,0.0,50.0,0.0,0.0
6:00:00 PM,10,Tuesday,high,162.0,0.0,50.0,0.0,3.0
6:15:00 PM,10,Tuesday,normal,165.0,0.0,50.0,0.0,0.0
6:30:00 PM,10,Tuesday,normal,124.0,0.0,50.0,0.0,4.0
6:45:00 PM,10,Tuesday,normal,128.0,0.0,50.0,0.0,31.0
7:00:00 PM,10,Tuesday,high,159.0,0.0,50.0,0.0,0.0
7:15:00 PM,10,Tuesday,normal,100.0,0.0,50.0,0.0,40.0
7:30:00 PM,10,Tuesday,normal,140.0,0.0,50.0,0.0,6.0
7:45:00 PM,10,Tuesday,normal,146.0,0.0,50.0,0.0,0.0
8:00:00 PM,10,Tuesday,normal,115.0,0.0,50.0,0.0,0.0
8:15:00 PM,10,Tuesday,normal,112.0,0.0,50.0,0.0,0.0
8:30:00 PM,10,Tuesday,normal,92.0,0.0,50.0,0.0,43.0
8:45:00 PM,10,Tuesday,high,135.0,0.0,50.0,0.0,0.0
9:00:00 PM,10,Tuesday,high,133.0,0.0,50.0,0.0,0.0
9:15:00 PM,10,Tuesday,normal,121.0,0.0,50.0,0.0,17.0
9:30:00 PM,10,Tuesday,normal,138.0,0.0,50.0,0.0,0.0
9:45:00 PM,10,Tuesday,normal,42.0,0.0,50.0,0.0,2.0
10:00:00 PM,10,Tuesday,normal,44.0,0.0,50.0,0.0,2.0
10:15:00 PM,10,Tuesday,normal,46.0,0.0,50.0,0.0,0.0
10:30:00 PM,10,Tuesday,normal,41.0,0.0,50.0,0.0,4.0
10:45:00 PM,10,Tuesday,normal,45.0,0.0,50.0,0.0,10.0
11:00:00 PM,10,Tuesday,normal,55.0,0.0,50.0,0.0,0.0
11:15:00 PM,10,Tuesday,normal,43.0,0.0,50.0,0.0,0.0
11:30:00 PM,10,Tuesday,normal,32.0,0.0,50.0,0.0,10.0
11:45:00 PM,10,Tuesday,normal,42.0,0.0,50.0,0.0,0.0
12:00:00 AM,11,Wednesday,normal,41.0,0.0,50.0,0.0,6.0
12:15:00 AM,11,Wednesday,normal,47.0,0.0,50.0,0.0,0.0
12:30:00 AM,11,Wednesday,normal,47.0,0.0,50.0,0.0,0.0
12:45:00 AM,11,Wednesday,normal,36.0,0.0,50.0,0.0,0.0
1:00:00 AM,11,Wednesday,normal,29.0,0.0,50.0,0.0,7.0
1:15:00 AM,11,Wednesday,normal,36.0,0.0,50.0,0.0,12.0
1:30:00 AM,11,Wednesday,normal,48.0,0.0,50.0,0.0,0.0
1:45:00 AM,11,Wednesday,normal,47.0,0.0,50.0,0.0,0.0
2:00:00 AM,11,Wednesday,normal,47.0,0.0,50.0,0.0,4.0
2:15:00 AM,11,Wednesday,normal,51.0,0.0,50.0,0.0,0.0
2:30:00 AM,11,Wednesday,normal,38.0,0.0,50.0,0.0,1.0
2:45:00 AM,11,Wednesday,normal,39.0,0.0,50.0,0.0,5.0
3:00:00 AM,11,Wednesday,normal,44.0,0.0,50.0,0.0,0.0
3:15:00 AM,11,Wednesday,normal,41.0,0.0,50.0,0.0,10.0
3:30:00 AM,11,Wednesday,normal,51.0,0.0,50.0,0.0,0.0
3:45:00 AM,11,Wednesday,normal,43.0,0.0,50.0,0.0,52.0
4:00:00 AM,11,Wednesday,low,95.0,0.0,50.0,0.0,3.0
4:15:00 AM,11,Wednesday,normal,98.0,0.0,50.0,0.0,14.0
4:30:00 AM,11,Wednesday,normal,112.0,0.0,50.0,0.0,0.0
4:45:00 AM,11,Wednesday,low,100.0,0.0,50.0,0.0,0.0
5:00:00 AM,11,Wednesday,low,72.0,0.0,50.0,0.0,41.0
5:15:00 AM,11,Wednesday,normal,113.0,0.0,50.0,0.0,0.0
5:30:00 AM,11,Wednesday,low,81.0,0.0,50.0,0.0,73.0
5:45:00 AM,11,Wednesday,normal,154.0,0.0,50.0,0.0,0.0
6:00:00 AM,11,Wednesday,normal,146.0,0.0,50.0,0.0,13.0
6:15:00 AM,11,Wednesday,normal,159.0,0.0,50.0,0.0,13.0
6:30:00 AM,11,Wednesday,heavy,172.0,0.0,50.0,0.0,0.0
6:45:00 AM,11,Wednesday,normal,139.0,0.0,50.0,0.0,0.0
7:00:00 AM,11,Wednesday,normal,134.0,0.0,50.0,0.0,10.0
7:15:00 AM,11,Wednesday,normal,144.0,0.0,50.0,0.0,42.0
7:30:00 AM,11,Wednesday,heavy,186.0,5.9999999999999885,45.00000000000001,14.99999999999997,0.0
7:45:00 AM,11,Wednesday,heavy,171.0,0.0,50.0,0.0,11.0
8:00:00 AM,11,Wednesday,heavy,182.0,1.999999999999988,48.33333333333334,4.99999999999997,2.0
8:15:00 AM,11,Wednesday,heavy,184.0,4.000000000000001,46.666666666666664,10.000000000000002,0.0
8:30:00 AM,11,Wednesday,normal,137.0,0.0,50.0,0.0,44.0
8:45:00 AM,11,Wednesday,heavy,181.0,0.9999999999999815,49.16666666666668,2.4999999999999534,0.0
9:00:00 AM,11,Wednesday,high,121.0,0.0,50.0,0.0,0.0
9:15:00 AM,11,Wednesday,low,92.0,0.0,50.0,0.0,0.0
9:30:00 AM,11,Wednesday,normal,78.0,0.0,50.0,0.0,16.0
9:45:00 AM,11,Wednesday,normal,94.0,0.0,50.0,0.0,0.0
10:00:00 AM,11,Wednesday,normal,84.0,0.0,50.0,0.0,27.0
10:15:00 AM,11,Wednesday,normal,111.0,0.0,50.0,0.0,1.0
10:30:00 AM,11,Wednesday,normal,112.0,0.0,50.0,0.0,0.0
10:45:00 AM,11,Wednesday,normal,69.0,0.0,50.0,0.0,33.0
11:00:00 AM,11,Wednesday,normal,102.0,0.0,50.0,0.0,0.0
11:15:00 AM,11,Wednesday,normal,74.0,0.0,50.0,0.0,12.0
11:30:00 AM,11,Wednesday,normal,86.0,0.0,50.0,0.0,7.0
11:45:00 AM,11,Wednesday,normal,93.0,0.0,50.0,0.0,0.0
12:00:00 PM,11,Wednesday,normal,77.0,0.0,50.0,0.0,0.0
12:15:00 PM,11,Wednesday,normal,72.0,0.0,50.0,0.0,30.0
12:30:00 PM,11,Wednesday,normal,102.0,0.0,50.0,0.0,5.0
12:45:00 PM,11,Wednesday,normal,107.0,0.0,50.0,0.0,0.0
1:00:00 PM,11,Wednesday,normal,107.0,0.0,50.0,0.0,28.0
1:15:00 PM,11,Wednesday,normal,135.0,0.0,50.0,0.0,0.0
1:30:00 PM,11,Wednesday,normal,114.0,0.0,50.0,0.0,26.0
1:45:00 PM,11,Wednesday,normal,140.0,0.0,50.0,0.0,0.0
2:00:00 PM,11,Wednesday,normal,70.0,0.0,50.0,0.0,90.0
2:15:00 PM,11,Wednesday,high,160.0,0.0,50.0,0.0,0.0
2:30:00 PM,11,Wednesday,normal,79.0,0.0,50.0,0.0,0.0
2:45:00 PM,11,Wednesday,normal,68.0,0.0,50.0,0.0,28.0
3:00:00 PM,11,Wednesday,normal,96.0,0.0,50.0,0.0,25.0
3:15:00 PM,11,Wednesday,high,121.0,0.0,50.0,0.0,0.0
3:30:00 PM,11,Wednesday,normal,118.0,0.0,50.0,0.0,46.0
3:45:00 PM,11,Wednesday,normal,164.0,0.0,50.0,0.0,5.0
4:00:00 PM,11,Wednesday,heavy,169.0,0.0,50.0,0.0,10.0
4:15:00 PM,11,Wednesday,heavy,179.0,0.0,50.0,0.0,0.0
4:30:00 PM,11,Wednesday,heavy,179.0,0.0,50.0,0.0,0.0
4:45:00 PM,11,Wednesday,heavy,168.0,0.0,50.0,0.0,9.0
5:00:00 PM,11,Wednesday,heavy,177.0,0.0,50.0,0.0,8.0
5:15:00 PM,11,Wednesday,heavy,185.0,4.999999999999982,45.83333333333335,12.499999999999956,2.0
5:30:00 PM,11,Wednesday,heavy,187.0,6.999999999999995,44.16666666666667,17.499999999999986,0.0
5:45:00 PM,11,Wednesday,normal,167.0,0.0,50.0,0.0,0.0
6:00:00 PM,11,Wednesday,normal,152.0,0.0,50.0,0.0,27.0
6:15:00 PM,11,Wednesday,heavy,179.0,0.0,50.0,0.0,0.0
6:30:00 PM,11,Wednesday,normal,119.0,0.0,50.0,0.0,2.0
6:45:00 PM,11,Wednesday,normal,121.0,0.0,50.0,0.0,0.0
7:00:00 PM,11,Wednesday,normal,99.0,0.0,50.0,0.0,15.0
7:15:00 PM,11,Wednesday,high,114.0,0.0,50.0,0.0,40.0
7:30:00 PM,11,Wednesday,high,154.0,0.0,50.0,0.0,0.0
7:45:00 PM,11,Wednesday,normal,120.0,0.0,50.0,0.0,12.0
8:00:00 PM,11,Wednesday,normal,132.0,0.0,50.0,0.0,0.0
8:15:00 PM,11,Wednesday,normal,112.0,0.0,50.0,0.0,8.0
8:30:00 PM,11,Wednesday,normal,120.0,0.0,50.0,0.0,0.0
8:45:00 PM,11,Wednesday,low,89.0,0.0,50.0,0.0,39.0
9:00:00 PM,11,Wednesday,normal,128.0,0.0,50.0,0.0,7.0
9:15:00 PM,11,Wednesday,normal,135.0,0.0,50.0,0.0,0.0
9:30:00 PM,11,Wednesday,low,78.0,0.0,50.0,0.0,0.0
9:45:00 PM,11,Wednesday,normal,53.0,0.0,50.0,0.0,0.0
10:00:00 PM,11,Wednesday,normal,42.0,0.0,50.0,0.0,0.0
10:15:00 PM,11,Wednesday,normal,38.0,0.0,50.0,0.0,3.0
10:30:00 PM,11,Wednesday,normal,41.0,0.0,50.0,0.0,0.0
10:45:00 PM,11,Wednesday,normal,40.0,0.0,50.0,0.0,0.0
11:00:00 PM,11,Wednesday,normal,37.0,0.0,50.0,0.0,0.0
11:15:00 PM,11,Wednesday,normal,34.0,0.0,50.0,0.0,11.0
11:30:00 PM,11,Wednesday,normal,45.0,0.0,50.0,0.0,0.0
11:45:00 PM,11,Wednesday,normal,33.0,0.0,50.0,0.0,13.0
12:00:00 AM,12,Thursday,normal,46.0,0.0,50.0,0.0,0.0
12:15:00 AM,12,Thursday,normal,44.0,0.0,50.0,0.0,0.0
12:30:00 AM,12,Thursday,normal,33.0,0.0,50.0,0.0,0.0
12:45:00 AM,12,Thursday,normal,32.0,0.0,50.0,0.0,18.0
1:00:00 AM,12,Thursday,normal,50.0,0.0,50.0,0.0,0.0
1:15:00 AM,12,Thursday,normal,44.0,0.0,50.0,0.0,7.0
1:30:00 AM,12,Thursday,normal,51.0,0.0,50.0,0.0,0.0
1:45:00 AM,12,Thursday,normal,44.0,0.0,50.0,0.0,0.0
2:00:00 AM,12,Thursday,normal,32.0,0.0,50.0,0.0,18.0
2:15:00 AM,12,Thursday,normal,50.0,0.0,50.0,0.0,0.0
2:30:00 AM,12,Thursday,normal,30.0,0.0,50.0,0.0,22.0
2:45:00 AM,12,Thursday,normal,52.0,0.0,50.0,0.0,0.0
3:00:00 AM,12,Thursday,normal,48.0,0.0,50.0,0.0,0.0
3:15:00 AM,12,Thursday,normal,48.0,0.0,50.0,0.0,0.0
3:30:00 AM,12,Thursday,normal,48.0,0.0,50.0,0.0,4.0
3:45:00 AM,12,Thursday,normal,52.0,0.0,50.0,0.0,71.0
4:00:00 AM,12,Thursday,normal,123.0,0.0,50.0,0.0,0.0
4:15:00 AM,12,Thursday,low,81.0,0.0,50.0,0.0,0.0
4:30:00 AM,12,Thursday,low,77.0,0.0,50.0,0.0,39.0
4:45:00 AM,12,Thursday,normal,116.0,0.0,50.0,0.0,0.0
5:00:00 AM,12,Thursday,low,90.0,0.0,50.0,0.0,9.0
5:15:00 AM,12,Thursday,normal,99.0,0.0,50.0,0.0,0.0
5:30:00 AM,12,Thursday,low,90.0,0.0,50.0,0.0,45.0
5:45:00 AM,12,Thursday,normal,135.0,0.0,50.0,0.0,45.0
6:00:00 AM,12,Thursday,heavy,180.0,0.0,50.0,0.0,0.0
6:15:00 AM,12,Thursday,normal,157.0,0.0,50.0,0.0,12.0
6:30:00 AM,12,Thursday,heavy,169.0,0.0,50.0,0.0,20.0
6:45:00 AM,12,Thursday,heavy,189.0,8.999999999999982,42.500000000000014,22.499999999999954,0.0
7:00:00 AM,12,Thursday,normal,150.0,0.0,50.0,0.0,0.0
7:15:00 AM,12,Thursday,normal,132.0,0.0,50.0,0.0,46.0
7:30:00 AM,12,Thursday,heavy,178.0,0.0,50.0,0.0,0.0
7:45:00 AM,12,Thursday,normal,141.0,0.0,50.0,0.0,48.0
8:00:00 AM,12,Thursday,heavy,189.0,8.999999999999982,42.500000000000014,22.499999999999954,6.0
8:15:00 AM,12,Thursday,heavy,195.0,14.999999999999996,37.5,37.499999999999986,0.0
8:30:00 AM,12,Thursday,heavy,179.0,0.0,50.0,0.0,0.0
8:45:00 AM,12,Thursday,normal,146.0,0.0,50.0,0.0,0.0
9:00:00 AM,12,Thursday,normal,124.0,0.0,50.0,0.0,0.0
9:15:00 AM,12,Thursday,high,114.0,0.0,50.0,0.0,4.0
9:30:00 AM,12,Thursday,normal,118.0,0.0,50.0,0.0,0.0
9:45:00 AM,12,Thursday,low,77.0,0.0,50.0,0.0,9.0
10:00:00 AM,12,Thursday,normal,86.0,0.0,50.0,0.0,10.0
10:15:00 AM,12,Thursday,normal,96.0,0.0,50.0,0.0,8.0
10:30:00 AM,12,Thursday,low,104.0,0.0,50.0,0.0,0.0
10:45:00 AM,12,Thursday,normal,99.0,0.0,50.0,0.0,8.0
11:00:00 AM,12,Thursday,normal,107.0,0.0,50.0,0.0,0.0
11:15:00 AM,12,Thursday,normal,78.0,0.0,50.0,0.0,23.0
11:30:00 AM,12,Thursday,normal,101.0,0.0,50.0,0.0,14.0
11:45:00 AM,12,Thursday,high,115.0,0.0,50.0,0.0,0.0
12:00:00 PM,12,Thursday,normal,89.0,0.0,50.0,0.0,0.0
12:15:00 PM,12,Thursday,normal,85.0,0.0,50.0,0.0,0.0
12:30:00 PM,12,Thursday,normal,85.0,0.0,50.0,0.0,0.0
12:45:00 PM,12,Thursday,normal,69.0,0.0,50.0,0.0,9.0
1:00:00 PM,12,Thursday,low,78.0,0.0,50.0,0.0,21.0
1:15:00 PM,12,Thursday,normal,99.0,0.0,50.0,0.0,29.0
1:30:00 PM,12,Thursday,normal,128.0,0.0,50.0,0.0,0.0
1:45:00 PM,12,Thursday,normal,84.0,0.0,50.0,0.0,24.0
2:00:00 PM,12,Thursday,normal,108.0,0.0,50.0,0.0,39.0
2:15:00 PM,12,Thursday,normal,147.0,0.0,50.0,0.0,0.0
2:30:00 PM,12,Thursday,normal,120.0,0.0,50.0,0.0,8.0
2:45:00 PM,12,Thursday,normal,128.0,0.0,50.0,0.0,30.0
3:00:00 PM,12,Thursday,high,158.0,0.0,50.0,0.0,0.0
3:15:00 PM,12,Thursday,normal,107.0,0.0,50.0,0.0,11.0
3:30:00 PM,12,Thursday,normal,118.0,0.0,50.0,0.0,57.0
3:45:00 PM,12,Thursday,heavy,175.0,0.0,50.0,0.0,16.0
4:00:00 PM,12,Thursday,heavy,191.0,10.999999999999996,40.833333333333336,27.49999999999999,6.0
4:15:00 PM,12,Thursday,heavy,197.0,16.999999999999986,35.83333333333334,42.499999999999964,0.0
4:30:00 PM,12,Thursday,heavy,185.0,4.999999999999982,45.83333333333335,12.499999999999956,0.0
4:45:00 PM,12,Thursday,heavy,177.0,0.0,50.0,0.0,0.0
5:00:00 PM,12,Thursday,heavy,170.0,0.0,50.0,0.0,19.0
5:15:00 PM,12,Thursday,heavy,189.0,8.999999999999982,42.500000000000014,22.499999999999954,21.0
5:30:00 PM,12,Thursday,heavy,210.0,29.999999999999993,25.000000000000007,74.99999999999997,0.0
5:45:00 PM,12,Thursday,heavy,191.0,10.999999999999996,40.833333333333336,27.49999999999999,0.0
6:00:00 PM,12,Thursday,heavy,172.0,0.0,50.0,0.0,0.0
6:15:00 PM,12,Thursday,normal,163.0,0.0,50.0,0.0,0.0
6:30:00 PM,12,Thursday,normal,139.0,0.0,50.0,0.0,0.0
6:45:00 PM,12,Thursday,normal,112.0,0.0,50.0,0.0,25.0
7:00:00 PM,12,Thursday,normal,137.0,0.0,50.0,0.0,0.0
7:15:00 PM,12,Thursday,normal,105.0,0.0,50.0,0.0,9.0
7:30:00 PM,12,Thursday,normal,114.0,0.0,50.0,0.0,0.0
7:45:00 PM,12,Thursday,low,81.0,0.0,50.0,0.0,31.0
8:00:00 PM,12,Thursday,normal,112.0,0.0,50.0,0.0,15.0
8:15:00 PM,12,Thursday,normal,127.0,0.0,50.0,0.0,0.0
8:30:00 PM,12,Thursday,normal,119.0,0.0,50.0,0.0,0.0
8:45:00 PM,12,Thursday,high,119.0,0.0,50.0,0.0,0.0
9:00:00 PM,12,Thursday,normal,77.0,0.0,50.0,0.0,28.0
9:15:00 PM,12,Thursday,normal,105.0,0.0,50.0,0.0,0.0
9:30:00 PM,12,Thursday,normal,103.0,0.0,50.0,0.0,0.0
9:45:00 PM,12,Thursday,normal,43.0,0.0,50.0,0.0,8.0
10:00:00 PM,12,Thursday,normal,51.0,0.0,50.0,0.0,2.0
10:15:00 PM,12,Thursday,normal,53.0,0.0,50.0,0.0,0.0
10:30:00 PM,12,Thursday,normal,46.0,0.0,50.0,0.0,0.0
10:45:00 PM,12,Thursday,normal,42.0,0.0,50.0,0.0,0.0
11:00:00 PM,12,Thursday,normal,28.0,0.0,50.0,0.0,6.0
11:15:00 PM,12,Thursday,normal,34.0,0.0,50.0,0.0,4.0
11:30:00 PM,12,Thursday,normal,38.0,0.0,50.0,0.0,0.0
11:45:00 PM,12,Thursday,normal,32.0,0.0,50.0,0.0,17.0
12:00:00 AM,13,Friday,normal,49.0,0.0,50.0,0.0,0.0
12:15:00 AM,13,Friday,normal,46.0,0.0,50.0,0.0,0.0
12:30:00 AM,13,Friday,normal,41.0,0.0,50.0,0.0,4.0
12:45:00 AM,13,Friday,normal,45.0,0.0,50.0,0.0,0.0
1:00:00 AM,13,Friday,normal,37.0,0.0,50.0,0.0,11.0
1:15:00 AM,13,Friday,normal,48.0,0.0,50.0,0.0,0.0
1:30:00 AM,13,Friday,normal,41.0,0.0,50.0,0.0,4.0
1:45:00 AM,13,Friday,normal,45.0,0.0,50.0,0.0,1.0
2:00:00 AM,13,Friday,normal,46.0,0.0,50.0,0.0,0.0
2:15:00 AM,13,Friday,normal,44.0,0.0,50.0,0.0,0.0
2:30:00 AM,13,Friday,normal,34.0,0.0,50.0,0.0,12.0
2:45:00 AM,13,Friday,normal,46.0,0.0,50.0,0.0,8.0
3:00:00 AM,13,Friday,normal,54.0,0.0,50.0,0.0,0.0
3:15:00 AM,13,Friday,normal,32.0,0.0,50.0,0.0,14.0
3:30:00 AM,13,Friday,normal,46.0,0.0,50.0,0.0,0.0
3:45:00 AM,13,Friday,normal,44.0,0.0,50.0,0.0,46.0
4:00:00 AM,13,Friday,normal,90.0,0.0,50.0,0.0,23.0
4:15:00 AM,13,Friday,high,113.0,0.0,50.0,0.0,20.0
4:30:00 AM,13,Friday,high,133.0,0.0,50.0,0.0,0.0
4:45:00 AM,13,Friday,normal,74.0,0.0,50.0,0.0,57.0
5:00:00 AM,13,Friday,high,131.0,0.0,50.0,0.0,0.0
5:15:00 AM,13,Friday,normal,96.0,0.0,50.0,0.0,0.0
5:30:00 AM,13,Friday,normal,95.0,0.0,50.0,0.0,42.0
5:45:00 AM,13,Friday,high,137.0,0.0,50.0,0.0,0.0
6:00:00 AM,13,Friday,normal,106.0,0.0,50.0,0.0,21.0
6:15:00 AM,13,Friday,high,127.0,0.0,50.0,0.0,0.0
6:30:00 AM,13,Friday,normal,56.0,0.0,50.0,0.0,34.0
6:45:00 AM,13,Friday,normal,90.0,0.0,50.0,0.0,0.0
7:00:00 AM,13,Friday,normal,88.0,0.0,50.0,0.0,0.0
7:15:00 AM,13,Friday,normal,75.0,0.0,50.0,0.0,13.0
7:30:00 AM,13,Friday,normal,88.0,0.0,50.0,0.0,36.0
7:45:00 AM,13,Friday,high,124.0,0.0,50.0,0.0,4.0
8:00:00 AM,13,Friday,high,128.0,0.0,50.0,0.0,1.0
8:15:00 AM,13,Friday,high,129.0,0.0,50.0,0.0,0.0
8:30:00 AM,13,Friday,high,121.0,0.0,50.0,0.0,0.0
8:45:00 AM,13,Friday,normal,104.0,0.0,50.0,0.0,100.0
9:00:00 AM,13,Friday,heavy,204.0,23.99999999999998,30.000000000000014,59.99999999999994,0.0
9:15:00 AM,13,Friday,heavy,179.0,0.0,50.0,0.0,0.0
9:30:00 AM,13,Friday,heavy,178.0,0.0,50.0,0.0,8.0
9:45:00 AM,13,Friday,heavy,186.0,5.9999999999999885,45.00000000000001,14.99999999999997,0.0
10:00:00 AM,13,Friday,heavy,177.0,0.0,50.0,0.0,35.0
10:15:00 AM,13,Friday,heavy,212.0,31.999999999999982,23.33333333333335,79.99999999999996,0.0
10:30:00 AM,13,Friday,heavy,197.0,16.999999999999986,35.83333333333334,42.499999999999964,0.0
10:45:00 AM,13,Friday,normal,163.0,0.0,50.0,0.0,17.0
11:00:00 AM,13,Friday,heavy,180.0,0.0,50.0,0.0,0.0
11:15:00 AM,13,Friday,normal,155.0,0.0,50.0,0.0,12.0
11:30:00 AM,13,Friday,normal,167.0,0.0,50.0,0.0,22.0
11:45:00 AM,13,Friday,heavy,189.0,8.999999999999982,42.500000000000014,22.499999999999954,0.0
12:00:00 PM,13,Friday,heavy,180.0,0.0,50.0,0.0,4.0
12:15:00 PM,13,Friday,heavy,184.0,4.000000000000001,46.666666666666664,10.000000000000002,0.0
12:30:00 PM,13,Friday,heavy,170.0,0.0,50.0,0.0,15.0
12:45:00 PM,13,Friday,heavy,185.0,4.999999999999982,45.83333333333335,12.499999999999956,0.0
1:00:00 PM,13,Friday,normal,157.0,0.0,50.0,0.0,22.0
1:15:00 PM,13,Friday,heavy,179.0,0.0,50.0,0.0,0.0
1:30:00 PM,13,Friday,normal,160.0,0.0,50.0,0.0,0.0
1:45:00 PM,13,Friday,normal,152.0,0.0,50.0,0.0,49.0
2:00:00 PM,13,Friday,heavy,201.0,20.999999999999986,32.500000000000014,52.499999999999964,0.0
2:15:00 PM,13,Friday,heavy,185.0,4.999999999999982,45.83333333333335,12.499999999999956,0.0
2:30:00 PM,13,Friday,heavy,185.0,4.999999999999982,45.83333333333335,12.499999999999956,0.0
2:45:00 PM,13,Friday,normal,164.0,0.0,50.0,0.0,0.0
3:00:00 PM,13,Friday,low,93.0,0.0,50.0,0.0,22.0
3:15:00 PM,13,Friday,normal,115.0,0.0,50.0,0.0,0.0
3:30:00 PM,13,Friday,low,80.0,0.0,50.0,0.0,0.0
3:45:00 PM,13,Friday,low,75.0,0.0,50.0,0.0,16.0
4:00:00 PM,13,Friday,normal,91.0,0.0,50.0,0.0,20.0
4:15:00 PM,13,Friday,normal,111.0,0.0,50.0,0.0,0.0
4:30:00 PM,13,Friday,low,96.0,0.0,50.0,0.0,0.0
4:45:00 PM,13,Friday,low,91.0,0.0,50.0,0.0,17.0
5:00:00 PM,13,Friday,low,108.0,0.0,50.0,0.0,0.0
5:15:00 PM,13,Friday,low,75.0,0.0,50.0,0.0,0.0
5:30:00 PM,13,Friday,low,75.0,0.0,50.0,0.0,15.0
5:45:00 PM,13,Friday,low,90.0,0.0,50.0,0.0,14.0
6:00:00 PM,13,Friday,low,104.0,0.0,50.0,0.0,0.0
6:15:00 PM,13,Friday,low,95.0,0.0,50.0,0.0,0.0
6:30:00 PM,13,Friday,low,90.0,0.0,50.0,0.0,17.0
6:45:00 PM,13,Friday,normal,107.0,0.0,50.0,0.0,0.0
7:00:00 PM,13,Friday,normal,70.0,0.0,50.0,0.0,23.0
7:15:00 PM,13,Friday,normal,93.0,0.0,50.0,0.0,0.0
7:30:00 PM,13,Friday,normal,66.0,0.0,50.0,0.0,32.0
7:45:00 PM,13,Friday,normal,98.0,0.0,50.0,0.0,0.0
8:00:00 PM,13,Friday,normal,74.0,0.0,50.0,0.0,0.0
8:15:00 PM,13,Friday,normal,62.0,0.0,50.0,0.0,29.0
8:30:00 PM,13,Friday,normal,91.0,0.0,50.0,0.0,0.0
8:45:00 PM,13,Friday,normal,63.0,0.0,50.0,0.0,0.0
9:00:00 PM,13,Friday,normal,57.0,0.0,50.0,0.0,36.0
9:15:00 PM,13,Friday,normal,93.0,0.0,50.0,0.0,0.0
9:30:00 PM,13,Friday,normal,73.0,0.0,50.0,0.0,0.0
9:45:00 PM,13,Friday,normal,40.0,0.0,50.0,0.0,4.0
10:00:00 PM,13,Friday,normal,44.0,0.0,50.0,0.0,0.0
10:15:00 PM,13,Friday,normal,39.0,0.0,50.0,0.0,8.0
10:30:00 PM,13,Friday,normal,47.0,0.0,50.0,0.0,9.0
10:45:00 PM,13,Friday,normal,56.0,0.0,50.0,0.0,0.0
11:00:00 PM,13,Friday,normal,49.0,0.0,50.0,0.0,0.0
11:15:00 PM,13,Friday,normal,45.0,0.0,50.0,0.0,0.0
11:30:00 PM,13,Friday,normal,41.0,0.0,50.0,0.0,6.0
11:45:00 PM,13,Friday,normal,47.0,0.0,50.0,0.0,0.0
12:00:00 AM,14,Saturday,normal,47.0,0.0,50.0,0.0,0.0
12:15:00 AM,14,Saturday,normal,28.0,0.0,50.0,0.0,22.0
12:30:00 AM,14,Saturday,normal,50.0,0.0,50.0,0.0,0.0
12:45:00 AM,14,Saturday,normal,38.0,0.0,50.0,0.0,11.0
1:00:00 AM,14,Saturday,normal,49.0,0.0,50.0,0.0,0.0
1:15:00 AM,14,Saturday,normal,48.0,0.0,50.0,0.0,0.0
1:30:00 AM,14,Saturday,normal,45.0,0.0,50.0,0.0,0.0
1:45:00 AM,14,Saturday,normal,37.0,0.0,50.0,0.0,6.0
2:00:00 AM,14,Saturday,normal,43.0,0.0,50.0,0.0,3.0
2:15:00 AM,14,Saturday,normal,46.0,0.0,50.0,0.0,0.0
2:30:00 AM,14,Saturday,normal,42.0,0.0,50.0,0.0,0.0
2:45:00 AM,14,Saturday,normal,36.0,0.0,50.0,0.0,5.0
3:00:00 AM,14,Saturday,normal,41.0,0.0,50.0,0.0,0.0
3:15:00 AM,14,Saturday,normal,40.0,0.0,50.0,0.0,0.0
3:30:00 AM,14,Saturday,normal,30.0,0.0,50.0,0.0,15.0
3:45:00 AM,14,Saturday,normal,45.0,0.0,50.0,0.0,42.0
4:00:00 AM,14,Saturday,normal,87.0,0.0,50.0,0.0,8.0
4:15:00 AM,14,Saturday,low,95.0,0.0,50.0,0.0,23.0
4:30:00 AM,14,Saturday,normal,118.0,0.0,50.0,0.0,1.0
4:45:00 AM,14,Saturday,normal,119.0,0.0,50.0,0.0,0.0
5:00:00 AM,14,Saturday,normal,112.0,0.0,50.0,0.0,9.0
5:15:00 AM,14,Saturday,normal,121.0,0.0,50.0,0.0,0.0
5:30:00 AM,14,Saturday,normal,118.0,0.0,50.0,0.0,53.0
5:45:00 AM,14,Saturday,heavy,171.0,0.0,50.0,0.0,0.0
6:00:00 AM,14,Saturday,normal,146.0,0.0,50.0,0.0,29.0
6:15:00 AM,14,Saturday,heavy,175.0,0.0,50.0,0.0,0.0
6:30:00 AM,14,Saturday,normal,158.0,0.0,50.0,0.0,0.0
6:45:00 AM,14,Saturday,normal,135.0,0.0,50.0,0.0,27.0
7:00:00 AM,14,Saturday,normal,162.0,0.0,50.0,0.0,30.0
7:15:00 AM,14,Saturday,heavy,192.0,12.000000000000002,40.0,30.000000000000004,0.0
7:30:00 AM,14,Saturday,heavy,171.0,0.0,50.0,0.0,35.0
7:45:00 AM,14,Saturday,heavy,206.0,25.999999999999993,28.33333333333334,64.99999999999997,0.0
8:00:00 AM,14,Saturday,normal,142.0,0.0,50.0,0.0,55.0
8:15:00 AM,14,Saturday,heavy,197.0,16.999999999999986,35.83333333333334,42.499999999999964,0.0
8:30:00 AM,14,Saturday,heavy,175.0,0.0,50.0,0.0,0.0
8:45:00 AM,14,Saturday,normal,139.0,0.0,50.0,0.0,0.0
9:00:00 AM,14,Saturday,normal,76.0,0.0,50.0,0.0,42.0
9:15:00 AM,14,Saturday,normal,118.0,0.0,50.0,0.0,0.0
9:30:00 AM,14,Saturday,low,103.0,0.0,50.0,0.0,0.0
9:45:00 AM,14,Saturday,low,75.0,0.0,50.0,0.0,0.0
10:00:00 AM,14,Saturday,normal,75.0,0.0,50.0,0.0,9.0
10:15:00 AM,14,Saturday,normal,84.0,0.0,50.0,0.0,0.0
10:30:00 AM,14,Saturday,normal,79.0,0.0,50.0,0.0,0.0
10:45:00 AM,14,Saturday,normal,74.0,0.0,50.0,0.0,3.0
11:00:00 AM,14,Saturday,normal,77.0,0.0,50.0,0.0,24.0
11:15:00 AM,14,Saturday,normal,101.0,0.0,50.0,0.0,0.0
11:30:00 AM,14,Saturday,normal,91.0,0.0,50.0,0.0,0.0
11:45:00 AM,14,Saturday,normal,70.0,0.0,50.0,0.0,0.0
12:00:00 PM,14,Saturday,normal,67.0,0.0,50.0,0.0,12.0
12:15:00 PM,14,Saturday,normal,79.0,0.0,50.0,0.0,0.0
12:30:00 PM,14,Saturday,normal,70.0,0.0,50.0,0.0,0.0
12:45:00 PM,14,Saturday,normal,69.0,0.0,50.0,0.0,49.0
1:00:00 PM,14,Saturday,normal,118.0,0.0,50.0,0.0,0.0
1:15:00 PM,14,Saturday,normal,112.0,0.0,50.0,0.0,0.0
1:30:00 PM,14,Saturday,normal,61.0,0.0,50.0,0.0,91.0
1:45:00 PM,14,Saturday,high,152.0,0.0,50.0,0.0,0.0
2:00:00 PM,14,Saturday,normal,141.0,0.0,50.0,0.0,0.0
2:15:00 PM,14,Saturday,low,58.0,0.0,50.0,0.0,56.0
2:30:00 PM,14,Saturday,high,114.0,0.0,50.0,0.0,0.0
2:45:00 PM,14,Saturday,normal,97.0,0.0,50.0,0.0,0.0
3:00:00 PM,14,Saturday,low,25.0,0.0,50.0,0.0,125.0
3:15:00 PM,14,Saturday,high,150.0,0.0,50.0,0.0,0.0
3:30:00 PM,14,Saturday,normal,94.0,0.0,50.0,0.0,82.0
3:45:00 PM,14,Saturday,heavy,176.0,0.0,50.0,0.0,0.0
4:00:00 PM,14,Saturday,heavy,173.0,0.0,50.0,0.0,31.0
4:15:00 PM,14,Saturday,heavy,204.0,23.99999999999998,30.000000000000014,59.99999999999994,0.0
4:30:00 PM,14,Saturday,normal,153.0,0.0,50.0,0.0,19.0
4:45:00 PM,14,Saturday,heavy,172.0,0.0,50.0,0.0,43.0
5:00:00 PM,14,Saturday,heavy,215.0,35.0,20.833333333333332,87.5,0.0
5:15:00 PM,14,Saturday,heavy,196.0,15.999999999999979,36.66666666666668,39.99999999999994,0.0
5:30:00 PM,14,Saturday,heavy,181.0,0.9999999999999815,49.16666666666668,2.4999999999999534,21.0
5:45:00 PM,14,Saturday,heavy,202.0,21.999999999999993,31.666666666666675,54.99999999999998,0.0
6:00:00 PM,14,Saturday,heavy,173.0,0.0,50.0,0.0,0.0
6:15:00 PM,14,Saturday,normal,130.0,0.0,50.0,0.0,19.0
6:30:00 PM,14,Saturday,high,149.0,0.0,50.0,0.0,0.0
6:45:00 PM,14,Saturday,normal,145.0,0.0,50.0,0.0,20.0
7:00:00 PM,14,Saturday,high,165.0,0.0,50.0,0.0,0.0
7:15:00 PM,14,Saturday,normal,103.0,0.0,50.0,0.0,6.0
7:30:00 PM,14,Saturday,normal,109.0,0.0,50.0,0.0,0.0
7:45:00 PM,14,Saturday,low,105.0,0.0,50.0,0.0,39.0
8:00:00 PM,14,Saturday,high,144.0,0.0,50.0,0.0,0.0
8:15:00 PM,14,Saturday,normal,126.0,0.0,50.0,0.0,0.0
8:30:00 PM,14,Saturday,normal,95.0,0.0,50.0,0.0,24.0
8:45:00 PM,14,Saturday,normal,119.0,0.0,50.0,0.0,19.0
9:00:00 PM,14,Saturday,normal,138.0,0.0,50.0,0.0,0.0
9:15:00 PM,14,Saturday,normal,112.0,0.0,50.0,0.0,30.0
9:30:00 PM,14,Saturday,normal,142.0,0.0,50.0,0.0,0.0
9:45:00 PM,14,Saturday,normal,36.0,0.0,50.0,0.0,8.0
10:00:00 PM,14,Saturday,normal,44.0,0.0,50.0,0.0,11.0
10:15:00 PM,14,Saturday,normal,55.0,0.0,50.0,0.0,0.0
10:30:00 PM,14,Saturday,normal,43.0,0.0,50.0,0.0,0.0
10:45:00 PM,14,Saturday,normal,37.0,0.0,50.0,0.0,0.0
11:00:00 PM,14,Saturday,normal,30.0,0.0,50.0,0.0,2.0
11:15:00 PM,14,Saturday,normal,32.0,0.0,50.0,0.0,3.0
11:30:00 PM,14,Saturday,normal,35.0,0.0,50.0,0.0,0.0
11:45:00 PM,14,Saturday,normal,29.0,0.0,50.0,0.0,19.0
12:00:00 AM,15,Sunday,normal,48.0,0.0,50.0,0.0,0.0
12:15:00 AM,15,Sunday,normal,33.0,0.0,50.0,0.0,6.0
12:30:00 AM,15,Sunday,normal,39.0,0.0,50.0,0.0,0.0
12:45:00 AM,15,Sunday,normal,39.0,0.0,50.0,0.0,4.0
1:00:00 AM,15,Sunday,normal,43.0,0.0,50.0,0.0,0.0
1:15:00 AM,15,Sunday,normal,41.0,0.0,50.0,0.0,0.0
1:30:00 AM,15,Sunday,normal,33.0,0.0,50.0,0.0,0.0
1:45:00 AM,15,Sunday,normal,33.0,0.0,50.0,0.0,0.0
2:00:00 AM,15,Sunday,normal,31.0,0.0,50.0,0.0,0.0
2:15:00 AM,15,Sunday,normal,28.0,0.0,50.0,0.0,20.0
2:30:00 AM,15,Sunday,normal,48.0,0.0,50.0,0.0,0.0
2:45:00 AM,15,Sunday,normal,37.0,0.0,50.0,0.0,2.0
3:00:00 AM,15,Sunday,normal,39.0,0.0,50.0,0.0,0.0
3:15:00 AM,15,Sunday,normal,38.0,0.0,50.0,0.0,16.0
3:30:00 AM,15,Sunday,normal,54.0,0.0,50.0,0.0,0.0
3:45:00 AM,15,Sunday,normal,38.0,0.0,50.0,0.0,61.0
4:00:00 AM,15,Sunday,low,99.0,0.0,50.0,0.0,7.0
4:15:00 AM,15,Sunday,normal,106.0,0.0,50.0,0.0,0.0
4:30:00 AM,15,Sunday,low,78.0,0.0,50.0,0.0,18.0
4:45:00 AM,15,Sunday,normal,96.0,0.0,50.0,0.0,5.0
5:00:00 AM,15,Sunday,normal,101.0,0.0,50.0,0.0,10.0
5:15:00 AM,15,Sunday,normal,111.0,0.0,50.0,0.0,0.0
5:30:00 AM,15,Sunday,normal,81.0,0.0,50.0,0.0,96.0
5:45:00 AM,15,Sunday,heavy,177.0,0.0,50.0,0.0,3.0
6:00:00 AM,15,Sunday,heavy,180.0,0.0,50.0,0.0,9.0
6:15:00 AM,15,Sunday,heavy,189.0,8.999999999999982,42.500000000000014,22.499999999999954,0.0
6:30:00 AM,15,Sunday,heavy,169.0,0.0,50.0,0.0,0.0
6:45:00 AM,15,Sunday,normal,152.0,0.0,50.0,0.0,25.0
7:00:00 AM,15,Sunday,heavy,177.0,0.0,50.0,0.0,17.0
7:15:00 AM,15,Sunday,heavy,194.0,13.99999999999999,38.33333333333334,34.99999999999997,0.0
7:30:00 AM,15,Sunday,normal,158.0,0.0,50.0,0.0,0.0
7:45:00 AM,15,Sunday,normal,142.0,0.0,50.0,0.0,0.0
8:00:00 AM,15,Sunday,normal,123.0,0.0,50.0,0.0,8.0
8:15:00 AM,15,Sunday,normal,131.0,0.0,50.0,0.0,51.0
8:30:00 AM,15,Sunday,heavy,182.0,1.999999999999988,48.33333333333334,4.99999999999997,0.0
8:45:00 AM,15,Sunday,heavy,179.0,0.0,50.0,0.0,0.0
9:00:00 AM,15,Sunday,normal,103.0,0.0,50.0,0.0,0.0
9:15:00 AM,15,Sunday,normal,100.0,0.0,50.0,0.0,1.0
9:30:00 AM,15,Sunday,low,101.0,0.0,50.0,0.0,0.0
9:45:00 AM,15,Sunday,normal,94.0,0.0,50.0,0.0,37.0
10:00:00 AM,15,Sunday,high,131.0,0.0,50.0,0.0,0.0
10:15:00 AM,15,Sunday,low,75.0,0.0,50.0,0.0,37.0
10:30:00 AM,15,Sunday,normal,112.0,0.0,50.0,0.0,0.0
10:45:00 AM,15,Sunday,normal,79.0,0.0,50.0,0.0,33.0
11:00:00 AM,15,Sunday,normal,112.0,0.0,50.0,0.0,0.0
11:15:00 AM,15,Sunday,normal,69.0,0.0,50.0,0.0,36.0
11:30:00 AM,15,Sunday,normal,105.0,0.0,50.0,0.0,0.0
11:45:00 AM,15,Sunday,normal,104.0,0.0,50.0,0.0,0.0
12:00:00 PM,15,Sunday,normal,94.0,0.0,50.0,0.0,0.0
12:15:00 PM,15,Sunday,normal,89.0,0.0,50.0,0.0,0.0
12:30:00 PM,15,Sunday,normal,65.0,0.0,50.0,0.0,27.0
12:45:00 PM,15,Sunday,normal,92.0,0.0,50.0,0.0,0.0
1:00:00 PM,15,Sunday,low,77.0,0.0,50.0,0.0,13.0
1:15:00 PM,15,Sunday,normal,90.0,0.0,50.0,0.0,0.0
1:30:00 PM,15,Sunday,normal,70.0,0.0,50.0,0.0,80.0
1:45:00 PM,15,Sunday,normal,150.0,0.0,50.0,0.0,0.0
2:00:00 PM,15,Sunday,normal,150.0,0.0,50.0,0.0,0.0
2:15:00 PM,15,Sunday,high,142.0,0.0,50.0,0.0,0.0
2:30:00 PM,15,Sunday,low,71.0,0.0,50.0,0.0,17.0
2:45:00 PM,15,Sunday,low,88.0,0.0,50.0,0.0,0.0
3:00:00 PM,15,Sunday,low,71.0,0.0,50.0,0.0,0.0
3:15:00 PM,15,Sunday,normal,39.0,0.0,50.0,0.0,32.0
3:30:00 PM,15,Sunday,low,71.0,0.0,50.0,0.0,106.0
3:45:00 PM,15,Sunday,heavy,177.0,0.0,50.0,0.0,34.0
4:00:00 PM,15,Sunday,heavy,211.0,31.0,24.166666666666664,77.5,0.0
4:15:00 PM,15,Sunday,heavy,178.0,0.0,50.0,0.0,17.0
4:30:00 PM,15,Sunday,heavy,195.0,14.999999999999996,37.5,37.499999999999986,0.0
4:45:00 PM,15,Sunday,heavy,192.0,12.000000000000002,40.0,30.000000000000004,0.0
5:00:00 PM,15,Sunday,heavy,184.0,4.000000000000001,46.666666666666664,10.000000000000002,0.0
5:15:00 PM,15,Sunday,heavy,184.0,4.000000000000001,46.666666666666664,10.000000000000002,0.0
5:30:00 PM,15,Sunday,normal,162.0,0.0,50.0,0.0,19.0
5:45:00 PM,15,Sunday,heavy,181.0,0.9999999999999815,49.16666666666668,2.4999999999999534,15.0
6:00:00 PM,15,Sunday,heavy,196.0,15.999999999999979,36.66666666666668,39.99999999999994,0.0
6:15:00 PM,15,Sunday,heavy,196.0,15.999999999999979,36.66666666666668,39.99999999999994,0.0
6:30:00 PM,15,Sunday,normal,113.0,0.0,50.0,0.0,33.0
6:45:00 PM,15,Sunday,normal,146.0,0.0,50.0,0.0,0.0
7:00:00 PM,15,Sunday,normal,146.0,0.0,50.0,0.0,0.0
7:15:00 PM,15,Sunday,low,90.0,0.0,50.0,0.0,56.0
7:30:00 PM,15,Sunday,normal,146.0,0.0,50.0,0.0,9.0
7:45:00 PM,15,Sunday,normal,155.0,0.0,50.0,0.0,0.0
8:00:00 PM,15,Sunday,high,127.0,0.0,50.0,0.0,9.0
8:15:00 PM,15,Sunday,normal,136.0,0.0,50.0,0.0,13.0
8:30:00 PM,15,Sunday,normal,149.0,0.0,50.0,0.0,0.0
8:45:00 PM,15,Sunday,normal,127.0,0.0,50.0,0.0,26.0
9:00:00 PM,15,Sunday,normal,153.0,0.0,50.0,0.0,0.0
9:15:00 PM,15,Sunday,normal,141.0,0.0,50.0,0.0,0.0
9:30:00 PM,15,Sunday,normal,141.0,0.0,50.0,0.0,0.0
9:45:00 PM,15,Sunday,normal,35.0,0.0,50.0,0.0,12.0
10:00:00 PM,15,Sunday,normal,47.0,0.0,50.0,0.0,8.0
10:15:00 PM,15,Sunday,normal,55.0,0.0,50.0,0.0,0.0
10:30:00 PM,15,Sunday,normal,46.0,0.0,50.0,0.0,0.0
10:45:00 PM,15,Sunday,normal,41.0,0.0,50.0,0.0,11.0
11:00:00 PM,15,Sunday,normal,52.0,0.0,50.0,0.0,0.0
11:15:00 PM,15,Sunday,normal,35.0,0.0,50.0,0.0,7.0
11:30:00 PM,15,Sunday,normal,42.0,0.0,50.0,0.0,9.0
11:45:00 PM,15,Sunday,normal,51.0,0.0,50.0,0.0,3.0
12:00:00 AM,16,Monday,normal,54.0,0.0,50.0,0.0,0.0
12:15:00 AM,16,Monday,normal,37.0,0.0,50.0,0.0,13.0
12:30:00 AM,16,Monday,normal,50.0,0.0,50.0,0.0,0.0
12:45:00 AM,16,Monday,normal,30.0,0.0,50.0,0.0,17.0
1:00:00 AM,16,Monday,normal,47.0,0.0,50.0,0.0,0.0
1:15:00 AM,16,Monday,normal,46.0,0.0,50.0,0.0,0.0
1:30:00 AM,16,Monday,normal,41.0,0.0,50.0,0.0,1.0
1:45:00 AM,16,Monday,normal,42.0,0.0,50.0,0.0,7.0
2:00:00 AM,16,Monday,normal,49.0,0.0,50.0,0.0,1.0
2:15:00 AM,16,Monday,normal,50.0,0.0,50.0,0.0,0.0
2:30:00 AM,16,Monday,normal,41.0,0.0,50.0,0.0,0.0
2:45:00 AM,16,Monday,normal,41.0,0.0,50.0,0.0,8.0
3:00:00 AM,16,Monday,normal,49.0,0.0,50.0,0.0,0.0
3:15:00 AM,16,Monday,normal,41.0,0.0,50.0,0.0,0.0
3:30:00 AM,16,Monday,normal,41.0,0.0,50.0,0.0,0.0
3:45:00 AM,16,Monday,normal,35.0,0.0,50.0,0.0,61.0
4:00:00 AM,16,Monday,normal,96.0,0.0,50.0,0.0,9.0
4:15:00 AM,16,Monday,normal,105.0,0.0,50.0,0.0,0.0
4:30:00 AM,16,Monday,normal,105.0,0.0,50.0,0.0,0.0
4:45:00 AM,16,Monday,normal,98.0,0.0,50.0,0.0,13.0
5:00:00 AM,16,Monday,normal,111.0,0.0,50.0,0.0,12.0
5:15:00 AM,16,Monday,normal,123.0,0.0,50.0,0.0,0.0
5:30:00 AM,16,Monday,normal,96.0,0.0,50.0,0.0,55.0
5:45:00 AM,16,Monday,normal,151.0,0.0,50.0,0.0,38.0
6:00:00 AM,16,Monday,heavy,189.0,8.999999999999982,42.500000000000014,22.499999999999954,0.0
6:15:00 AM,16,Monday,normal,147.0,0.0,50.0,0.0,0.0
6:30:00 AM,16,Monday,normal,126.0,0.0,50.0,0.0,26.0
6:45:00 AM,16,Monday,normal,152.0,0.0,50.0,0.0,0.0
7:00:00 AM,16,Monday,normal,136.0,0.0,50.0,0.0,35.0
7:15:00 AM,16,Monday,heavy,171.0,0.0,50.0,0.0,0.0
7:30:00 AM,16,Monday,normal,153.0,0.0,50.0,0.0,35.0
7:45:00 AM,16,Monday,heavy,188.0,8.000000000000002,43.333333333333336,20.000000000000004,0.0
8:00:00 AM,16,Monday,heavy,178.0,0.0,50.0,0.0,0.0
8:15:00 AM,16,Monday,normal,124.0,0.0,50.0,0.0,65.0
8:30:00 AM,16,Monday,heavy,189.0,8.999999999999982,42.500000000000014,22.499999999999954,0.0
8:45:00 AM,16,Monday,normal,163.0,0.0,50.0,0.0,0.0
9:00:00 AM,16,Monday,normal,107.0,0.0,50.0,0.0,0.0
9:15:00 AM,16,Monday,normal,100.0,0.0,50.0,0.0,0.0
9:30:00 AM,16,Monday,normal,73.0,0.0,50.0,0.0,44.0
9:45:00 AM,16,Monday,normal,117.0,0.0,50.0,0.0,0.0
10:00:00 AM,16,Monday,normal,97.0,0.0,50.0,0.0,25.0
10:15:00 AM,16,Monday,normal,122.0,0.0,50.0,0.0,0.0
10:30:00 AM,16,Monday,low,94.0,0.0,50.0,0.0,0.0
10:45:00 AM,16,Monday,normal,92.0,0.0,50.0,0.0,9.0
11:00:00 AM,16,Monday,normal,101.0,0.0,50.0,0.0,0.0
11:15:00 AM,16,Monday,normal,87.0,0.0,50.0,0.0,0.0
11:30:00 AM,16,Monday,normal,62.0,0.0,50.0,0.0,16.0
11:45:00 AM,16,Monday,normal,78.0,0.0,50.0,0.0,0.0
12:00:00 PM,16,Monday,normal,74.0,0.0,50.0,0.0,29.0
12:15:00 PM,16,Monday,normal,103.0,0.0,50.0,0.0,0.0
12:30:00 PM,16,Monday,normal,71.0,0.0,50.0,0.0,0.0
12:45:00 PM,16,Monday,normal,69.0,0.0,50.0,0.0,57.0
1:00:00 PM,16,Monday,normal,126.0,0.0,50.0,0.0,0.0
1:15:00 PM,16,Monday,normal,78.0,0.0,50.0,0.0,7.0
1:30:00 PM,16,Monday,normal,85.0,0.0,50.0,0.0,23.0
1:45:00 PM,16,Monday,normal,108.0,0.0,50.0,0.0,0.0
2:00:00 PM,16,Monday,normal,97.0,0.0,50.0,0.0,0.0
2:15:00 PM,16,Monday,normal,63.0,0.0,50.0,0.0,0.0
2:30:00 PM,16,Monday,normal,55.0,0.0,50.0,0.0,17.0
2:45:00 PM,16,Monday,low,72.0,0.0,50.0,0.0,76.0
3:00:00 PM,16,Monday,normal,148.0,0.0,50.0,0.0,0.0
3:15:00 PM,16,Monday,normal,65.0,0.0,50.0,0.0,16.0
3:30:00 PM,16,Monday,low,81.0,0.0,50.0,0.0,92.0
3:45:00 PM,16,Monday,heavy,173.0,0.0,50.0,0.0,17.0
4:00:00 PM,16,Monday,heavy,190.0,9.99999999999999,41.66666666666667,24.99999999999997,29.0
4:15:00 PM,16,Monday,heavy,219.0,39.0,17.5,97.5,0.0
4:30:00 PM,16,Monday,heavy,184.0,4.000000000000001,46.666666666666664,10.000000000000002,0.0
4:45:00 PM,16,Monday,heavy,178.0,0.0,50.0,0.0,6.0
5:00:00 PM,16,Monday,heavy,184.0,4.000000000000001,46.666666666666664,10.000000000000002,0.0
5:15:00 PM,16,Monday,heavy,171.0,0.0,50.0,0.0,0.0
5:30:00 PM,16,Monday,normal,155.0,0.0,50.0,0.0,34.0
5:45:00 PM,16,Monday,heavy,189.0,8.999999999999982,42.500000000000014,22.499999999999954,23.0
6:00:00 PM,16,Monday,heavy,212.0,31.999999999999982,23.33333333333335,79.99999999999996,0.0
6:15:00 PM,16,Monday,heavy,201.0,20.999999999999986,32.500000000000014,52.499999999999964,0.0
6:30:00 PM,16,Monday,normal,149.0,0.0,50.0,0.0,0.0
6:45:00 PM,16,Monday,high,136.0,0.0,50.0,0.0,17.0
7:00:00 PM,16,Monday,high,153.0,0.0,50.0,0.0,0.0
7:15:00 PM,16,Monday,normal,114.0,0.0,50.0,0.0,0.0
7:30:00 PM,16,Monday,normal,114.0,0.0,50.0,0.0,40.0
7:45:00 PM,16,Monday,normal,154.0,0.0,50.0,0.0,0.0
8:00:00 PM,16,Monday,normal,149.0,0.0,50.0,0.0,0.0
8:15:00 PM,16,Monday,high,126.0,0.0,50.0,0.0,0.0
8:30:00 PM,16,Monday,normal,126.0,0.0,50.0,0.0,18.0
8:45:00 PM,16,Monday,normal,144.0,0.0,50.0,0.0,0.0
9:00:00 PM,16,Monday,normal,99.0,0.0,50.0,0.0,21.0
9:15:00 PM,16,Monday,high,120.0,0.0,50.0,0.0,16.0
9:30:00 PM,16,Monday,normal,136.0,0.0,50.0,0.0,0.0
9:45:00 PM,16,Monday,normal,46.0,0.0,50.0,0.0,1.0
10:00:00 PM,16,Monday,normal,47.0,0.0,50.0,0.0,0.0
10:15:00 PM,16,Monday,normal,45.0,0.0,50.0,0.0,0.0
10:30:00 PM,16,Monday,normal,38.0,0.0,50.0,0.0,0.0
10:45:00 PM,16,Monday,normal,32.0,0.0,50.0,0.0,7.0
11:00:00 PM,16,Monday,normal,39.0,0.0,50.0,0.0,9.0
11:15:00 PM,16,Monday,normal,48.0,0.0,50.0,0.0,8.0
11:30:00 PM,16,Monday,normal,56.0,0.0,50.0,0.0,0.0
11:45:00 PM,16,Monday,normal,40.0,0.0,50.0,0.0,3.0
12:00:00 AM,17,Tuesday,normal,43.0,0.0,50.0,0.0,0.0
12:15:00 AM,17,Tuesday,normal,31.0,0.0,50.0,0.0,5.0
12:30:00 AM,17,Tuesday,normal,36.0,0.0,50.0,0.0,9.0
12:45:00 AM,17,Tuesday,normal,45.0,0.0,50.0,0.0,0.0
1:00:00 AM,17,Tuesday,normal,45.0,0.0,50.0,0.0,0.0
1:15:00 AM,17,Tuesday,normal,35.0,0.0,50.0,0.0,0.0
1:30:00 AM,17,Tuesday,normal,31.0,0.0,50.0,0.0,15.0
1:45:00 AM,17,Tuesday,normal,46.0,0.0,50.0,0.0,11.0
2:00:00 AM,17,Tuesday,normal,57.0,0.0,50.0,0.0,0.0
2:15:00 AM,17,Tuesday,normal,45.0,0.0,50.0,0.0,6.0
2:30:00 AM,17,Tuesday,normal,51.0,0.0,50.0,0.0,0.0
2:45:00 AM,17,Tuesday,normal,50.0,0.0,50.0,0.0,1.0
3:00:00 AM,17,Tuesday,normal,51.0,0.0,50.0,0.0,0.0
3:15:00 AM,17,Tuesday,normal,50.0,0.0,50.0,0.0,0.0
3:30:00 AM,17,Tuesday,normal,45.0,0.0,50.0,0.0,13.0
3:45:00 AM,17,Tuesday,normal,58.0,0.0,50.0,0.0,48.0
4:00:00 AM,17,Tuesday,low,106.0,0.0,50.0,0.0,9.0
4:15:00 AM,17,Tuesday,normal,115.0,0.0,50.0,0.0,0.0
4:30:00 AM,17,Tuesday,low,101.0,0.0,50.0,0.0,0.0
4:45:00 AM,17,Tuesday,low,77.0,0.0,50.0,0.0,17.0
5:00:00 AM,17,Tuesday,normal,94.0,0.0,50.0,0.0,4.0
5:15:00 AM,17,Tuesday,low,98.0,0.0,50.0,0.0,3.0
5:30:00 AM,17,Tuesday,normal,101.0,0.0,50.0,0.0,42.0
5:45:00 AM,17,Tuesday,normal,143.0,0.0,50.0,0.0,39.0
6:00:00 AM,17,Tuesday,heavy,182.0,1.999999999999988,48.33333333333334,4.99999999999997,0.0
6:15:00 AM,17,Tuesday,normal,129.0,0.0,50.0,0.0,50.0
6:30:00 AM,17,Tuesday,heavy,179.0,0.0,50.0,0.0,0.0
6:45:00 AM,17,Tuesday,normal,133.0,0.0,50.0,0.0,31.0
7:00:00 AM,17,Tuesday,normal,164.0,0.0,50.0,0.0,0.0
7:15:00 AM,17,Tuesday,normal,140.0,0.0,50.0,0.0,0.0
7:30:00 AM,17,Tuesday,normal,130.0,0.0,50.0,0.0,14.0
7:45:00 AM,17,Tuesday,normal,144.0,0.0,50.0,0.0,0.0
8:00:00 AM,17,Tuesday,normal,116.0,0.0,50.0,0.0,58.0
8:15:00 AM,17,Tuesday,heavy,174.0,0.0,50.0,0.0,0.0
8:30:00 AM,17,Tuesday,normal,138.0,0.0,50.0,0.0,0.0
8:45:00 AM,17,Tuesday,normal,130.0,0.0,50.0,0.0,0.0
9:00:00 AM,17,Tuesday,normal,115.0,0.0,50.0,0.0,0.0
9:15:00 AM,17,Tuesday,normal,72.0,0.0,50.0,0.0,3.0
9:30:00 AM,17,Tuesday,low,75.0,0.0,50.0,0.0,32.0
9:45:00 AM,17,Tuesday,normal,107.0,0.0,50.0,0.0,0.0
10:00:00 AM,17,Tuesday,low,92.0,0.0,50.0,0.0,0.0
10:15:00 AM,17,Tuesday,low,81.0,0.0,50.0,0.0,29.0
10:30:00 AM,17,Tuesday,low,110.0,0.0,50.0,0.0,0.0
10:45:00 AM,17,Tuesday,normal,110.0,0.0,50.0,0.0,0.0
11:00:00 AM,17,Tuesday,normal,81.0,0.0,50.0,0.0,17.0
11:15:00 AM,17,Tuesday,normal,98.0,0.0,50.0,0.0,0.0
11:30:00 AM,17,Tuesday,normal,73.0,0.0,50.0,0.0,40.0
11:45:00 AM,17,Tuesday,high,113.0,0.0,50.0,0.0,0.0
12:00:00 PM,17,Tuesday,normal,66.0,0.0,50.0,0.0,33.0
12:15:00 PM,17,Tuesday,normal,99.0,0.0,50.0,0.0,0.0
12:30:00 PM,17,Tuesday,normal,60.0,0.0,50.0,0.0,30.0
12:45:00 PM,17,Tuesday,normal,90.0,0.0,50.0,0.0,12.0
1:00:00 PM,17,Tuesday,normal,102.0,0.0,50.0,0.0,0.0
1:15:00 PM,17,Tuesday,normal,85.0,0.0,50.0,0.0,0.0
1:30:00 PM,17,Tuesday,low,47.0,0.0,50.0,0.0,28.0
1:45:00 PM,17,Tuesday,normal,75.0,0.0,50.0,0.0,0.0
2:00:00 PM,17,Tuesday,low,49.0,0.0,50.0,0.0,14.0
2:15:00 PM,17,Tuesday,normal,63.0,0.0,50.0,0.0,29.0
2:30:00 PM,17,Tuesday,normal,92.0,0.0,50.0,0.0,0.0
2:45:00 PM,17,Tuesday,normal,54.0,0.0,50.0,0.0,12.0
3:00:00 PM,17,Tuesday,normal,66.0,0.0,50.0,0.0,68.0
3:15:00 PM,17,Tuesday,high,134.0,0.0,50.0,0.0,0.0
3:30:00 PM,17,Tuesday,normal,60.0,0.0,50.0,0.0,121.0
3:45:00 PM,17,Tuesday,heavy,181.0,0.9999999999999815,49.16666666666668,2.4999999999999534,0.0
4:00:00 PM,17,Tuesday,heavy,172.0,0.0,50.0,0.0,0.0
4:15:00 PM,17,Tuesday,normal,151.0,0.0,50.0,0.0,5.0
4:30:00 PM,17,Tuesday,normal,156.0,0.0,50.0,0.0,0.0
4:45:00 PM,17,Tuesday,normal,138.0,0.0,50.0,0.0,3.0
5:00:00 PM,17,Tuesday,normal,141.0,0.0,50.0,0.0,66.0
5:15:00 PM,17,Tuesday,heavy,207.0,27.0,27.500000000000004,67.5,0.0
5:30:00 PM,17,Tuesday,normal,151.0,0.0,50.0,0.0,7.0
5:45:00 PM,17,Tuesday,normal,158.0,0.0,50.0,0.0,14.0
6:00:00 PM,17,Tuesday,heavy,172.0,0.0,50.0,0.0,15.0
6:15:00 PM,17,Tuesday,heavy,187.0,6.999999999999995,44.16666666666667,17.499999999999986,0.0
6:30:00 PM,17,Tuesday,normal,145.0,0.0,50.0,0.0,0.0
6:45:00 PM,17,Tuesday,high,141.0,0.0,50.0,0.0,0.0
7:00:00 PM,17,Tuesday,normal,113.0,0.0,50.0,0.0,36.0
7:15:00 PM,17,Tuesday,normal,149.0,0.0,50.0,0.0,0.0
7:30:00 PM,17,Tuesday,high,120.0,0.0,50.0,0.0,44.0
7:45:00 PM,17,Tuesday,normal,164.0,0.0,50.0,0.0,0.0
8:00:00 PM,17,Tuesday,normal,142.0,0.0,50.0,0.0,0.0
8:15:00 PM,17,Tuesday,normal,136.0,0.0,50.0,0.0,15.0
8:30:00 PM,17,Tuesday,normal,151.0,0.0,50.0,0.0,6.0
8:45:00 PM,17,Tuesday,high,157.0,0.0,50.0,0.0,0.0
9:00:00 PM,17,Tuesday,normal,116.0,0.0,50.0,0.0,0.0
9:15:00 PM,17,Tuesday,high,116.0,0.0,50.0,0.0,0.0
9:30:00 PM,17,Tuesday,high,113.0,0.0,50.0,0.0,0.0
9:45:00 PM,17,Tuesday,normal,40.0,0.0,50.0,0.0,0.0
10:00:00 PM,17,Tuesday,normal,32.0,0.0,50.0,0.0,0.0
10:15:00 PM,17,Tuesday,normal,29.0,0.0,50.0,0.0,18.0
10:30:00 PM,17,Tuesday,normal,47.0,0.0,50.0,0.0,0.0
10:45:00 PM,17,Tuesday,normal,39.0,0.0,50.0,0.0,10.0
11:00:00 PM,17,Tuesday,normal,49.0,0.0,50.0,0.0,0.0
11:15:00 PM,17,Tuesday,normal,42.0,0.0,50.0,0.0,0.0
11:30:00 PM,17,Tuesday,normal,42.0,0.0,50.0,0.0,15.0
11:45:00 PM,17,Tuesday,normal,57.0,0.0,50.0,0.0,0.0
12:00:00 AM,18,Wednesday,normal,52.0,0.0,50.0,0.0,0.0
12:15:00 AM,18,Wednesday,normal,42.0,0.0,50.0,0.0,0.0
12:30:00 AM,18,Wednesday,normal,36.0,0.0,50.0,0.0,0.0
12:45:00 AM,18,Wednesday,normal,36.0,0.0,50.0,0.0,0.0
1:00:00 AM,18,Wednesday,normal,32.0,0.0,50.0,0.0,19.0
1:15:00 AM,18,Wednesday,normal,51.0,0.0,50.0,0.0,0.0
1:30:00 AM,18,Wednesday,normal,34.0,0.0,50.0,0.0,11.0
1:45:00 AM,18,Wednesday,normal,45.0,0.0,50.0,0.0,0.0
2:00:00 AM,18,Wednesday,normal,44.0,0.0,50.0,0.0,10.0
2:15:00 AM,18,Wednesday,normal,54.0,0.0,50.0,0.0,0.0
2:30:00 AM,18,Wednesday,normal,44.0,0.0,50.0,0.0,0.0
2:45:00 AM,18,Wednesday,normal,38.0,0.0,50.0,0.0,0.0
3:00:00 AM,18,Wednesday,normal,32.0,0.0,50.0,0.0,6.0
3:15:00 AM,18,Wednesday,normal,38.0,0.0,50.0,0.0,0.0
3:30:00 AM,18,Wednesday,normal,37.0,0.0,50.0,0.0,15.0
3:45:00 AM,18,Wednesday,normal,52.0,0.0,50.0,0.0,66.0
4:00:00 AM,18,Wednesday,normal,118.0,0.0,50.0,0.0,0.0
4:15:00 AM,18,Wednesday,low,84.0,0.0,50.0,0.0,0.0
4:30:00 AM,18,Wednesday,low,80.0,0.0,50.0,0.0,8.0
4:45:00 AM,18,Wednesday,normal,88.0,0.0,50.0,0.0,3.0
5:00:00 AM,18,Wednesday,low,91.0,0.0,50.0,0.0,22.0
5:15:00 AM,18,Wednesday,normal,113.0,0.0,50.0,0.0,0.0
5:30:00 AM,18,Wednesday,normal,81.0,0.0,50.0,0.0,68.0
5:45:00 AM,18,Wednesday,normal,149.0,0.0,50.0,0.0,29.0
6:00:00 AM,18,Wednesday,heavy,178.0,0.0,50.0,0.0,0.0
6:15:00 AM,18,Wednesday,normal,154.0,0.0,50.0,0.0,0.0
6:30:00 AM,18,Wednesday,normal,139.0,0.0,50.0,0.0,68.0
6:45:00 AM,18,Wednesday,heavy,207.0,27.0,27.500000000000004,67.5,0.0
7:00:00 AM,18,Wednesday,heavy,201.0,20.999999999999986,32.500000000000014,52.499999999999964,0.0
7:15:00 AM,18,Wednesday,normal,166.0,0.0,50.0,0.0,1.0
7:30:00 AM,18,Wednesday,low,167.0,0.0,50.0,0.0,19.0
7:45:00 AM,18,Wednesday,heavy,186.0,5.9999999999999885,45.00000000000001,14.99999999999997,19.0
8:00:00 AM,18,Wednesday,heavy,205.0,24.999999999999986,29.16666666666668,62.499999999999964,0.0
8:15:00 AM,18,Wednesday,normal,151.0,0.0,50.0,0.0,20.0
8:30:00 AM,18,Wednesday,heavy,171.0,0.0,50.0,0.0,0.0
8:45:00 AM,18,Wednesday,normal,154.0,0.0,50.0,0.0,0.0
9:00:00 AM,18,Wednesday,normal,102.0,0.0,50.0,0.0,0.0
9:15:00 AM,18,Wednesday,low,85.0,0.0,50.0,0.0,0.0
9:30:00 AM,18,Wednesday,low,58.0,0.0,50.0,0.0,36.0
9:45:00 AM,18,Wednesday,low,94.0,0.0,50.0,0.0,0.0
10:00:00 AM,18,Wednesday,low,86.0,0.0,50.0,0.0,0.0
10:15:00 AM,18,Wednesday,normal,86.0,0.0,50.0,0.0,0.0
10:30:00 AM,18,Wednesday,normal,82.0,0.0,50.0,0.0,0.0
10:45:00 AM,18,Wednesday,normal,70.0,0.0,50.0,0.0,13.0
11:00:00 AM,18,Wednesday,normal,83.0,0.0,50.0,0.0,27.0
11:15:00 AM,18,Wednesday,normal,110.0,0.0,50.0,0.0,0.0
11:30:00 AM,18,Wednesday,normal,80.0,0.0,50.0,0.0,17.0
11:45:00 AM,18,Wednesday,normal,97.0,0.0,50.0,0.0,0.0
12:00:00 PM,18,Wednesday,normal,78.0,0.0,50.0,0.0,13.0
12:15:00 PM,18,Wednesday,normal,91.0,0.0,50.0,0.0,0.0
12:30:00 PM,18,Wednesday,normal,61.0,0.0,50.0,0.0,37.0
12:45:00 PM,18,Wednesday,normal,98.0,0.0,50.0,0.0,0.0
1:00:00 PM,18,Wednesday,normal,59.0,0.0,50.0,0.0,57.0
1:15:00 PM,18,Wednesday,normal,116.0,0.0,50.0,0.0,0.0
1:30:00 PM,18,Wednesday,low,83.0,0.0,50.0,0.0,0.0
1:45:00 PM,18,Wednesday,normal,50.0,0.0,50.0,0.0,27.0
2:00:00 PM,18,Wednesday,low,77.0,0.0,50.0,0.0,36.0
2:15:00 PM,18,Wednesday,high,113.0,0.0,50.0,0.0,0.0
2:30:00 PM,18,Wednesday,normal,89.0,0.0,50.0,0.0,38.0
2:45:00 PM,18,Wednesday,high,127.0,0.0,50.0,0.0,0.0
3:00:00 PM,18,Wednesday,normal,78.0,0.0,50.0,0.0,19.0
3:15:00 PM,18,Wednesday,low,97.0,0.0,50.0,0.0,0.0
3:30:00 PM,18,Wednesday,normal,88.0,0.0,50.0,0.0,116.0
3:45:00 PM,18,Wednesday,heavy,204.0,23.99999999999998,30.000000000000014,59.99999999999994,0.0
4:00:00 PM,18,Wednesday,high,159.0,0.0,50.0,0.0,4.0
4:15:00 PM,18,Wednesday,high,163.0,0.0,50.0,0.0,30.0
4:30:00 PM,18,Wednesday,heavy,193.0,12.999999999999984,39.166666666666686,32.49999999999996,29.0
4:45:00 PM,18,Wednesday,heavy,222.0,41.99999999999999,15.000000000000007,104.99999999999997,0.0
5:00:00 PM,18,Wednesday,normal,167.0,0.0,50.0,0.0,37.0
5:15:00 PM,18,Wednesday,heavy,204.0,23.99999999999998,30.000000000000014,59.99999999999994,0.0
5:30:00 PM,18,Wednesday,high,166.0,0.0,50.0,0.0,12.0
5:45:00 PM,18,Wednesday,heavy,178.0,0.0,50.0,0.0,0.0
6:00:00 PM,18,Wednesday,normal,162.0,0.0,50.0,0.0,34.0
6:15:00 PM,18,Wednesday,heavy,196.0,15.999999999999979,36.66666666666668,39.99999999999994,0.0
6:30:00 PM,18,Wednesday,normal,119.0,0.0,50.0,0.0,0.0
6:45:00 PM,18,Wednesday,normal,116.0,0.0,50.0,0.0,25.0
7:00:00 PM,18,Wednesday,normal,141.0,0.0,50.0,0.0,0.0
7:15:00 PM,18,Wednesday,normal,92.0,0.0,50.0,0.0,27.0
7:30:00 PM,18,Wednesday,normal,119.0,0.0,50.0,0.0,14.0
7:45:00 PM,18,Wednesday,normal,133.0,0.0,50.0,0.0,0.0
8:00:00 PM,18,Wednesday,normal,131.0,0.0,50.0,0.0,7.0
8:15:00 PM,18,Wednesday,high,138.0,0.0,50.0,0.0,0.0
8:30:00 PM,18,Wednesday,normal,103.0,0.0,50.0,0.0,23.0
8:45:00 PM,18,Wednesday,normal,126.0,0.0,50.0,0.0,0.0
9:00:00 PM,18,Wednesday,low,90.0,0.0,50.0,0.0,52.0
9:15:00 PM,18,Wednesday,normal,142.0,0.0,50.0,0.0,1.0
9:30:00 PM,18,Wednesday,normal,143.0,0.0,50.0,0.0,0.0
9:45:00 PM,18,Wednesday,normal,34.0,0.0,50.0,0.0,9.0
10:00:00 PM,18,Wednesday,normal,43.0,0.0,50.0,0.0,0.0
10:15:00 PM,18,Wednesday,normal,38.0,0.0,50.0,0.0,7.0
10:30:00 PM,18,Wednesday,normal,45.0,0.0,50.0,0.0,0.0
10:45:00 PM,18,Wednesday,normal,39.0,0.0,50.0,0.0,5.0
11:00:00 PM,18,Wednesday,normal,44.0,0.0,50.0,0.0,0.0
11:15:00 PM,18,Wednesday,normal,39.0,0.0,50.0,0.0,0.0
11:30:00 PM,18,Wednesday,normal,32.0,0.0,50.0,0.0,10.0
11:45:00 PM,18,Wednesday,normal,42.0,0.0,50.0,0.0,0.0
12:00:00 AM,19,Thursday,normal,41.0,0.0,50.0,0.0,3.0
12:15:00 AM,19,Thursday,normal,44.0,0.0,50.0,0.0,0.0
12:30:00 AM,19,Thursday,normal,33.0,0.0,50.0,0.0,0.0
12:45:00 AM,19,Thursday,normal,30.0,0.0,50.0,0.0,8.0
1:00:00 AM,19,Thursday,normal,38.0,0.0,50.0,0.0,0.0
1:15:00 AM,19,Thursday,normal,36.0,0.0,50.0,0.0,21.0
1:30:00 AM,19,Thursday,normal,57.0,0.0,50.0,0.0,0.0
1:45:00 AM,19,Thursday,normal,42.0,0.0,50.0,0.0,0.0
2:00:00 AM,19,Thursday,normal,39.0,0.0,50.0,0.0,0.0
2:15:00 AM,19,Thursday,normal,39.0,0.0,50.0,0.0,11.0
2:30:00 AM,19,Thursday,normal,50.0,0.0,50.0,0.0,3.0
2:45:00 AM,19,Thursday,normal,53.0,0.0,50.0,0.0,0.0
3:00:00 AM,19,Thursday,normal,36.0,0.0,50.0,0.0,9.0
3:15:00 AM,19,Thursday,normal,45.0,0.0,50.0,0.0,4.0
3:30:00 AM,19,Thursday,normal,49.0,0.0,50.0,0.0,0.0
3:45:00 AM,19,Thursday,normal,41.0,0.0,50.0,0.0,54.0
4:00:00 AM,19,Thursday,normal,95.0,0.0,50.0,0.0,0.0
4:15:00 AM,19,Thursday,normal,79.0,0.0,50.0,0.0,4.0
4:30:00 AM,19,Thursday,low,83.0,0.0,50.0,0.0,31.0
4:45:00 AM,19,Thursday,normal,114.0,0.0,50.0,0.0,4.0
5:00:00 AM,19,Thursday,normal,118.0,0.0,50.0,0.0,0.0
5:15:00 AM,19,Thursday,normal,96.0,0.0,50.0,0.0,22.0
5:30:00 AM,19,Thursday,normal,118.0,0.0,50.0,0.0,20.0
5:45:00 AM,19,Thursday,normal,138.0,0.0,50.0,0.0,16.0
6:00:00 AM,19,Thursday,normal,154.0,0.0,50.0,0.0,4.0
6:15:00 AM,19,Thursday,normal,158.0,0.0,50.0,0.0,16.0
6:30:00 AM,19,Thursday,heavy,174.0,0.0,50.0,0.0,0.0
6:45:00 AM,19,Thursday,heavy,170.0,0.0,50.0,0.0,0.0
7:00:00 AM,19,Thursday,normal,125.0,0.0,50.0,0.0,38.0
7:15:00 AM,19,Thursday,normal,163.0,0.0,50.0,0.0,0.0
7:30:00 AM,19,Thursday,normal,149.0,0.0,50.0,0.0,0.0
7:45:00 AM,19,Thursday,normal,149.0,0.0,50.0,0.0,0.0
8:00:00 AM,19,Thursday,normal,142.0,0.0,50.0,0.0,0.0
8:15:00 AM,19,Thursday,normal,133.0,0.0,50.0,0.0,16.0
8:30:00 AM,19,Thursday,normal,149.0,0.0,50.0,0.0,41.0
8:45:00 AM,19,Thursday,heavy,190.0,9.99999999999999,41.66666666666667,24.99999999999997,0.0
9:00:00 AM,19,Thursday,normal,97.0,0.0,50.0,0.0,19.0
9:15:00 AM,19,Thursday,normal,116.0,0.0,50.0,0.0,0.0
9:30:00 AM,19,Thursday,normal,80.0,0.0,50.0,0.0,8.0
9:45:00 AM,19,Thursday,low,88.0,0.0,50.0,0.0,0.0
10:00:00 AM,19,Thursday,normal,85.0,0.0,50.0,0.0,0.0
10:15:00 AM,19,Thursday,low,77.0,0.0,50.0,0.0,1.0
10:30:00 AM,19,Thursday,low,78.0,0.0,50.0,0.0,0.0
10:45:00 AM,19,Thursday,normal,67.0,0.0,50.0,0.0,14.0
11:00:00 AM,19,Thursday,normal,81.0,0.0,50.0,0.0,15.0
11:15:00 AM,19,Thursday,normal,96.0,0.0,50.0,0.0,0.0
11:30:00 AM,19,Thursday,normal,65.0,0.0,50.0,0.0,13.0
11:45:00 AM,19,Thursday,normal,78.0,0.0,50.0,0.0,18.0
12:00:00 PM,19,Thursday,normal,96.0,0.0,50.0,0.0,0.0
12:15:00 PM,19,Thursday,normal,96.0,0.0,50.0,0.0,3.0
12:30:00 PM,19,Thursday,normal,99.0,0.0,50.0,0.0,8.0
12:45:00 PM,19,Thursday,normal,107.0,0.0,50.0,0.0,0.0
1:00:00 PM,19,Thursday,normal,105.0,0.0,50.0,0.0,0.0
1:15:00 PM,19,Thursday,low,57.0,0.0,50.0,0.0,56.0
1:30:00 PM,19,Thursday,normal,113.0,0.0,50.0,0.0,1.0
1:45:00 PM,19,Thursday,normal,114.0,0.0,50.0,0.0,9.0
2:00:00 PM,19,Thursday,high,123.0,0.0,50.0,0.0,0.0
2:15:00 PM,19,Thursday,normal,102.0,0.0,50.0,0.0,8.0
2:30:00 PM,19,Thursday,normal,110.0,0.0,50.0,0.0,0.0
2:45:00 PM,19,Thursday,normal,69.0,0.0,50.0,0.0,31.0
3:00:00 PM,19,Thursday,normal,100.0,0.0,50.0,0.0,8.0
3:15:00 PM,19,Thursday,normal,108.0,0.0,50.0,0.0,0.0
3:30:00 PM,19,Thursday,normal,97.0,0.0,50.0,0.0,95.0
3:45:00 PM,19,Thursday,heavy,192.0,12.000000000000002,40.0,30.000000000000004,0.0
4:00:00 PM,19,Thursday,heavy,187.0,6.999999999999995,44.16666666666667,17.499999999999986,0.0
4:15:00 PM,19,Thursday,normal,159.0,0.0,50.0,0.0,2.0
4:30:00 PM,19,Thursday,normal,161.0,0.0,50.0,0.0,7.0
4:45:00 PM,19,Thursday,heavy,168.0,0.0,50.0,0.0,56.0
5:00:00 PM,19,Thursday,heavy,224.0,43.999999999999986,13.333333333333346,109.99999999999996,0.0
5:15:00 PM,19,Thursday,heavy,169.0,0.0,50.0,0.0,2.0
5:30:00 PM,19,Thursday,heavy,171.0,0.0,50.0,0.0,0.0
5:45:00 PM,19,Thursday,normal,165.0,0.0,50.0,0.0,0.0
6:00:00 PM,19,Thursday,normal,153.0,0.0,50.0,0.0,36.0
6:15:00 PM,19,Thursday,heavy,189.0,8.999999999999982,42.500000000000014,22.499999999999954,0.0
6:30:00 PM,19,Thursday,normal,125.0,0.0,50.0,0.0,5.0
6:45:00 PM,19,Thursday,high,130.0,0.0,50.0,0.0,0.0
7:00:00 PM,19,Thursday,high,115.0,0.0,50.0,0.0,47.0
7:15:00 PM,19,Thursday,high,162.0,0.0,50.0,0.0,0.0
7:30:00 PM,19,Thursday,normal,160.0,0.0,50.0,0.0,0.0
7:45:00 PM,19,Thursday,normal,100.0,0.0,50.0,0.0,8.0
8:00:00 PM,19,Thursday,normal,108.0,0.0,50.0,0.0,38.0
8:15:00 PM,19,Thursday,normal,146.0,0.0,50.0,0.0,0.0
8:30:00 PM,19,Thursday,normal,132.0,0.0,50.0,0.0,0.0
8:45:00 PM,19,Thursday,normal,122.0,0.0,50.0,0.0,0.0
9:00:00 PM,19,Thursday,normal,94.0,0.0,50.0,0.0,1.0
9:15:00 PM,19,Thursday,normal,95.0,0.0,50.0,0.0,0.0
9:30:00 PM,19,Thursday,low,85.0,0.0,50.0,0.0,0.0
9:45:00 PM,19,Thursday,normal,49.0,0.0,50.0,0.0,0.0
10:00:00 PM,19,Thursday,normal,47.0,0.0,50.0,0.0,0.0
10:15:00 PM,19,Thursday,normal,45.0,0.0,50.0,0.0,0.0
10:30:00 PM,19,Thursday,normal,43.0,0.0,50.0,0.0,0.0
10:45:00 PM,19,Thursday,normal,40.0,0.0,50.0,0.0,0.0
11:00:00 PM,19,Thursday,normal,38.0,0.0,50.0,0.0,13.0
11:15:00 PM,19,Thursday,normal,51.0,0.0,50.0,0.0,0.0
11:30:00 PM,19,Thursday,normal,40.0,0.0,50.0,0.0,0.0
11:45:00 PM,19,Thursday,normal,34.0,0.0,50.0,0.0,7.0
12:00:00 AM,20,Friday,normal,41.0,0.0,50.0,0.0,0.0
12:15:00 AM,20,Friday,normal,31.0,0.0,50.0,0.0,18.0
12:30:00 AM,20,Friday,normal,49.0,0.0,50.0,0.0,0.0
12:45:00 AM,20,Friday,normal,32.0,0.0,50.0,0.0,5.0
1:00:00 AM,20,Friday,normal,37.0,0.0,50.0,0.0,21.0
1:15:00 AM,20,Friday,normal,58.0,0.0,50.0,0.0,0.0
1:30:00 AM,20,Friday,normal,35.0,0.0,50.0,0.0,11.0
1:45:00 AM,20,Friday,normal,46.0,0.0,50.0,0.0,1.0
2:00:00 AM,20,Friday,normal,47.0,0.0,50.0,0.0,0.0
2:15:00 AM,20,Friday,normal,36.0,0.0,50.0,0.0,10.0
2:30:00 AM,20,Friday,normal,46.0,0.0,50.0,0.0,0.0
2:45:00 AM,20,Friday,normal,45.0,0.0,50.0,0.0,0.0
3:00:00 AM,20,Friday,normal,38.0,0.0,50.0,0.0,0.0
3:15:00 AM,20,Friday,normal,33.0,0.0,50.0,0.0,14.0
3:30:00 AM,20,Friday,normal,47.0,0.0,50.0,0.0,0.0
3:45:00 AM,20,Friday,normal,27.0,0.0,50.0,0.0,102.0
4:00:00 AM,20,Friday,high,129.0,0.0,50.0,0.0,0.0
4:15:00 AM,20,Friday,high,121.0,0.0,50.0,0.0,0.0
4:30:00 AM,20,Friday,normal,102.0,0.0,50.0,0.0,3.0
4:45:00 AM,20,Friday,normal,105.0,0.0,50.0,0.0,27.0
5:00:00 AM,20,Friday,high,132.0,0.0,50.0,0.0,0.0
5:15:00 AM,20,Friday,normal,111.0,0.0,50.0,0.0,1.0
5:30:00 AM,20,Friday,normal,112.0,0.0,50.0,0.0,0.0
5:45:00 AM,20,Friday,normal,76.0,0.0,50.0,0.0,49.0
6:00:00 AM,20,Friday,high,125.0,0.0,50.0,0.0,9.0
6:15:00 AM,20,Friday,high,134.0,0.0,50.0,0.0,0.0
6:30:00 AM,20,Friday,normal,69.0,0.0,50.0,0.0,43.0
6:45:00 AM,20,Friday,high,112.0,0.0,50.0,0.0,0.0
7:00:00 AM,20,Friday,normal,101.0,0.0,50.0,0.0,0.0
7:15:00 AM,20,Friday,normal,85.0,0.0,50.0,0.0,22.0
7:30:00 AM,20,Friday,normal,107.0,0.0,50.0,0.0,12.0
7:45:00 AM,20,Friday,high,119.0,0.0,50.0,0.0,0.0
8:00:00 AM,20,Friday,normal,101.0,0.0,50.0,0.0,0.0
8:15:00 AM,20,Friday,normal,81.0,0.0,50.0,0.0,57.0
8:30:00 AM,20,Friday,high,138.0,0.0,50.0,0.0,0.0
8:45:00 AM,20,Friday,normal,104.0,0.0,50.0,0.0,110.0
9:00:00 AM,20,Friday,heavy,214.0,33.99999999999999,21.66666666666667,84.99999999999997,0.0
9:15:00 AM,20,Friday,normal,160.0,0.0,50.0,0.0,37.0
9:30:00 AM,20,Friday,heavy,197.0,16.999999999999986,35.83333333333334,42.499999999999964,0.0
9:45:00 AM,20,Friday,heavy,195.0,14.999999999999996,37.5,37.499999999999986,0.0
10:00:00 AM,20,Friday,normal,159.0,0.0,50.0,0.0,0.0
10:15:00 AM,20,Friday,normal,153.0,0.0,50.0,0.0,34.0
10:30:00 AM,20,Friday,heavy,187.0,6.999999999999995,44.16666666666667,17.499999999999986,0.0
10:45:00 AM,20,Friday,normal,137.0,0.0,50.0,0.0,42.0
11:00:00 AM,20,Friday,heavy,179.0,0.0,50.0,0.0,0.0
11:15:00 AM,20,Friday,heavy,171.0,0.0,50.0,0.0,43.0
11:30:00 AM,20,Friday,heavy,214.0,33.99999999999999,21.66666666666667,84.99999999999997,0.0
11:45:00 AM,20,Friday,heavy,184.0,4.000000000000001,46.666666666666664,10.000000000000002,34.0
12:00:00 PM,20,Friday,heavy,218.0,37.99999999999999,18.33333333333334,94.99999999999997,0.0
12:15:00 PM,20,Friday,heavy,187.0,6.999999999999995,44.16666666666667,17.499999999999986,30.0
12:30:00 PM,20,Friday,heavy,217.0,36.999999999999986,19.166666666666675,92.49999999999996,0.0
12:45:00 PM,20,Friday,normal,143.0,0.0,50.0,0.0,22.0
1:00:00 PM,20,Friday,normal,165.0,0.0,50.0,0.0,7.0
1:15:00 PM,20,Friday,heavy,172.0,0.0,50.0,0.0,2.0
1:30:00 PM,20,Friday,heavy,174.0,0.0,50.0,0.0,16.0
1:45:00 PM,20,Friday,heavy,190.0,9.99999999999999,41.66666666666667,24.99999999999997,0.0
2:00:00 PM,20,Friday,normal,166.0,0.0,50.0,0.0,19.0
2:15:00 PM,20,Friday,heavy,185.0,4.999999999999982,45.83333333333335,12.499999999999956,0.0
2:30:00 PM,20,Friday,heavy,180.0,0.0,50.0,0.0,44.0
2:45:00 PM,20,Friday,heavy,224.0,43.999999999999986,13.333333333333346,109.99999999999996,0.0
3:00:00 PM,20,Friday,low,110.0,0.0,50.0,0.0,0.0
3:15:00 PM,20,Friday,low,93.0,0.0,50.0,0.0,14.0
3:30:00 PM,20,Friday,low,107.0,0.0,50.0,0.0,0.0
3:45:00 PM,20,Friday,low,83.0,0.0,50.0,0.0,13.0
4:00:00 PM,20,Friday,low,96.0,0.0,50.0,0.0,5.0
4:15:00 PM,20,Friday,low,101.0,0.0,50.0,0.0,27.0
4:30:00 PM,20,Friday,normal,128.0,0.0,50.0,0.0,0.0
4:45:00 PM,20,Friday,low,103.0,0.0,50.0,0.0,0.0
5:00:00 PM,20,Friday,low,96.0,0.0,50.0,0.0,0.0
5:15:00 PM,20,Friday,normal,89.0,0.0,50.0,0.0,13.0
5:30:00 PM,20,Friday,low,102.0,0.0,50.0,0.0,7.0
5:45:00 PM,20,Friday,low,109.0,0.0,50.0,0.0,6.0
6:00:00 PM,20,Friday,normal,115.0,0.0,50.0,0.0,3.0
6:15:00 PM,20,Friday,normal,118.0,0.0,50.0,0.0,0.0
6:30:00 PM,20,Friday,normal,112.0,0.0,50.0,0.0,0.0
6:45:00 PM,20,Friday,normal,80.0,0.0,50.0,0.0,0.0
7:00:00 PM,20,Friday,normal,66.0,0.0,50.0,0.0,13.0
7:15:00 PM,20,Friday,normal,79.0,0.0,50.0,0.0,0.0
7:30:00 PM,20,Friday,normal,74.0,0.0,50.0,0.0,0.0
7:45:00 PM,20,Friday,normal,74.0,0.0,50.0,0.0,15.0
8:00:00 PM,20,Friday,normal,89.0,0.0,50.0,0.0,0.0
8:15:00 PM,20,Friday,normal,70.0,0.0,50.0,0.0,5.0
8:30:00 PM,20,Friday,normal,75.0,0.0,50.0,0.0,7.0
8:45:00 PM,20,Friday,normal,82.0,0.0,50.0,0.0,9.0
9:00:00 PM,20,Friday,normal,91.0,0.0,50.0,0.0,0.0
9:15:00 PM,20,Friday,normal,67.0,0.0,50.0,0.0,7.0
9:30:00 PM,20,Friday,normal,74.0,0.0,50.0,0.0,0.0
9:45:00 PM,20,Friday,normal,46.0,0.0,50.0,0.0,0.0
10:00:00 PM,20,Friday,normal,35.0,0.0,50.0,0.0,4.0
10:15:00 PM,20,Friday,normal,39.0,0.0,50.0,0.0,0.0
10:30:00 PM,20,Friday,normal,29.0,0.0,50.0,0.0,13.0
10:45:00 PM,20,Friday,normal,42.0,0.0,50.0,0.0,0.0
11:00:00 PM,20,Friday,normal,34.0,0.0,50.0,0.0,6.0
11:15:00 PM,20,Friday,normal,40.0,0.0,50.0,0.0,9.0
11:30:00 PM,20,Friday,normal,49.0,0.0,50.0,0.0,3.0
11:45:00 PM,20,Friday,normal,52.0,0.0,50.0,0.0,0.0
12:00:00 AM,21,Saturday,normal,48.0,0.0,50.0,0.0,0.0
12:15:00 AM,21,Saturday,normal,46.0,0.0,50.0,0.0,0.0
12:30:00 AM,21,Saturday,normal,34.0,0.0,50.0,0.0,13.0
12:45:00 AM,21,Saturday,normal,47.0,0.0,50.0,0.0,0.0
1:00:00 AM,21,Saturday,normal,37.0,0.0,50.0,0.0,5.0
1:15:00 AM,21,Saturday,normal,42.0,0.0,50.0,0.0,2.0
1:30:00 AM,21,Saturday,normal,44.0,0.0,50.0,0.0,6.0
1:45:00 AM,21,Saturday,normal,50.0,0.0,50.0,0.0,0.0
2:00:00 AM,21,Saturday,normal,50.0,0.0,50.0,0.0,0.0
2:15:00 AM,21,Saturday,normal,43.0,0.0,50.0,0.0,0.0
2:30:00 AM,21,Saturday,normal,36.0,0.0,50.0,0.0,7.0
2:45:00 AM,21,Saturday,normal,43.0,0.0,50.0,0.0,0.0
3:00:00 AM,21,Saturday,normal,30.0,0.0,50.0,0.0,7.0
3:15:00 AM,21,Saturday,normal,37.0,0.0,50.0,0.0,4.0
3:30:00 AM,21,Saturday,normal,41.0,0.0,50.0,0.0,0.0
3:45:00 AM,21,Saturday,normal,40.0,0.0,50.0,0.0,46.0
4:00:00 AM,21,Saturday,low,86.0,0.0,50.0,0.0,30.0
4:15:00 AM,21,Saturday,normal,116.0,0.0,50.0,0.0,0.0
4:30:00 AM,21,Saturday,low,102.0,0.0,50.0,0.0,1.0
4:45:00 AM,21,Saturday,normal,103.0,0.0,50.0,0.0,0.0
5:00:00 AM,21,Saturday,normal,80.0,0.0,50.0,0.0,11.0
5:15:00 AM,21,Saturday,low,91.0,0.0,50.0,0.0,13.0
5:30:00 AM,21,Saturday,normal,104.0,0.0,50.0,0.0,109.0
5:45:00 AM,21,Saturday,heavy,213.0,32.999999999999986,22.500000000000014,82.49999999999996,0.0
6:00:00 AM,21,Saturday,normal,136.0,0.0,50.0,0.0,25.0
6:15:00 AM,21,Saturday,normal,161.0,0.0,50.0,0.0,0.0
6:30:00 AM,21,Saturday,normal,130.0,0.0,50.0,0.0,11.0
6:45:00 AM,21,Saturday,normal,141.0,0.0,50.0,0.0,34.0
7:00:00 AM,21,Saturday,heavy,175.0,0.0,50.0,0.0,0.0
7:15:00 AM,21,Saturday,normal,162.0,0.0,50.0,0.0,0.0
7:30:00 AM,21,Saturday,normal,151.0,0.0,50.0,0.0,0.0
7:45:00 AM,21,Saturday,normal,138.0,0.0,50.0,0.0,49.0
8:00:00 AM,21,Saturday,heavy,187.0,6.999999999999995,44.16666666666667,17.499999999999986,0.0
8:15:00 AM,21,Saturday,normal,162.0,0.0,50.0,0.0,24.0
8:30:00 AM,21,Saturday,heavy,186.0,5.9999999999999885,45.00000000000001,14.99999999999997,0.0
8:45:00 AM,21,Saturday,heavy,185.0,4.999999999999982,45.83333333333335,12.499999999999956,0.0
9:00:00 AM,21,Saturday,normal,109.0,0.0,50.0,0.0,0.0
9:15:00 AM,21,Saturday,low,60.0,0.0,50.0,0.0,53.0
9:30:00 AM,21,Saturday,normal,113.0,0.0,50.0,0.0,0.0
9:45:00 AM,21,Saturday,normal,86.0,0.0,50.0,0.0,25.0
10:00:00 AM,21,Saturday,normal,111.0,0.0,50.0,0.0,0.0
10:15:00 AM,21,Saturday,low,84.0,0.0,50.0,0.0,41.0
10:30:00 AM,21,Saturday,normal,125.0,0.0,50.0,0.0,0.0
10:45:00 AM,21,Saturday,normal,104.0,0.0,50.0,0.0,0.0
11:00:00 AM,21,Saturday,normal,57.0,0.0,50.0,0.0,23.0
11:15:00 AM,21,Saturday,normal,80.0,0.0,50.0,0.0,19.0
11:30:00 AM,21,Saturday,normal,99.0,0.0,50.0,0.0,6.0
11:45:00 AM,21,Saturday,normal,105.0,0.0,50.0,0.0,8.0
12:00:00 PM,21,Saturday,high,113.0,0.0,50.0,0.0,0.0
12:15:00 PM,21,Saturday,normal,107.0,0.0,50.0,0.0,0.0
12:30:00 PM,21,Saturday,normal,98.0,0.0,50.0,0.0,0.0
12:45:00 PM,21,Saturday,normal,67.0,0.0,50.0,0.0,45.0
1:00:00 PM,21,Saturday,normal,112.0,0.0,50.0,0.0,24.0
1:15:00 PM,21,Saturday,high,136.0,0.0,50.0,0.0,0.0
1:30:00 PM,21,Saturday,normal,108.0,0.0,50.0,0.0,0.0
1:45:00 PM,21,Saturday,low,51.0,0.0,50.0,0.0,25.0
2:00:00 PM,21,Saturday,normal,76.0,0.0,50.0,0.0,9.0
2:15:00 PM,21,Saturday,normal,85.0,0.0,50.0,0.0,18.0
2:30:00 PM,21,Saturday,normal,103.0,0.0,50.0,0.0,6.0
2:45:00 PM,21,Saturday,normal,109.0,0.0,50.0,0.0,11.0
3:00:00 PM,21,Saturday,normal,120.0,0.0,50.0,0.0,0.0
3:15:00 PM,21,Saturday,normal,119.0,0.0,50.0,0.0,7.0
3:30:00 PM,21,Saturday,normal,126.0,0.0,50.0,0.0,37.0
3:45:00 PM,21,Saturday,normal,163.0,0.0,50.0,0.0,40.0
4:00:00 PM,21,Saturday,heavy,203.0,23.0,30.833333333333336,57.5,0.0
4:15:00 PM,21,Saturday,heavy,172.0,0.0,50.0,0.0,25.0
4:30:00 PM,21,Saturday,heavy,197.0,16.999999999999986,35.83333333333334,42.499999999999964,3.0
4:45:00 PM,21,Saturday,heavy,200.0,19.99999999999998,33.33333333333335,49.99999999999994,0.0
5:00:00 PM,21,Saturday,heavy,177.0,0.0,50.0,0.0,0.0
5:15:00 PM,21,Saturday,high,164.0,0.0,50.0,0.0,30.0
5:30:00 PM,21,Saturday,heavy,194.0,13.99999999999999,38.33333333333334,34.99999999999997,0.0
5:45:00 PM,21,Saturday,heavy,177.0,0.0,50.0,0.0,4.0
6:00:00 PM,21,Saturday,heavy,181.0,0.9999999999999815,49.16666666666668,2.4999999999999534,0.0
6:15:00 PM,21,Saturday,heavy,176.0,0.0,50.0,0.0,0.0
6:30:00 PM,21,Saturday,normal,119.0,0.0,50.0,0.0,53.0
6:45:00 PM,21,Saturday,heavy,172.0,0.0,50.0,0.0,0.0
7:00:00 PM,21,Saturday,normal,122.0,0.0,50.0,0.0,20.0
7:15:00 PM,21,Saturday,normal,142.0,0.0,50.0,0.0,0.0
7:30:00 PM,21,Saturday,low,106.0,0.0,50.0,0.0,36.0
7:45:00 PM,21,Saturday,normal,142.0,0.0,50.0,0.0,0.0
8:00:00 PM,21,Saturday,normal,115.0,0.0,50.0,0.0,32.0
8:15:00 PM,21,Saturday,normal,147.0,0.0,50.0,0.0,0.0
8:30:00 PM,21,Saturday,low,110.0,0.0,50.0,0.0,0.0
8:45:00 PM,21,Saturday,normal,82.0,0.0,50.0,0.0,29.0
9:00:00 PM,21,Saturday,low,111.0,0.0,50.0,0.0,1.0
9:15:00 PM,21,Saturday,normal,112.0,0.0,50.0,0.0,0.0
9:30:00 PM,21,Saturday,normal,105.0,0.0,50.0,0.0,0.0
9:45:00 PM,21,Saturday,normal,45.0,0.0,50.0,0.0,0.0
10:00:00 PM,21,Saturday,normal,39.0,0.0,50.0,0.0,5.0
10:15:00 PM,21,Saturday,normal,44.0,0.0,50.0,0.0,11.0
10:30:00 PM,21,Saturday,normal,55.0,0.0,50.0,0.0,0.0
10:45:00 PM,21,Saturday,normal,48.0,0.0,50.0,0.0,0.0
11:00:00 PM,21,Saturday,normal,46.0,0.0,50.0,0.0,0.0
11:15:00 PM,21,Saturday,normal,46.0,0.0,50.0,0.0,0.0
11:30:00 PM,21,Saturday,normal,36.0,0.0,50.0,0.0,11.0
11:45:00 PM,21,Saturday,normal,47.0,0.0,50.0,0.0,0.0
12:00:00 AM,22,Sunday,normal,36.0,0.0,50.0,0.0,1.0
12:15:00 AM,22,Sunday,normal,37.0,0.0,50.0,0.0,4.0
12:30:00 AM,22,Sunday,normal,41.0,0.0,50.0,0.0,6.0
12:45:00 AM,22,Sunday,normal,47.0,0.0,50.0,0.0,0.0
1:00:00 AM,22,Sunday,normal,46.0,0.0,50.0,0.0,2.0
1:15:00 AM,22,Sunday,normal,48.0,0.0,50.0,0.0,0.0
1:30:00 AM,22,Sunday,normal,37.0,0.0,50.0,0.0,11.0
1:45:00 AM,22,Sunday,normal,48.0,0.0,50.0,0.0,0.0
2:00:00 AM,22,Sunday,normal,48.0,0.0,50.0,0.0,0.0
2:15:00 AM,22,Sunday,normal,29.0,0.0,50.0,0.0,19.0
2:30:00 AM,22,Sunday,normal,48.0,0.0,50.0,0.0,6.0
2:45:00 AM,22,Sunday,normal,54.0,0.0,50.0,0.0,0.0
3:00:00 AM,22,Sunday,normal,52.0,0.0,50.0,0.0,0.0
3:15:00 AM,22,Sunday,normal,45.0,0.0,50.0,0.0,4.0
3:30:00 AM,22,Sunday,normal,49.0,0.0,50.0,0.0,0.0
3:45:00 AM,22,Sunday,normal,46.0,0.0,50.0,0.0,34.0
4:00:00 AM,22,Sunday,normal,80.0,0.0,50.0,0.0,8.0
4:15:00 AM,22,Sunday,low,88.0,0.0,50.0,0.0,14.0
4:30:00 AM,22,Sunday,low,102.0,0.0,50.0,0.0,23.0
4:45:00 AM,22,Sunday,normal,125.0,0.0,50.0,0.0,0.0
5:00:00 AM,22,Sunday,normal,97.0,0.0,50.0,0.0,1.0
5:15:00 AM,22,Sunday,normal,98.0,0.0,50.0,0.0,4.0
5:30:00 AM,22,Sunday,normal,102.0,0.0,50.0,0.0,83.0
5:45:00 AM,22,Sunday,heavy,185.0,4.999999999999982,45.83333333333335,12.499999999999956,0.0
6:00:00 AM,22,Sunday,heavy,170.0,0.0,50.0,0.0,24.0
6:15:00 AM,22,Sunday,heavy,194.0,13.99999999999999,38.33333333333334,34.99999999999997,0.0
6:30:00 AM,22,Sunday,normal,123.0,0.0,50.0,0.0,17.0
6:45:00 AM,22,Sunday,normal,140.0,0.0,50.0,0.0,31.0
7:00:00 AM,22,Sunday,heavy,171.0,0.0,50.0,0.0,0.0
7:15:00 AM,22,Sunday,normal,130.0,0.0,50.0,0.0,34.0
7:30:00 AM,22,Sunday,normal,164.0,0.0,50.0,0.0,0.0
7:45:00 AM,22,Sunday,normal,163.0,0.0,50.0,0.0,0.0
8:00:00 AM,22,Sunday,normal,147.0,0.0,50.0,0.0,15.0
8:15:00 AM,22,Sunday,normal,162.0,0.0,50.0,0.0,0.0
8:30:00 AM,22,Sunday,normal,130.0,0.0,50.0,0.0,46.0
8:45:00 AM,22,Sunday,heavy,176.0,0.0,50.0,0.0,0.0
9:00:00 AM,22,Sunday,normal,84.0,0.0,50.0,0.0,6.0
9:15:00 AM,22,Sunday,low,90.0,0.0,50.0,0.0,0.0
9:30:00 AM,22,Sunday,low,80.0,0.0,50.0,0.0,0.0
9:45:00 AM,22,Sunday,low,80.0,0.0,50.0,0.0,22.0
10:00:00 AM,22,Sunday,normal,102.0,0.0,50.0,0.0,0.0
10:15:00 AM,22,Sunday,normal,71.0,0.0,50.0,0.0,10.0
10:30:00 AM,22,Sunday,normal,81.0,0.0,50.0,0.0,0.0
10:45:00 AM,22,Sunday,normal,53.0,0.0,50.0,0.0,22.0
11:00:00 AM,22,Sunday,normal,75.0,0.0,50.0,0.0,0.0
11:15:00 AM,22,Sunday,normal,74.0,0.0,50.0,0.0,0.0
11:30:00 AM,22,Sunday,normal,72.0,0.0,50.0,0.0,13.0
11:45:00 AM,22,Sunday,normal,85.0,0.0,50.0,0.0,6.0
12:00:00 PM,22,Sunday,normal,91.0,0.0,50.0,0.0,9.0
12:15:00 PM,22,Sunday,normal,100.0,0.0,50.0,0.0,24.0
12:30:00 PM,22,Sunday,high,124.0,0.0,50.0,0.0,0.0
12:45:00 PM,22,Sunday,normal,72.0,0.0,50.0,0.0,27.0
1:00:00 PM,22,Sunday,low,99.0,0.0,50.0,0.0,0.0
1:15:00 PM,22,Sunday,normal,60.0,0.0,50.0,0.0,31.0
1:30:00 PM,22,Sunday,normal,91.0,0.0,50.0,0.0,32.0
1:45:00 PM,22,Sunday,normal,123.0,0.0,50.0,0.0,0.0
2:00:00 PM,22,Sunday,normal,117.0,0.0,50.0,0.0,0.0
2:15:00 PM,22,Sunday,normal,78.0,0.0,50.0,0.0,0.0
2:30:00 PM,22,Sunday,normal,57.0,0.0,50.0,0.0,85.0
2:45:00 PM,22,Sunday,high,142.0,0.0,50.0,0.0,0.0
3:00:00 PM,22,Sunday,high,118.0,0.0,50.0,0.0,0.0
3:15:00 PM,22,Sunday,normal,99.0,0.0,50.0,0.0,11.0
3:30:00 PM,22,Sunday,low,110.0,0.0,50.0,0.0,28.0
3:45:00 PM,22,Sunday,normal,138.0,0.0,50.0,0.0,46.0
4:00:00 PM,22,Sunday,heavy,184.0,4.000000000000001,46.666666666666664,10.000000000000002,12.0
4:15:00 PM,22,Sunday,heavy,196.0,15.999999999999979,36.66666666666668,39.99999999999994,10.0
4:30:00 PM,22,Sunday,heavy,206.0,25.999999999999993,28.33333333333334,64.99999999999997,17.0
4:45:00 PM,22,Sunday,normal,223.0,43.0,14.166666666666666,107.5,0.0
5:00:00 PM,22,Sunday,normal,150.0,0.0,50.0,0.0,56.0
5:15:00 PM,22,Sunday,heavy,206.0,25.999999999999993,28.33333333333334,64.99999999999997,0.0
5:30:00 PM,22,Sunday,heavy,177.0,0.0,50.0,0.0,0.0
5:45:00 PM,22,Sunday,heavy,177.0,0.0,50.0,0.0,5.0
6:00:00 PM,22,Sunday,heavy,182.0,1.999999999999988,48.33333333333334,4.99999999999997,0.0
6:15:00 PM,22,Sunday,normal,166.0,0.0,50.0,0.0,0.0
6:30:00 PM,22,Sunday,normal,148.0,0.0,50.0,0.0,5.0
6:45:00 PM,22,Sunday,normal,153.0,0.0,50.0,0.0,0.0
7:00:00 PM,22,Sunday,normal,139.0,0.0,50.0,0.0,0.0
7:15:00 PM,22,Sunday,normal,96.0,0.0,50.0,0.0,28.0
7:30:00 PM,22,Sunday,normal,124.0,0.0,50.0,0.0,0.0
7:45:00 PM,22,Sunday,low,74.0,0.0,50.0,0.0,49.0
8:00:00 PM,22,Sunday,normal,123.0,0.0,50.0,0.0,6.0
8:15:00 PM,22,Sunday,normal,129.0,0.0,50.0,0.0,29.0
8:30:00 PM,22,Sunday,high,158.0,0.0,50.0,0.0,0.0
8:45:00 PM,22,Sunday,normal,124.0,0.0,50.0,0.0,11.0
9:00:00 PM,22,Sunday,high,135.0,0.0,50.0,0.0,0.0
9:15:00 PM,22,Sunday,high,114.0,0.0,50.0,0.0,14.0
9:30:00 PM,22,Sunday,normal,128.0,0.0,50.0,0.0,0.0
9:45:00 PM,22,Sunday,normal,41.0,0.0,50.0,0.0,7.0
10:00:00 PM,22,Sunday,normal,48.0,0.0,50.0,0.0,0.0
10:15:00 PM,22,Sunday,normal,45.0,0.0,50.0,0.0,0.0
10:30:00 PM,22,Sunday,normal,43.0,0.0,50.0,0.0,6.0
10:45:00 PM,22,Sunday,normal,49.0,0.0,50.0,0.0,0.0
11:00:00 PM,22,Sunday,normal,32.0,0.0,50.0,0.0,1.0
11:15:00 PM,22,Sunday,normal,33.0,0.0,50.0,0.0,3.0
11:30:00 PM,22,Sunday,normal,36.0,0.0,50.0,0.0,13.0
11:45:00 PM,22,Sunday,normal,49.0,0.0,50.0,0.0,4.0
12:00:00 AM,23,Monday,normal,53.0,0.0,50.0,0.0,0.0
12:15:00 AM,23,Monday,normal,34.0,0.0,50.0,0.0,0.0
12:30:00 AM,23,Monday,normal,32.0,0.0,50.0,0.0,19.0
12:45:00 AM,23,Monday,normal,51.0,0.0,50.0,0.0,1.0
1:00:00 AM,23,Monday,normal,52.0,0.0,50.0,0.0,0.0
1:15:00 AM,23,Monday,normal,46.0,0.0,50.0,0.0,0.0
1:30:00 AM,23,Monday,normal,45.0,0.0,50.0,0.0,3.0
1:45:00 AM,23,Monday,normal,48.0,0.0,50.0,0.0,0.0
2:00:00 AM,23,Monday,normal,29.0,0.0,50.0,0.0,23.0
2:15:00 AM,23,Monday,normal,52.0,0.0,50.0,0.0,0.0
2:30:00 AM,23,Monday,normal,50.0,0.0,50.0,0.0,0.0
2:45:00 AM,23,Monday,normal,45.0,0.0,50.0,0.0,0.0
3:00:00 AM,23,Monday,normal,38.0,0.0,50.0,0.0,0.0
3:15:00 AM,23,Monday,normal,33.0,0.0,50.0,0.0,0.0
3:30:00 AM,23,Monday,normal,28.0,0.0,50.0,0.0,15.0
3:45:00 AM,23,Monday,normal,43.0,0.0,50.0,0.0,48.0
4:00:00 AM,23,Monday,low,91.0,0.0,50.0,0.0,0.0
4:15:00 AM,23,Monday,low,90.0,0.0,50.0,0.0,2.0
4:30:00 AM,23,Monday,normal,92.0,0.0,50.0,0.0,11.0
4:45:00 AM,23,Monday,low,103.0,0.0,50.0,0.0,2.0
5:00:00 AM,23,Monday,low,105.0,0.0,50.0,0.0,0.0
5:15:00 AM,23,Monday,low,80.0,0.0,50.0,0.0,22.0
5:30:00 AM,23,Monday,low,102.0,0.0,50.0,0.0,21.0
5:45:00 AM,23,Monday,normal,123.0,0.0,50.0,0.0,22.0
6:00:00 AM,23,Monday,normal,145.0,0.0,50.0,0.0,23.0
6:15:00 AM,23,Monday,heavy,168.0,0.0,50.0,0.0,13.0
6:30:00 AM,23,Monday,heavy,181.0,0.9999999999999815,49.16666666666668,2.4999999999999534,0.0
6:45:00 AM,23,Monday,normal,156.0,0.0,50.0,0.0,20.0
7:00:00 AM,23,Monday,heavy,176.0,0.0,50.0,0.0,0.0
7:15:00 AM,23,Monday,normal,149.0,0.0,50.0,0.0,0.0
7:30:00 AM,23,Monday,normal,149.0,0.0,50.0,0.0,0.0
7:45:00 AM,23,Monday,normal,138.0,0.0,50.0,0.0,36.0
8:00:00 AM,23,Monday,heavy,174.0,0.0,50.0,0.0,0.0
8:15:00 AM,23,Monday,heavy,168.0,0.0,50.0,0.0,0.0
8:30:00 AM,23,Monday,normal,159.0,0.0,50.0,0.0,0.0
8:45:00 AM,23,Monday,normal,155.0,0.0,50.0,0.0,0.0
9:00:00 AM,23,Monday,low,78.0,0.0,50.0,0.0,34.0
9:15:00 AM,23,Monday,normal,112.0,0.0,50.0,0.0,0.0
9:30:00 AM,23,Monday,low,89.0,0.0,50.0,0.0,29.0
9:45:00 AM,23,Monday,high,118.0,0.0,50.0,0.0,0.0
10:00:00 AM,23,Monday,normal,113.0,0.0,50.0,0.0,0.0
10:15:00 AM,23,Monday,normal,93.0,0.0,50.0,0.0,0.0
10:30:00 AM,23,Monday,low,64.0,0.0,50.0,0.0,27.0
10:45:00 AM,23,Monday,normal,91.0,0.0,50.0,0.0,0.0
11:00:00 AM,23,Monday,normal,70.0,0.0,50.0,0.0,13.0
11:15:00 AM,23,Monday,normal,83.0,0.0,50.0,0.0,5.0
11:30:00 AM,23,Monday,normal,88.0,0.0,50.0,0.0,0.0
11:45:00 AM,23,Monday,normal,64.0,0.0,50.0,0.0,23.0
12:00:00 PM,23,Monday,normal,87.0,0.0,50.0,0.0,0.0
12:15:00 PM,23,Monday,normal,83.0,0.0,50.0,0.0,10.0
12:30:00 PM,23,Monday,normal,93.0,0.0,50.0,0.0,0.0
12:45:00 PM,23,Monday,normal,61.0,0.0,50.0,0.0,27.0
1:00:00 PM,23,Monday,low,88.0,0.0,50.0,0.0,0.0
1:15:00 PM,23,Monday,normal,84.0,0.0,50.0,0.0,19.0
1:30:00 PM,23,Monday,low,103.0,0.0,50.0,0.0,29.0
1:45:00 PM,23,Monday,high,132.0,0.0,50.0,0.0,0.0
2:00:00 PM,23,Monday,low,76.0,0.0,50.0,0.0,0.0
2:15:00 PM,23,Monday,low,68.0,0.0,50.0,0.0,7.0
2:30:00 PM,23,Monday,normal,75.0,0.0,50.0,0.0,0.0
2:45:00 PM,23,Monday,normal,59.0,0.0,50.0,0.0,50.0
3:00:00 PM,23,Monday,normal,109.0,0.0,50.0,0.0,20.0
3:15:00 PM,23,Monday,normal,129.0,0.0,50.0,0.0,0.0
3:30:00 PM,23,Monday,normal,87.0,0.0,50.0,0.0,87.0
3:45:00 PM,23,Monday,heavy,174.0,0.0,50.0,0.0,0.0
4:00:00 PM,23,Monday,normal,156.0,0.0,50.0,0.0,37.0
4:15:00 PM,23,Monday,heavy,193.0,12.999999999999984,39.166666666666686,32.49999999999996,0.0
4:30:00 PM,23,Monday,heavy,184.0,4.000000000000001,46.666666666666664,10.000000000000002,0.0
4:45:00 PM,23,Monday,normal,161.0,0.0,50.0,0.0,21.0
5:00:00 PM,23,Monday,heavy,182.0,1.999999999999988,48.33333333333334,4.99999999999997,31.0
5:15:00 PM,23,Monday,heavy,213.0,32.999999999999986,22.500000000000014,82.49999999999996,0.0
5:30:00 PM,23,Monday,heavy,207.0,27.0,27.500000000000004,67.5,0.0
5:45:00 PM,23,Monday,heavy,203.0,23.0,30.833333333333336,57.5,0.0
6:00:00 PM,23,Monday,heavy,195.0,14.999999999999996,37.5,37.499999999999986,0.0
6:15:00 PM,23,Monday,heavy,177.0,0.0,50.0,0.0,0.0
6:30:00 PM,23,Monday,normal,125.0,0.0,50.0,0.0,0.0
6:45:00 PM,23,Monday,low,79.0,0.0,50.0,0.0,85.0
7:00:00 PM,23,Monday,high,164.0,0.0,50.0,0.0,0.0
7:15:00 PM,23,Monday,normal,107.0,0.0,50.0,0.0,14.0
7:30:00 PM,23,Monday,normal,121.0,0.0,50.0,0.0,0.0
7:45:00 PM,23,Monday,normal,102.0,0.0,50.0,0.0,2.0
8:00:00 PM,23,Monday,normal,104.0,0.0,50.0,0.0,48.0
8:15:00 PM,23,Monday,normal,152.0,0.0,50.0,0.0,0.0
8:30:00 PM,23,Monday,high,130.0,0.0,50.0,0.0,35.0
8:45:00 PM,23,Monday,high,165.0,0.0,50.0,0.0,0.0
9:00:00 PM,23,Monday,normal,133.0,0.0,50.0,0.0,13.0
9:15:00 PM,23,Monday,normal,146.0,0.0,50.0,0.0,0.0
9:30:00 PM,23,Monday,normal,133.0,0.0,50.0,0.0,0.0
9:45:00 PM,23,Monday,normal,43.0,0.0,50.0,0.0,13.0
10:00:00 PM,23,Monday,normal,56.0,0.0,50.0,0.0,0.0
10:15:00 PM,23,Monday,normal,48.0,0.0,50.0,0.0,0.0
10:30:00 PM,23,Monday,normal,45.0,0.0,50.0,0.0,0.0
10:45:00 PM,23,Monday,normal,37.0,0.0,50.0,0.0,9.0
11:00:00 PM,23,Monday,normal,46.0,0.0,50.0,0.0,0.0
11:15:00 PM,23,Monday,normal,37.0,0.0,50.0,0.0,9.0
11:30:00 PM,23,Monday,normal,46.0,0.0,50.0,0.0,0.0
11:45:00 PM,23,Monday,normal,35.0,0.0,50.0,0.0,3.0
12:00:00 AM,24,Tuesday,normal,38.0,0.0,50.0,0.0,13.0
12:15:00 AM,24,Tuesday,normal,51.0,0.0,50.0,0.0,0.0
12:30:00 AM,24,Tuesday,normal,38.0,0.0,50.0,0.0,0.0
12:45:00 AM,24,Tuesday,normal,27.0,0.0,50.0,0.0,8.0
1:00:00 AM,24,Tuesday,normal,35.0,0.0,50.0,0.0,10.0
1:15:00 AM,24,Tuesday,normal,45.0,0.0,50.0,0.0,3.0
1:30:00 AM,24,Tuesday,normal,48.0,0.0,50.0,0.0,0.0
1:45:00 AM,24,Tuesday,normal,34.0,0.0,50.0,0.0,9.0
2:00:00 AM,24,Tuesday,normal,43.0,0.0,50.0,0.0,11.0
2:15:00 AM,24,Tuesday,normal,54.0,0.0,50.0,0.0,0.0
2:30:00 AM,24,Tuesday,normal,39.0,0.0,50.0,0.0,7.0
2:45:00 AM,24,Tuesday,normal,46.0,0.0,50.0,0.0,2.0
3:00:00 AM,24,Tuesday,normal,48.0,0.0,50.0,0.0,0.0
3:15:00 AM,24,Tuesday,normal,44.0,0.0,50.0,0.0,0.0
3:30:00 AM,24,Tuesday,normal,40.0,0.0,50.0,0.0,7.0
3:45:00 AM,24,Tuesday,normal,47.0,0.0,50.0,0.0,50.0
4:00:00 AM,24,Tuesday,low,97.0,0.0,50.0,0.0,21.0
4:15:00 AM,24,Tuesday,normal,118.0,0.0,50.0,0.0,0.0
4:30:00 AM,24,Tuesday,normal,106.0,0.0,50.0,0.0,7.0
4:45:00 AM,24,Tuesday,normal,113.0,0.0,50.0,0.0,0.0
5:00:00 AM,24,Tuesday,low,74.0,0.0,50.0,0.0,33.0
5:15:00 AM,24,Tuesday,low,107.0,0.0,50.0,0.0,0.0
5:30:00 AM,24,Tuesday,normal,84.0,0.0,50.0,0.0,46.0
5:45:00 AM,24,Tuesday,normal,130.0,0.0,50.0,0.0,39.0
6:00:00 AM,24,Tuesday,heavy,169.0,0.0,50.0,0.0,0.0
6:15:00 AM,24,Tuesday,normal,147.0,0.0,50.0,0.0,30.0
6:30:00 AM,24,Tuesday,heavy,177.0,0.0,50.0,0.0,0.0
6:45:00 AM,24,Tuesday,normal,131.0,0.0,50.0,0.0,0.0
7:00:00 AM,24,Tuesday,normal,123.0,0.0,50.0,0.0,21.0
7:15:00 AM,24,Tuesday,normal,144.0,0.0,50.0,0.0,5.0
7:30:00 AM,24,Tuesday,normal,149.0,0.0,50.0,0.0,43.0
7:45:00 AM,24,Tuesday,heavy,192.0,12.000000000000002,40.0,30.000000000000004,0.0
8:00:00 AM,24,Tuesday,heavy,170.0,0.0,50.0,0.0,0.0
8:15:00 AM,24,Tuesday,normal,136.0,0.0,50.0,0.0,40.0
8:30:00 AM,24,Tuesday,heavy,176.0,0.0,50.0,0.0,11.0
8:45:00 AM,24,Tuesday,heavy,187.0,6.999999999999995,44.16666666666667,17.499999999999986,0.0
9:00:00 AM,24,Tuesday,normal,122.0,0.0,50.0,0.0,6.0
9:15:00 AM,24,Tuesday,normal,128.0,0.0,50.0,0.0,0.0
9:30:00 AM,24,Tuesday,normal,76.0,0.0,50.0,0.0,6.0
9:45:00 AM,24,Tuesday,low,82.0,0.0,50.0,0.0,6.0
10:00:00 AM,24,Tuesday,normal,88.0,0.0,50.0,0.0,21.0
10:15:00 AM,24,Tuesday,normal,109.0,0.0,50.0,0.0,0.0
10:30:00 AM,24,Tuesday,normal,101.0,0.0,50.0,0.0,0.0
10:45:00 AM,24,Tuesday,normal,94.0,0.0,50.0,0.0,0.0
11:00:00 AM,24,Tuesday,normal,87.0,0.0,50.0,0.0,24.0
11:15:00 AM,24,Tuesday,normal,111.0,0.0,50.0,0.0,0.0
11:30:00 AM,24,Tuesday,normal,107.0,0.0,50.0,0.0,0.0
11:45:00 AM,24,Tuesday,normal,70.0,0.0,50.0,0.0,39.0
12:00:00 PM,24,Tuesday,normal,109.0,0.0,50.0,0.0,0.0
12:15:00 PM,24,Tuesday,normal,82.0,0.0,50.0,0.0,0.0
12:30:00 PM,24,Tuesday,normal,61.0,0.0,50.0,0.0,33.0
12:45:00 PM,24,Tuesday,normal,94.0,0.0,50.0,0.0,22.0
1:00:00 PM,24,Tuesday,high,116.0,0.0,50.0,0.0,0.0
1:15:00 PM,24,Tuesday,normal,107.0,0.0,50.0,0.0,0.0
1:30:00 PM,24,Tuesday,low,31.0,0.0,50.0,0.0,28.0
1:45:00 PM,24,Tuesday,normal,59.0,0.0,50.0,0.0,33.0
2:00:00 PM,24,Tuesday,low,92.0,0.0,50.0,0.0,8.0
2:15:00 PM,24,Tuesday,normal,100.0,0.0,50.0,0.0,0.0
2:30:00 PM,24,Tuesday,normal,85.0,0.0,50.0,0.0,11.0
2:45:00 PM,24,Tuesday,normal,96.0,0.0,50.0,0.0,0.0
3:00:00 PM,24,Tuesday,normal,82.0,0.0,50.0,0.0,37.0
3:15:00 PM,24,Tuesday,normal,119.0,0.0,50.0,0.0,0.0
3:30:00 PM,24,Tuesday,high,117.0,0.0,50.0,0.0,65.0
3:45:00 PM,24,Tuesday,heavy,182.0,1.999999999999988,48.33333333333334,4.99999999999997,9.0
4:00:00 PM,24,Tuesday,heavy,191.0,10.999999999999996,40.833333333333336,27.49999999999999,0.0
4:15:00 PM,24,Tuesday,heavy,186.0,5.9999999999999885,45.00000000000001,14.99999999999997,15.0
4:30:00 PM,24,Tuesday,heavy,201.0,20.999999999999986,32.500000000000014,52.499999999999964,0.0
4:45:00 PM,24,Tuesday,heavy,200.0,19.99999999999998,33.33333333333335,49.99999999999994,0.0
5:00:00 PM,24,Tuesday,high,165.0,0.0,50.0,0.0,19.0
5:15:00 PM,24,Tuesday,heavy,184.0,4.000000000000001,46.666666666666664,10.000000000000002,0.0
5:30:00 PM,24,Tuesday,heavy,171.0,0.0,50.0,0.0,21.0
5:45:00 PM,24,Tuesday,heavy,192.0,12.000000000000002,40.0,30.000000000000004,5.0
6:00:00 PM,24,Tuesday,heavy,197.0,16.999999999999986,35.83333333333334,42.499999999999964,0.0
6:15:00 PM,24,Tuesday,normal,146.0,0.0,50.0,0.0,0.0
6:30:00 PM,24,Tuesday,normal,112.0,0.0,50.0,0.0,0.0
6:45:00 PM,24,Tuesday,normal,108.0,0.0,50.0,0.0,27.0
7:00:00 PM,24,Tuesday,normal,135.0,0.0,50.0,0.0,4.0
7:15:00 PM,24,Tuesday,normal,139.0,0.0,50.0,0.0,0.0
7:30:00 PM,24,Tuesday,normal,106.0,0.0,50.0,0.0,13.0
7:45:00 PM,24,Tuesday,normal,119.0,0.0,50.0,0.0,0.0
8:00:00 PM,24,Tuesday,low,92.0,0.0,50.0,0.0,18.0
8:15:00 PM,24,Tuesday,low,110.0,0.0,50.0,0.0,56.0
8:30:00 PM,24,Tuesday,normal,166.0,0.0,50.0,0.0,0.0
8:45:00 PM,24,Tuesday,high,114.0,0.0,50.0,0.0,0.0
9:00:00 PM,24,Tuesday,normal,105.0,0.0,50.0,0.0,34.0
9:15:00 PM,24,Tuesday,high,139.0,0.0,50.0,0.0,0.0
9:30:00 PM,24,Tuesday,normal,117.0,0.0,50.0,0.0,0.0
9:45:00 PM,24,Tuesday,normal,40.0,0.0,50.0,0.0,0.0
10:00:00 PM,24,Tuesday,normal,32.0,0.0,50.0,0.0,5.0
10:15:00 PM,24,Tuesday,normal,37.0,0.0,50.0,0.0,11.0
10:30:00 PM,24,Tuesday,normal,48.0,0.0,50.0,0.0,0.0
10:45:00 PM,24,Tuesday,normal,39.0,0.0,50.0,0.0,14.0
11:00:00 PM,24,Tuesday,normal,53.0,0.0,50.0,0.0,0.0
11:15:00 PM,24,Tuesday,normal,48.0,0.0,50.0,0.0,0.0
11:30:00 PM,24,Tuesday,normal,42.0,0.0,50.0,0.0,0.0
11:45:00 PM,24,Tuesday,normal,37.0,0.0,50.0,0.0,6.0
12:00:00 AM,25,Wednesday,normal,43.0,0.0,50.0,0.0,0.0
12:15:00 AM,25,Wednesday,normal,35.0,0.0,50.0,0.0,16.0
12:30:00 AM,25,Wednesday,normal,51.0,0.0,50.0,0.0,0.0
12:45:00 AM,25,Wednesday,normal,50.0,0.0,50.0,0.0,0.0
1:00:00 AM,25,Wednesday,normal,38.0,0.0,50.0,0.0,10.0
1:15:00 AM,25,Wednesday,normal,48.0,0.0,50.0,0.0,0.0
1:30:00 AM,25,Wednesday,normal,35.0,0.0,50.0,0.0,13.0
1:45:00 AM,25,Wednesday,normal,48.0,0.0,50.0,0.0,0.0
2:00:00 AM,25,Wednesday,normal,39.0,0.0,50.0,0.0,13.0
2:15:00 AM,25,Wednesday,normal,52.0,0.0,50.0,0.0,0.0
2:30:00 AM,25,Wednesday,normal,47.0,0.0,50.0,0.0,4.0
2:45:00 AM,25,Wednesday,normal,51.0,0.0,50.0,0.0,0.0
3:00:00 AM,25,Wednesday,normal,48.0,0.0,50.0,0.0,0.0
3:15:00 AM,25,Wednesday,normal,39.0,0.0,50.0,0.0,14.0
3:30:00 AM,25,Wednesday,normal,53.0,0.0,50.0,0.0,0.0
3:45:00 AM,25,Wednesday,normal,45.0,0.0,50.0,0.0,47.0
4:00:00 AM,25,Wednesday,normal,92.0,0.0,50.0,0.0,0.0
4:15:00 AM,25,Wednesday,normal,83.0,0.0,50.0,0.0,13.0
4:30:00 AM,25,Wednesday,normal,96.0,0.0,50.0,0.0,0.0
4:45:00 AM,25,Wednesday,normal,93.0,0.0,50.0,0.0,0.0
5:00:00 AM,25,Wednesday,normal,92.0,0.0,50.0,0.0,9.0
5:15:00 AM,25,Wednesday,normal,101.0,0.0,50.0,0.0,0.0
5:30:00 AM,25,Wednesday,normal,101.0,0.0,50.0,0.0,68.0
5:45:00 AM,25,Wednesday,heavy,169.0,0.0,50.0,0.0,0.0
6:00:00 AM,25,Wednesday,normal,159.0,0.0,50.0,0.0,0.0
6:15:00 AM,25,Wednesday,normal,140.0,0.0,50.0,0.0,18.0
6:30:00 AM,25,Wednesday,normal,158.0,0.0,50.0,0.0,42.0
6:45:00 AM,25,Wednesday,heavy,200.0,19.99999999999998,33.33333333333335,49.99999999999994,0.0
7:00:00 AM,25,Wednesday,heavy,183.0,2.9999999999999942,47.5,7.499999999999985,0.0
7:15:00 AM,25,Wednesday,normal,152.0,0.0,50.0,0.0,0.0
7:30:00 AM,25,Wednesday,normal,141.0,0.0,50.0,0.0,33.0
7:45:00 AM,25,Wednesday,heavy,174.0,0.0,50.0,0.0,9.0
8:00:00 AM,25,Wednesday,heavy,183.0,2.9999999999999942,47.5,7.499999999999985,0.0
8:15:00 AM,25,Wednesday,normal,127.0,0.0,50.0,0.0,8.0
8:30:00 AM,25,Wednesday,normal,135.0,0.0,50.0,0.0,36.0
8:45:00 AM,25,Wednesday,heavy,171.0,0.0,50.0,0.0,0.0
9:00:00 AM,25,Wednesday,normal,73.0,0.0,50.0,0.0,57.0
9:15:00 AM,25,Wednesday,normal,130.0,0.0,50.0,0.0,0.0
9:30:00 AM,25,Wednesday,normal,95.0,0.0,50.0,0.0,14.0
9:45:00 AM,25,Wednesday,normal,109.0,0.0,50.0,0.0,0.0
10:00:00 AM,25,Wednesday,normal,94.0,0.0,50.0,0.0,0.0
10:15:00 AM,25,Wednesday,low,81.0,0.0,50.0,0.0,30.0
10:30:00 AM,25,Wednesday,normal,111.0,0.0,50.0,0.0,3.0
10:45:00 AM,25,Wednesday,high,114.0,0.0,50.0,0.0,0.0
11:00:00 AM,25,Wednesday,normal,64.0,0.0,50.0,0.0,33.0
11:15:00 AM,25,Wednesday,normal,97.0,0.0,50.0,0.0,0.0
11:30:00 AM,25,Wednesday,normal,86.0,0.0,50.0,0.0,0.0
11:45:00 AM,25,Wednesday,normal,86.0,0.0,50.0,0.0,0.0
12:00:00 PM,25,Wednesday,normal,79.0,0.0,50.0,0.0,20.0
12:15:00 PM,25,Wednesday,normal,99.0,0.0,50.0,0.0,5.0
12:30:00 PM,25,Wednesday,normal,104.0,0.0,50.0,0.0,8.0
12:45:00 PM,25,Wednesday,normal,112.0,0.0,50.0,0.0,0.0
1:00:00 PM,25,Wednesday,normal,80.0,0.0,50.0,0.0,24.0
1:15:00 PM,25,Wednesday,low,104.0,0.0,50.0,0.0,0.0
1:30:00 PM,25,Wednesday,normal,78.0,0.0,50.0,0.0,36.0
1:45:00 PM,25,Wednesday,normal,114.0,0.0,50.0,0.0,16.0
2:00:00 PM,25,Wednesday,normal,130.0,0.0,50.0,0.0,0.0
2:15:00 PM,25,Wednesday,normal,121.0,0.0,50.0,0.0,0.0
2:30:00 PM,25,Wednesday,normal,58.0,0.0,50.0,0.0,0.0
2:45:00 PM,25,Wednesday,normal,54.0,0.0,50.0,0.0,3.0
3:00:00 PM,25,Wednesday,low,57.0,0.0,50.0,0.0,55.0
3:15:00 PM,25,Wednesday,normal,112.0,0.0,50.0,0.0,0.0
3:30:00 PM,25,Wednesday,normal,57.0,0.0,50.0,0.0,139.0
3:45:00 PM,25,Wednesday,heavy,196.0,15.999999999999979,36.66666666666668,39.99999999999994,0.0
4:00:00 PM,25,Wednesday,heavy,191.0,10.999999999999996,40.833333333333336,27.49999999999999,0.0
4:15:00 PM,25,Wednesday,normal,165.0,0.0,50.0,0.0,18.0
4:30:00 PM,25,Wednesday,heavy,183.0,2.9999999999999942,47.5,7.499999999999985,0.0
4:45:00 PM,25,Wednesday,heavy,176.0,0.0,50.0,0.0,0.0
5:00:00 PM,25,Wednesday,heavy,168.0,0.0,50.0,0.0,21.0
5:15:00 PM,25,Wednesday,heavy,189.0,8.999999999999982,42.500000000000014,22.499999999999954,0.0
5:30:00 PM,25,Wednesday,normal,146.0,0.0,50.0,0.0,53.0
5:45:00 PM,25,Wednesday,heavy,199.0,18.999999999999996,34.166666666666664,47.499999999999986,2.0
6:00:00 PM,25,Wednesday,heavy,201.0,20.999999999999986,32.500000000000014,52.499999999999964,0.0
6:15:00 PM,25,Wednesday,heavy,187.0,6.999999999999995,44.16666666666667,17.499999999999986,0.0
6:30:00 PM,25,Wednesday,high,156.0,0.0,50.0,0.0,0.0
6:45:00 PM,25,Wednesday,normal,136.0,0.0,50.0,0.0,12.0
7:00:00 PM,25,Wednesday,normal,148.0,0.0,50.0,0.0,0.0
7:15:00 PM,25,Wednesday,low,89.0,0.0,50.0,0.0,48.0
7:30:00 PM,25,Wednesday,normal,137.0,0.0,50.0,0.0,16.0
7:45:00 PM,25,Wednesday,normal,153.0,0.0,50.0,0.0,0.0
8:00:00 PM,25,Wednesday,normal,151.0,0.0,50.0,0.0,0.0
8:15:00 PM,25,Wednesday,high,129.0,0.0,50.0,0.0,0.0
8:30:00 PM,25,Wednesday,normal,120.0,0.0,50.0,0.0,30.0
8:45:00 PM,25,Wednesday,normal,150.0,0.0,50.0,0.0,0.0
9:00:00 PM,25,Wednesday,normal,106.0,0.0,50.0,0.0,24.0
9:15:00 PM,25,Wednesday,high,130.0,0.0,50.0,0.0,33.0
9:30:00 PM,25,Wednesday,normal,163.0,0.0,50.0,0.0,0.0
9:45:00 PM,25,Wednesday,normal,34.0,0.0,50.0,0.0,0.0
10:00:00 PM,25,Wednesday,normal,28.0,0.0,50.0,0.0,25.0
10:15:00 PM,25,Wednesday,normal,53.0,0.0,50.0,0.0,0.0
10:30:00 PM,25,Wednesday,normal,31.0,0.0,50.0,0.0,0.0
10:45:00 PM,25,Wednesday,normal,29.0,0.0,50.0,0.0,20.0
11:00:00 PM,25,Wednesday,normal,49.0,0.0,50.0,0.0,0.0
11:15:00 PM,25,Wednesday,normal,36.0,0.0,50.0,0.0,2.0
11:30:00 PM,25,Wednesday,normal,38.0,0.0,50.0,0.0,12.0
11:45:00 PM,25,Wednesday,normal,50.0,0.0,50.0,0.0,3.0
12:00:00 AM,26,Thursday,normal,53.0,0.0,50.0,0.0,0.0
12:15:00 AM,26,Thursday,normal,41.0,0.0,50.0,0.0,0.0
12:30:00 AM,26,Thursday,normal,41.0,0.0,50.0,0.0,8.0
12:45:00 AM,26,Thursday,normal,49.0,0.0,50.0,0.0,0.0
1:00:00 AM,26,Thursday,normal,44.0,0.0,50.0,0.0,0.0
1:15:00 AM,26,Thursday,normal,32.0,0.0,50.0,0.0,0.0
1:30:00 AM,26,Thursday,normal,30.0,0.0,50.0,0.0,0.0
1:45:00 AM,26,Thursday,normal,29.0,0.0,50.0,0.0,3.0
2:00:00 AM,26,Thursday,normal,32.0,0.0,50.0,0.0,11.0
2:15:00 AM,26,Thursday,normal,43.0,0.0,50.0,0.0,1.0
2:30:00 AM,26,Thursday,normal,44.0,0.0,50.0,0.0,9.0
2:45:00 AM,26,Thursday,normal,53.0,0.0,50.0,0.0,0.0
3:00:00 AM,26,Thursday,normal,36.0,0.0,50.0,0.0,0.0
3:15:00 AM,26,Thursday,normal,34.0,0.0,50.0,0.0,3.0
3:30:00 AM,26,Thursday,normal,37.0,0.0,50.0,0.0,19.0
3:45:00 AM,26,Thursday,normal,56.0,0.0,50.0,0.0,41.0
4:00:00 AM,26,Thursday,low,97.0,0.0,50.0,0.0,0.0
4:15:00 AM,26,Thursday,low,81.0,0.0,50.0,0.0,15.0
4:30:00 AM,26,Thursday,normal,96.0,0.0,50.0,0.0,23.0
4:45:00 AM,26,Thursday,normal,119.0,0.0,50.0,0.0,0.0
5:00:00 AM,26,Thursday,low,80.0,0.0,50.0,0.0,16.0
5:15:00 AM,26,Thursday,normal,96.0,0.0,50.0,0.0,8.0
5:30:00 AM,26,Thursday,low,104.0,0.0,50.0,0.0,27.0
5:45:00 AM,26,Thursday,normal,131.0,0.0,50.0,0.0,32.0
6:00:00 AM,26,Thursday,normal,163.0,0.0,50.0,0.0,2.0
6:15:00 AM,26,Thursday,normal,165.0,0.0,50.0,0.0,0.0
6:30:00 AM,26,Thursday,normal,133.0,0.0,50.0,0.0,47.0
6:45:00 AM,26,Thursday,heavy,180.0,0.0,50.0,0.0,0.0
7:00:00 AM,26,Thursday,normal,148.0,0.0,50.0,0.0,23.0
7:15:00 AM,26,Thursday,heavy,171.0,0.0,50.0,0.0,18.0
7:30:00 AM,26,Thursday,heavy,189.0,8.999999999999982,42.500000000000014,22.499999999999954,0.0
7:45:00 AM,26,Thursday,normal,147.0,0.0,50.0,0.0,35.0
8:00:00 AM,26,Thursday,heavy,182.0,1.999999999999988,48.33333333333334,4.99999999999997,0.0
8:15:00 AM,26,Thursday,heavy,178.0,0.0,50.0,0.0,0.0
8:30:00 AM,26,Thursday,heavy,171.0,0.0,50.0,0.0,0.0
8:45:00 AM,26,Thursday,normal,130.0,0.0,50.0,0.0,0.0
9:00:00 AM,26,Thursday,normal,111.0,0.0,50.0,0.0,10.0
9:15:00 AM,26,Thursday,normal,121.0,0.0,50.0,0.0,0.0
9:30:00 AM,26,Thursday,low,74.0,0.0,50.0,0.0,0.0
9:45:00 AM,26,Thursday,normal,73.0,0.0,50.0,0.0,16.0
10:00:00 AM,26,Thursday,normal,89.0,0.0,50.0,0.0,24.0
10:15:00 AM,26,Thursday,normal,113.0,0.0,50.0,0.0,0.0
10:30:00 AM,26,Thursday,low,75.0,0.0,50.0,0.0,12.0
10:45:00 AM,26,Thursday,normal,87.0,0.0,50.0,0.0,0.0
11:00:00 AM,26,Thursday,normal,47.0,0.0,50.0,0.0,68.0
11:15:00 AM,26,Thursday,normal,115.0,0.0,50.0,0.0,0.0
11:30:00 AM,26,Thursday,normal,76.0,0.0,50.0,0.0,0.0
11:45:00 AM,26,Thursday,normal,56.0,0.0,50.0,0.0,31.0
12:00:00 PM,26,Thursday,normal,87.0,0.0,50.0,0.0,11.0
12:15:00 PM,26,Thursday,normal,98.0,0.0,50.0,0.0,0.0
12:30:00 PM,26,Thursday,normal,53.0,0.0,50.0,0.0,37.0
12:45:00 PM,26,Thursday,normal,90.0,0.0,50.0,0.0,4.0
1:00:00 PM,26,Thursday,normal,94.0,0.0,50.0,0.0,25.0
1:15:00 PM,26,Thursday,normal,119.0,0.0,50.0,0.0,0.0
1:30:00 PM,26,Thursday,high,119.0,0.0,50.0,0.0,0.0
1:45:00 PM,26,Thursday,normal,103.0,0.0,50.0,0.0,0.0
2:00:00 PM,26,Thursday,normal,88.0,0.0,50.0,0.0,65.0
2:15:00 PM,26,Thursday,high,153.0,0.0,50.0,0.0,0.0
2:30:00 PM,26,Thursday,high,143.0,0.0,50.0,0.0,0.0
2:45:00 PM,26,Thursday,high,118.0,0.0,50.0,0.0,5.0
3:00:00 PM,26,Thursday,normal,123.0,0.0,50.0,0.0,13.0
3:15:00 PM,26,Thursday,normal,136.0,0.0,50.0,0.0,2.0
3:30:00 PM,26,Thursday,normal,138.0,0.0,50.0,0.0,16.0
3:45:00 PM,26,Thursday,normal,154.0,0.0,50.0,0.0,48.0
4:00:00 PM,26,Thursday,heavy,202.0,21.999999999999993,31.666666666666675,54.99999999999998,0.0
4:15:00 PM,26,Thursday,heavy,177.0,0.0,50.0,0.0,16.0
4:30:00 PM,26,Thursday,heavy,193.0,12.999999999999984,39.166666666666686,32.49999999999996,0.0
4:45:00 PM,26,Thursday,heavy,189.0,8.999999999999982,42.500000000000014,22.499999999999954,0.0
5:00:00 PM,26,Thursday,high,166.0,0.0,50.0,0.0,5.0
5:15:00 PM,26,Thursday,heavy,171.0,0.0,50.0,0.0,0.0
5:30:00 PM,26,Thursday,normal,166.0,0.0,50.0,0.0,22.0
5:45:00 PM,26,Thursday,heavy,188.0,8.000000000000002,43.333333333333336,20.000000000000004,3.0
6:00:00 PM,26,Thursday,heavy,191.0,10.999999999999996,40.833333333333336,27.49999999999999,11.0
6:15:00 PM,26,Thursday,heavy,202.0,21.999999999999993,31.666666666666675,54.99999999999998,0.0
6:30:00 PM,26,Thursday,normal,143.0,0.0,50.0,0.0,0.0
6:45:00 PM,26,Thursday,normal,100.0,0.0,50.0,0.0,3.0
7:00:00 PM,26,Thursday,normal,103.0,0.0,50.0,0.0,24.0
7:15:00 PM,26,Thursday,normal,127.0,0.0,50.0,0.0,0.0
7:30:00 PM,26,Thursday,normal,114.0,0.0,50.0,0.0,11.0
7:45:00 PM,26,Thursday,normal,125.0,0.0,50.0,0.0,4.0
8:00:00 PM,26,Thursday,normal,129.0,0.0,50.0,0.0,20.0
8:15:00 PM,26,Thursday,normal,149.0,0.0,50.0,0.0,0.0
8:30:00 PM,26,Thursday,normal,111.0,0.0,50.0,0.0,0.0
8:45:00 PM,26,Thursday,normal,110.0,0.0,50.0,0.0,1.0
9:00:00 PM,26,Thursday,normal,111.0,0.0,50.0,0.0,27.0
9:15:00 PM,26,Thursday,normal,138.0,0.0,50.0,0.0,15.0
9:30:00 PM,26,Thursday,normal,153.0,0.0,50.0,0.0,0.0
9:45:00 PM,26,Thursday,normal,54.0,0.0,50.0,0.0,0.0
10:00:00 PM,26,Thursday,normal,40.0,0.0,50.0,0.0,0.0
10:15:00 PM,26,Thursday,normal,34.0,0.0,50.0,0.0,6.0
10:30:00 PM,26,Thursday,normal,40.0,0.0,50.0,0.0,6.0
10:45:00 PM,26,Thursday,normal,46.0,0.0,50.0,0.0,0.0
11:00:00 PM,26,Thursday,normal,45.0,0.0,50.0,0.0,0.0
11:15:00 PM,26,Thursday,normal,37.0,0.0,50.0,0.0,11.0
11:30:00 PM,26,Thursday,normal,48.0,0.0,50.0,0.0,0.0
11:45:00 PM,26,Thursday,normal,36.0,0.0,50.0,0.0,5.0
12:00:00 AM,27,Friday,normal,41.0,0.0,50.0,0.0,8.0
12:15:00 AM,27,Friday,normal,49.0,0.0,50.0,0.0,0.0
12:30:00 AM,27,Friday,normal,40.0,0.0,50.0,0.0,14.0
12:45:00 AM,27,Friday,normal,54.0,0.0,50.0,0.0,0.0
1:00:00 AM,27,Friday,normal,47.0,0.0,50.0,0.0,2.0
1:15:00 AM,27,Friday,normal,49.0,0.0,50.0,0.0,2.0
1:30:00 AM,27,Friday,normal,51.0,0.0,50.0,0.0,0.0
1:45:00 AM,27,Friday,normal,46.0,0.0,50.0,0.0,7.0
2:00:00 AM,27,Friday,normal,53.0,0.0,50.0,0.0,0.0
2:15:00 AM,27,Friday,normal,44.0,0.0,50.0,0.0,0.0
2:30:00 AM,27,Friday,normal,42.0,0.0,50.0,0.0,0.0
2:45:00 AM,27,Friday,normal,32.0,0.0,50.0,0.0,0.0
3:00:00 AM,27,Friday,normal,32.0,0.0,50.0,0.0,6.0
3:15:00 AM,27,Friday,normal,38.0,0.0,50.0,0.0,10.0
3:30:00 AM,27,Friday,normal,48.0,0.0,50.0,0.0,1.0
3:45:00 AM,27,Friday,normal,49.0,0.0,50.0,0.0,43.0
4:00:00 AM,27,Friday,normal,92.0,0.0,50.0,0.0,0.0
4:15:00 AM,27,Friday,normal,72.0,0.0,50.0,0.0,49.0
4:30:00 AM,27,Friday,high,121.0,0.0,50.0,0.0,0.0
4:45:00 AM,27,Friday,high,119.0,0.0,50.0,0.0,2.0
5:00:00 AM,27,Friday,high,121.0,0.0,50.0,0.0,0.0
5:15:00 AM,27,Friday,normal,98.0,0.0,50.0,0.0,2.0
5:30:00 AM,27,Friday,normal,100.0,0.0,50.0,0.0,5.0
5:45:00 AM,27,Friday,normal,105.0,0.0,50.0,0.0,0.0
6:00:00 AM,27,Friday,normal,76.0,0.0,50.0,0.0,36.0
6:15:00 AM,27,Friday,high,112.0,0.0,50.0,0.0,16.0
6:30:00 AM,27,Friday,high,128.0,0.0,50.0,0.0,0.0
6:45:00 AM,27,Friday,normal,87.0,0.0,50.0,0.0,38.0
7:00:00 AM,27,Friday,high,125.0,0.0,50.0,0.0,17.0
7:15:00 AM,27,Friday,high,142.0,0.0,50.0,0.0,0.0
7:30:00 AM,27,Friday,normal,86.0,0.0,50.0,0.0,27.0
7:45:00 AM,27,Friday,high,113.0,0.0,50.0,0.0,0.0
8:00:00 AM,27,Friday,normal,103.0,0.0,50.0,0.0,11.0
8:15:00 AM,27,Friday,high,114.0,0.0,50.0,0.0,0.0
8:30:00 AM,27,Friday,normal,98.0,0.0,50.0,0.0,24.0
8:45:00 AM,27,Friday,high,122.0,0.0,50.0,0.0,38.0
9:00:00 AM,27,Friday,normal,160.0,0.0,50.0,0.0,15.0
9:15:00 AM,27,Friday,heavy,175.0,0.0,50.0,0.0,0.0
9:30:00 AM,27,Friday,heavy,168.0,0.0,50.0,0.0,18.0
9:45:00 AM,27,Friday,heavy,186.0,5.9999999999999885,45.00000000000001,14.99999999999997,21.0
10:00:00 AM,27,Friday,heavy,207.0,27.0,27.500000000000004,67.5,0.0
10:15:00 AM,27,Friday,heavy,185.0,4.999999999999982,45.83333333333335,12.499999999999956,13.0
10:30:00 AM,27,Friday,heavy,198.0,17.99999999999999,35.00000000000001,44.99999999999997,12.0
10:45:00 AM,27,Friday,heavy,210.0,29.999999999999993,25.000000000000007,74.99999999999997,0.0
11:00:00 AM,27,Friday,heavy,185.0,4.999999999999982,45.83333333333335,12.499999999999956,2.0
11:15:00 AM,27,Friday,heavy,187.0,6.999999999999995,44.16666666666667,17.499999999999986,0.0
11:30:00 AM,27,Friday,heavy,178.0,0.0,50.0,0.0,0.0
11:45:00 AM,27,Friday,normal,159.0,0.0,50.0,0.0,3.0
12:00:00 PM,27,Friday,normal,162.0,0.0,50.0,0.0,29.0
12:15:00 PM,27,Friday,heavy,191.0,10.999999999999996,40.833333333333336,27.49999999999999,0.0
12:30:00 PM,27,Friday,heavy,168.0,0.0,50.0,0.0,25.0
12:45:00 PM,27,Friday,heavy,193.0,12.999999999999984,39.166666666666686,32.49999999999996,4.0
1:00:00 PM,27,Friday,heavy,197.0,16.999999999999986,35.83333333333334,42.499999999999964,0.0
1:15:00 PM,27,Friday,heavy,170.0,0.0,50.0,0.0,19.0
1:30:00 PM,27,Friday,heavy,189.0,8.999999999999982,42.500000000000014,22.499999999999954,2.0
1:45:00 PM,27,Friday,heavy,191.0,10.999999999999996,40.833333333333336,27.49999999999999,3.0
2:00:00 PM,27,Friday,heavy,194.0,13.99999999999999,38.33333333333334,34.99999999999997,0.0
2:15:00 PM,27,Friday,heavy,185.0,4.999999999999982,45.83333333333335,12.499999999999956,0.0
2:30:00 PM,27,Friday,heavy,178.0,0.0,50.0,0.0,0.0
2:45:00 PM,27,Friday,normal,161.0,0.0,50.0,0.0,0.0
3:00:00 PM,27,Friday,normal,112.0,0.0,50.0,0.0,7.0
3:15:00 PM,27,Friday,normal,119.0,0.0,50.0,0.0,0.0
3:30:00 PM,27,Friday,normal,104.0,0.0,50.0,0.0,0.0
3:45:00 PM,27,Friday,low,98.0,0.0,50.0,0.0,0.0
4:00:00 PM,27,Friday,low,81.0,0.0,50.0,0.0,3.0
4:15:00 PM,27,Friday,low,84.0,0.0,50.0,0.0,25.0
4:30:00 PM,27,Friday,low,109.0,0.0,50.0,0.0,0.0
4:45:00 PM,27,Friday,low,84.0,0.0,50.0,0.0,44.0
5:00:00 PM,27,Friday,normal,128.0,0.0,50.0,0.0,0.0
5:15:00 PM,27,Friday,low,100.0,0.0,50.0,0.0,19.0
5:30:00 PM,27,Friday,normal,119.0,0.0,50.0,0.0,0.0
5:45:00 PM,27,Friday,low,84.0,0.0,50.0,0.0,5.0
6:00:00 PM,27,Friday,low,89.0,0.0,50.0,0.0,3.0
6:15:00 PM,27,Friday,low,92.0,0.0,50.0,0.0,30.0
6:30:00 PM,27,Friday,normal,122.0,0.0,50.0,0.0,0.0
6:45:00 PM,27,Friday,low,93.0,0.0,50.0,0.0,0.0
7:00:00 PM,27,Friday,normal,61.0,0.0,50.0,0.0,4.0
7:15:00 PM,27,Friday,normal,65.0,0.0,50.0,0.0,0.0
7:30:00 PM,27,Friday,normal,61.0,0.0,50.0,0.0,26.0
7:45:00 PM,27,Friday,normal,87.0,0.0,50.0,0.0,0.0
8:00:00 PM,27,Friday,normal,68.0,0.0,50.0,0.0,0.0
8:15:00 PM,27,Friday,normal,67.0,0.0,50.0,0.0,0.0
8:30:00 PM,27,Friday,normal,59.0,0.0,50.0,0.0,20.0
8:45:00 PM,27,Friday,normal,79.0,0.0,50.0,0.0,0.0
9:00:00 PM,27,Friday,normal,64.0,0.0,50.0,0.0,14.0
9:15:00 PM,27,Friday,normal,78.0,0.0,50.0,0.0,0.0
9:30:00 PM,27,Friday,normal,73.0,0.0,50.0,0.0,0.0
9:45:00 PM,27,Friday,normal,42.0,0.0,50.0,0.0,12.0
10:00:00 PM,27,Friday,normal,54.0,0.0,50.0,0.0,0.0
10:15:00 PM,27,Friday,normal,40.0,0.0,50.0,0.0,2.0
10:30:00 PM,27,Friday,normal,42.0,0.0,50.0,0.0,0.0
10:45:00 PM,27,Friday,normal,33.0,0.0,50.0,0.0,2.0
11:00:00 PM,27,Friday,normal,35.0,0.0,50.0,0.0,7.0
11:15:00 PM,27,Friday,normal,42.0,0.0,50.0,0.0,13.0
11:30:00 PM,27,Friday,normal,55.0,0.0,50.0,0.0,0.0
11:45:00 PM,27,Friday,normal,46.0,0.0,50.0,0.0,0.0
12:00:00 AM,28,Saturday,normal,46.0,0.0,50.0,0.0,1.0
12:15:00 AM,28,Saturday,normal,47.0,0.0,50.0,0.0,7.0
12:30:00 AM,28,Saturday,normal,54.0,0.0,50.0,0.0,0.0
12:45:00 AM,28,Saturday,normal,39.0,0.0,50.0,0.0,0.0
1:00:00 AM,28,Saturday,normal,39.0,0.0,50.0,0.0,4.0
1:15:00 AM,28,Saturday,normal,43.0,0.0,50.0,0.0,8.0
1:30:00 AM,28,Saturday,normal,51.0,0.0,50.0,0.0,0.0
1:45:00 AM,28,Saturday,normal,50.0,0.0,50.0,0.0,0.0
2:00:00 AM,28,Saturday,normal,34.0,0.0,50.0,0.0,11.0
2:15:00 AM,28,Saturday,normal,45.0,0.0,50.0,0.0,9.0
2:30:00 AM,28,Saturday,normal,54.0,0.0,50.0,0.0,0.0
2:45:00 AM,28,Saturday,normal,52.0,0.0,50.0,0.0,0.0
3:00:00 AM,28,Saturday,normal,40.0,0.0,50.0,0.0,0.0
3:15:00 AM,28,Saturday,normal,35.0,0.0,50.0,0.0,1.0
3:30:00 AM,28,Saturday,normal,36.0,0.0,50.0,0.0,11.0
3:45:00 AM,28,Saturday,normal,47.0,0.0,50.0,0.0,57.0
4:00:00 AM,28,Saturday,normal,104.0,0.0,50.0,0.0,4.0
4:15:00 AM,28,Saturday,normal,108.0,0.0,50.0,0.0,7.0
4:30:00 AM,28,Saturday,normal,115.0,0.0,50.0,0.0,6.0
4:45:00 AM,28,Saturday,normal,121.0,0.0,50.0,0.0,0.0
5:00:00 AM,28,Saturday,normal,92.0,0.0,50.0,0.0,0.0
5:15:00 AM,28,Saturday,normal,86.0,0.0,50.0,0.0,0.0
5:30:00 AM,28,Saturday,low,81.0,0.0,50.0,0.0,97.0
5:45:00 AM,28,Saturday,heavy,178.0,0.0,50.0,0.0,10.0
6:00:00 AM,28,Saturday,heavy,188.0,8.000000000000002,43.333333333333336,20.000000000000004,0.0
6:15:00 AM,28,Saturday,normal,120.0,0.0,50.0,0.0,76.0
6:30:00 AM,28,Saturday,heavy,196.0,15.999999999999979,36.66666666666668,39.99999999999994,0.0
6:45:00 AM,28,Saturday,normal,140.0,0.0,50.0,0.0,3.0
7:00:00 AM,28,Saturday,normal,143.0,0.0,50.0,0.0,8.0
7:15:00 AM,28,Saturday,normal,151.0,0.0,50.0,0.0,4.0
7:30:00 AM,28,Saturday,normal,155.0,0.0,50.0,0.0,26.0
7:45:00 AM,28,Saturday,heavy,181.0,0.9999999999999815,49.16666666666668,2.4999999999999534,0.0
8:00:00 AM,28,Saturday,normal,165.0,0.0,50.0,0.0,2.0
8:15:00 AM,28,Saturday,normal,167.0,0.0,50.0,0.0,21.0
8:30:00 AM,28,Saturday,heavy,188.0,8.000000000000002,43.333333333333336,20.000000000000004,0.0
8:45:00 AM,28,Saturday,heavy,178.0,0.0,50.0,0.0,0.0
9:00:00 AM,28,Saturday,low,77.0,0.0,50.0,0.0,20.0
9:15:00 AM,28,Saturday,low,97.0,0.0,50.0,0.0,0.0
9:30:00 AM,28,Saturday,low,79.0,0.0,50.0,0.0,0.0
9:45:00 AM,28,Saturday,normal,75.0,0.0,50.0,0.0,58.0
10:00:00 AM,28,Saturday,high,133.0,0.0,50.0,0.0,0.0
10:15:00 AM,28,Saturday,normal,80.0,0.0,50.0,0.0,5.0
10:30:00 AM,28,Saturday,normal,85.0,0.0,50.0,0.0,9.0
10:45:00 AM,28,Saturday,normal,94.0,0.0,50.0,0.0,0.0
11:00:00 AM,28,Saturday,normal,89.0,0.0,50.0,0.0,0.0
11:15:00 AM,28,Saturday,normal,75.0,0.0,50.0,0.0,28.0
11:30:00 AM,28,Saturday,normal,103.0,0.0,50.0,0.0,0.0
11:45:00 AM,28,Saturday,normal,79.0,0.0,50.0,0.0,28.0
12:00:00 PM,28,Saturday,normal,107.0,0.0,50.0,0.0,4.0
12:15:00 PM,28,Saturday,normal,111.0,0.0,50.0,0.0,0.0
12:30:00 PM,28,Saturday,normal,79.0,0.0,50.0,0.0,0.0
12:45:00 PM,28,Saturday,normal,79.0,0.0,50.0,0.0,0.0
1:00:00 PM,28,Saturday,normal,54.0,0.0,50.0,0.0,63.0
1:15:00 PM,28,Saturday,normal,117.0,0.0,50.0,0.0,0.0
1:30:00 PM,28,Saturday,normal,111.0,0.0,50.0,0.0,16.0
1:45:00 PM,28,Saturday,normal,127.0,0.0,50.0,0.0,0.0
2:00:00 PM,28,Saturday,normal,86.0,0.0,50.0,0.0,0.0
2:15:00 PM,28,Saturday,normal,45.0,0.0,50.0,0.0,14.0
2:30:00 PM,28,Saturday,low,59.0,0.0,50.0,0.0,0.0
2:45:00 PM,28,Saturday,normal,52.0,0.0,50.0,0.0,49.0
3:00:00 PM,28,Saturday,normal,101.0,0.0,50.0,0.0,6.0
3:15:00 PM,28,Saturday,normal,107.0,0.0,50.0,0.0,0.0
3:30:00 PM,28,Saturday,normal,70.0,0.0,50.0,0.0,124.0
3:45:00 PM,28,Saturday,heavy,194.0,13.99999999999999,38.33333333333334,34.99999999999997,14.0
4:00:00 PM,28,Saturday,heavy,208.0,27.99999999999998,26.666666666666682,69.99999999999994,0.0
4:15:00 PM,28,Saturday,heavy,188.0,8.000000000000002,43.333333333333336,20.000000000000004,0.0
4:30:00 PM,28,Saturday,high,157.0,0.0,50.0,0.0,68.0
4:45:00 PM,28,Saturday,heavy,225.0,44.99999999999999,12.500000000000005,112.49999999999997,0.0
5:00:00 PM,28,Saturday,heavy,186.0,5.9999999999999885,45.00000000000001,14.99999999999997,0.0
5:15:00 PM,28,Saturday,heavy,168.0,0.0,50.0,0.0,11.0
5:30:00 PM,28,Saturday,heavy,179.0,0.0,50.0,0.0,16.0
5:45:00 PM,28,Saturday,heavy,195.0,14.999999999999996,37.5,37.499999999999986,0.0
6:00:00 PM,28,Saturday,heavy,180.0,0.0,50.0,0.0,32.0
6:15:00 PM,28,Saturday,heavy,212.0,31.999999999999982,23.33333333333335,79.99999999999996,0.0
6:30:00 PM,28,Saturday,normal,150.0,0.0,50.0,0.0,0.0
6:45:00 PM,28,Saturday,normal,119.0,0.0,50.0,0.0,0.0
7:00:00 PM,28,Saturday,low,94.0,0.0,50.0,0.0,17.0
7:15:00 PM,28,Saturday,normal,111.0,0.0,50.0,0.0,29.0
7:30:00 PM,28,Saturday,high,140.0,0.0,50.0,0.0,0.0
7:45:00 PM,28,Saturday,normal,105.0,0.0,50.0,0.0,0.0
8:00:00 PM,28,Saturday,normal,96.0,0.0,50.0,0.0,26.0
8:15:00 PM,28,Saturday,normal,122.0,0.0,50.0,0.0,13.0
8:30:00 PM,28,Saturday,normal,135.0,0.0,50.0,0.0,6.0
8:45:00 PM,28,Saturday,normal,141.0,0.0,50.0,0.0,0.0
9:00:00 PM,28,Saturday,normal,112.0,0.0,50.0,0.0,11.0
9:15:00 PM,28,Saturday,normal,123.0,0.0,50.0,0.0,28.0
9:30:00 PM,28,Saturday,normal,151.0,0.0,50.0,0.0,0.0
9:45:00 PM,28,Saturday,normal,43.0,0.0,50.0,0.0,0.0
10:00:00 PM,28,Saturday,normal,42.0,0.0,50.0,0.0,0.0
10:15:00 PM,28,Saturday,normal,39.0,0.0,50.0,0.0,10.0
10:30:00 PM,28,Saturday,normal,49.0,0.0,50.0,0.0,8.0
10:45:00 PM,28,Saturday,normal,57.0,0.0,50.0,0.0,0.0
11:00:00 PM,28,Saturday,normal,28.0,0.0,50.0,0.0,17.0
11:15:00 PM,28,Saturday,normal,45.0,0.0,50.0,0.0,0.0
11:30:00 PM,28,Saturday,normal,35.0,0.0,50.0,0.0,16.0
11:45:00 PM,28,Saturday,normal,51.0,0.0,50.0,0.0,0.0
12:00:00 AM,29,Sunday,normal,41.0,0.0,50.0,0.0,0.0
12:15:00 AM,29,Sunday,normal,29.0,0.0,50.0,0.0,16.0
12:30:00 AM,29,Sunday,normal,45.0,0.0,50.0,0.0,2.0
12:45:00 AM,29,Sunday,normal,47.0,0.0,50.0,0.0,3.0
1:00:00 AM,29,Sunday,normal,50.0,0.0,50.0,0.0,0.0
1:15:00 AM,29,Sunday,normal,35.0,0.0,50.0,0.0,21.0
1:30:00 AM,29,Sunday,normal,56.0,0.0,50.0,0.0,0.0
1:45:00 AM,29,Sunday,normal,36.0,0.0,50.0,0.0,18.0
2:00:00 AM,29,Sunday,normal,54.0,0.0,50.0,0.0,0.0
2:15:00 AM,29,Sunday,normal,46.0,0.0,50.0,0.0,0.0
2:30:00 AM,29,Sunday,normal,35.0,0.0,50.0,0.0,20.0
2:45:00 AM,29,Sunday,normal,55.0,0.0,50.0,0.0,0.0
3:00:00 AM,29,Sunday,normal,39.0,0.0,50.0,0.0,0.0
3:15:00 AM,29,Sunday,normal,26.0,0.0,50.0,0.0,2.0
3:30:00 AM,29,Sunday,normal,28.0,0.0,50.0,0.0,12.0
3:45:00 AM,29,Sunday,normal,40.0,0.0,50.0,0.0,45.0
4:00:00 AM,29,Sunday,low,85.0,0.0,50.0,0.0,5.0
4:15:00 AM,29,Sunday,normal,90.0,0.0,50.0,0.0,0.0
4:30:00 AM,29,Sunday,normal,87.0,0.0,50.0,0.0,28.0
4:45:00 AM,29,Sunday,normal,115.0,0.0,50.0,0.0,0.0
5:00:00 AM,29,Sunday,normal,92.0,0.0,50.0,0.0,14.0
5:15:00 AM,29,Sunday,low,106.0,0.0,50.0,0.0,0.0
5:30:00 AM,29,Sunday,normal,100.0,0.0,50.0,0.0,65.0
5:45:00 AM,29,Sunday,normal,165.0,0.0,50.0,0.0,4.0
6:00:00 AM,29,Sunday,heavy,169.0,0.0,50.0,0.0,0.0
6:15:00 AM,29,Sunday,normal,137.0,0.0,50.0,0.0,67.0
6:30:00 AM,29,Sunday,heavy,204.0,23.99999999999998,30.000000000000014,59.99999999999994,0.0
6:45:00 AM,29,Sunday,normal,137.0,0.0,50.0,0.0,35.0
7:00:00 AM,29,Sunday,heavy,172.0,0.0,50.0,0.0,20.0
7:15:00 AM,29,Sunday,heavy,192.0,12.000000000000002,40.0,30.000000000000004,5.0
7:30:00 AM,29,Sunday,heavy,197.0,16.999999999999986,35.83333333333334,42.499999999999964,0.0
7:45:00 AM,29,Sunday,heavy,193.0,12.999999999999984,39.166666666666686,32.49999999999996,0.0
8:00:00 AM,29,Sunday,normal,132.0,0.0,50.0,0.0,39.0
8:15:00 AM,29,Sunday,heavy,171.0,0.0,50.0,0.0,0.0
8:30:00 AM,29,Sunday,normal,160.0,0.0,50.0,0.0,0.0
8:45:00 AM,29,Sunday,normal,151.0,0.0,50.0,0.0,0.0
9:00:00 AM,29,Sunday,high,127.0,0.0,50.0,0.0,0.0
9:15:00 AM,29,Sunday,normal,99.0,0.0,50.0,0.0,0.0
9:30:00 AM,29,Sunday,normal,80.0,0.0,50.0,0.0,33.0
9:45:00 AM,29,Sunday,normal,113.0,0.0,50.0,0.0,0.0
10:00:00 AM,29,Sunday,normal,112.0,0.0,50.0,0.0,0.0
10:15:00 AM,29,Sunday,normal,85.0,0.0,50.0,0.0,23.0
10:30:00 AM,29,Sunday,normal,108.0,0.0,50.0,0.0,0.0
10:45:00 AM,29,Sunday,normal,62.0,0.0,50.0,0.0,41.0
11:00:00 AM,29,Sunday,normal,103.0,0.0,50.0,0.0,0.0
11:15:00 AM,29,Sunday,normal,83.0,0.0,50.0,0.0,0.0
11:30:00 AM,29,Sunday,normal,72.0,0.0,50.0,0.0,7.0
11:45:00 AM,29,Sunday,normal,79.0,0.0,50.0,0.0,26.0
12:00:00 PM,29,Sunday,normal,105.0,0.0,50.0,0.0,8.0
12:15:00 PM,29,Sunday,high,113.0,0.0,50.0,0.0,0.0
12:30:00 PM,29,Sunday,normal,62.0,0.0,50.0,0.0,17.0
12:45:00 PM,29,Sunday,normal,79.0,0.0,50.0,0.0,34.0
1:00:00 PM,29,Sunday,high,113.0,0.0,50.0,0.0,0.0
1:15:00 PM,29,Sunday,normal,59.0,0.0,50.0,0.0,15.0
1:30:00 PM,29,Sunday,normal,74.0,0.0,50.0,0.0,44.0
1:45:00 PM,29,Sunday,normal,118.0,0.0,50.0,0.0,0.0
2:00:00 PM,29,Sunday,low,95.0,0.0,50.0,0.0,11.0
2:15:00 PM,29,Sunday,normal,106.0,0.0,50.0,0.0,0.0
2:30:00 PM,29,Sunday,low,97.0,0.0,50.0,0.0,62.0
2:45:00 PM,29,Sunday,high,159.0,0.0,50.0,0.0,0.0
3:00:00 PM,29,Sunday,normal,98.0,0.0,50.0,0.0,0.0
3:15:00 PM,29,Sunday,normal,68.0,0.0,50.0,0.0,22.0
3:30:00 PM,29,Sunday,normal,90.0,0.0,50.0,0.0,101.0
3:45:00 PM,29,Sunday,heavy,191.0,10.999999999999996,40.833333333333336,27.49999999999999,25.0
4:00:00 PM,29,Sunday,heavy,216.0,35.99999999999998,20.000000000000018,89.99999999999994,0.0
4:15:00 PM,29,Sunday,heavy,169.0,0.0,50.0,0.0,17.0
4:30:00 PM,29,Sunday,heavy,186.0,5.9999999999999885,45.00000000000001,14.99999999999997,5.0
4:45:00 PM,29,Sunday,heavy,191.0,10.999999999999996,40.833333333333336,27.49999999999999,15.0
5:00:00 PM,29,Sunday,heavy,206.0,25.999999999999993,28.33333333333334,64.99999999999997,0.0
5:15:00 PM,29,Sunday,heavy,186.0,5.9999999999999885,45.00000000000001,14.99999999999997,0.0
5:30:00 PM,29,Sunday,heavy,185.0,4.999999999999982,45.83333333333335,12.499999999999956,0.0
5:45:00 PM,29,Sunday,normal,132.0,0.0,50.0,0.0,51.0
6:00:00 PM,29,Sunday,heavy,183.0,2.9999999999999942,47.5,7.499999999999985,0.0
6:15:00 PM,29,Sunday,normal,155.0,0.0,50.0,0.0,0.0
6:30:00 PM,29,Sunday,normal,121.0,0.0,50.0,0.0,28.0
6:45:00 PM,29,Sunday,normal,149.0,0.0,50.0,0.0,0.0
7:00:00 PM,29,Sunday,high,116.0,0.0,50.0,0.0,0.0
7:15:00 PM,29,Sunday,normal,105.0,0.0,50.0,0.0,6.0
7:30:00 PM,29,Sunday,normal,111.0,0.0,50.0,0.0,6.0
7:45:00 PM,29,Sunday,normal,117.0,0.0,50.0,0.0,0.0
8:00:00 PM,29,Sunday,normal,111.0,0.0,50.0,0.0,29.0
8:15:00 PM,29,Sunday,normal,140.0,0.0,50.0,0.0,18.0
8:30:00 PM,29,Sunday,normal,158.0,0.0,50.0,0.0,0.0
8:45:00 PM,29,Sunday,normal,118.0,0.0,50.0,0.0,43.0
9:00:00 PM,29,Sunday,normal,161.0,0.0,50.0,0.0,0.0
9:15:00 PM,29,Sunday,high,139.0,0.0,50.0,0.0,0.0
9:30:00 PM,29,Sunday,normal,112.0,0.0,50.0,0.0,0.0
9:45:00 PM,29,Sunday,normal,38.0,0.0,50.0,0.0,0.0
10:00:00 PM,29,Sunday,normal,38.0,0.0,50.0,0.0,5.0
10:15:00 PM,29,Sunday,normal,43.0,0.0,50.0,0.0,0.0
10:30:00 PM,29,Sunday,normal,39.0,0.0,50.0,0.0,0.0
10:45:00 PM,29,Sunday,normal,39.0,0.0,50.0,0.0,0.0
11:00:00 PM,29,Sunday,normal,29.0,0.0,50.0,0.0,16.0
11:15:00 PM,29,Sunday,normal,45.0,0.0,50.0,0.0,0.0
11:30:00 PM,29,Sunday,normal,32.0,0.0,50.0,0.0,20.0
11:45:00 PM,29,Sunday,normal,52.0,0.0,50.0,0.0,0.0
12:00:00 AM,30,Monday,normal,49.0,0.0,50.0,0.0,2.0
12:15:00 AM,30,Monday,normal,51.0,0.0,50.0,0.0,0.0
12:30:00 AM,30,Monday,normal,35.0,0.0,50.0,0.0,9.0
12:45:00 AM,30,Monday,normal,44.0,0.0,50.0,0.0,2.0
1:00:00 AM,30,Monday,normal,46.0,0.0,50.0,0.0,0.0
1:15:00 AM,30,Monday,normal,38.0,0.0,50.0,0.0,11.0
1:30:00 AM,30,Monday,normal,49.0,0.0,50.0,0.0,0.0
1:45:00 AM,30,Monday,normal,37.0,0.0,50.0,0.0,12.0
2:00:00 AM,30,Monday,normal,49.0,0.0,50.0,0.0,6.0
2:15:00 AM,30,Monday,normal,55.0,0.0,50.0,0.0,0.0
2:30:00 AM,30,Monday,normal,43.0,0.0,50.0,0.0,0.0
2:45:00 AM,30,Monday,normal,35.0,0.0,50.0,0.0,16.0
3:00:00 AM,30,Monday,normal,51.0,0.0,50.0,0.0,0.0
3:15:00 AM,30,Monday,normal,49.0,0.0,50.0,0.0,0.0
3:30:00 AM,30,Monday,normal,32.0,0.0,50.0,0.0,8.0
3:45:00 AM,30,Monday,normal,40.0,0.0,50.0,0.0,66.0
4:00:00 AM,30,Monday,low,106.0,0.0,50.0,0.0,0.0
4:15:00 AM,30,Monday,normal,98.0,0.0,50.0,0.0,15.0
4:30:00 AM,30,Monday,normal,113.0,0.0,50.0,0.0,8.0
4:45:00 AM,30,Monday,normal,121.0,0.0,50.0,0.0,4.0
5:00:00 AM,30,Monday,normal,125.0,0.0,50.0,0.0,0.0
5:15:00 AM,30,Monday,low,94.0,0.0,50.0,0.0,3.0
5:30:00 AM,30,Monday,low,97.0,0.0,50.0,0.0,26.0
5:45:00 AM,30,Monday,normal,123.0,0.0,50.0,0.0,34.0
6:00:00 AM,30,Monday,normal,157.0,0.0,50.0,0.0,16.0
6:15:00 AM,30,Monday,heavy,173.0,0.0,50.0,0.0,0.0
6:30:00 AM,30,Monday,normal,122.0,0.0,50.0,0.0,69.0
6:45:00 AM,30,Monday,heavy,191.0,10.999999999999996,40.833333333333336,27.49999999999999,0.0
7:00:00 AM,30,Monday,normal,132.0,0.0,50.0,0.0,31.0
7:15:00 AM,30,Monday,normal,163.0,0.0,50.0,0.0,0.0
7:30:00 AM,30,Monday,normal,145.0,0.0,50.0,0.0,42.0
7:45:00 AM,30,Monday,heavy,187.0,6.999999999999995,44.16666666666667,17.499999999999986,0.0
8:00:00 AM,30,Monday,heavy,169.0,0.0,50.0,0.0,3.0
8:15:00 AM,30,Monday,heavy,172.0,0.0,50.0,0.0,2.0
8:30:00 AM,30,Monday,heavy,174.0,0.0,50.0,0.0,0.0
8:45:00 AM,30,Monday,normal,149.0,0.0,50.0,0.0,0.0
9:00:00 AM,30,Monday,low,87.0,0.0,50.0,0.0,39.0
9:15:00 AM,30,Monday,normal,126.0,0.0,50.0,0.0,0.0
9:30:00 AM,30,Monday,normal,82.0,0.0,50.0,0.0,29.0
9:45:00 AM,30,Monday,normal,111.0,0.0,50.0,0.0,0.0
10:00:00 AM,30,Monday,normal,79.0,0.0,50.0,0.0,21.0
10:15:00 AM,30,Monday,normal,100.0,0.0,50.0,0.0,10.0
10:30:00 AM,30,Monday,normal,110.0,0.0,50.0,0.0,0.0
10:45:00 AM,30,Monday,normal,103.0,0.0,50.0,0.0,0.0
11:00:00 AM,30,Monday,normal,63.0,0.0,50.0,0.0,30.0
11:15:00 AM,30,Monday,normal,93.0,0.0,50.0,0.0,0.0
11:30:00 AM,30,Monday,normal,86.0,0.0,50.0,0.0,0.0
11:45:00 AM,30,Monday,normal,78.0,0.0,50.0,0.0,29.0
12:00:00 PM,30,Monday,normal,107.0,0.0,50.0,0.0,0.0
12:15:00 PM,30,Monday,normal,75.0,0.0,50.0,0.0,0.0
12:30:00 PM,30,Monday,normal,65.0,0.0,50.0,0.0,5.0
12:45:00 PM,30,Monday,normal,70.0,0.0,50.0,0.0,8.0
1:00:00 PM,30,Monday,low,78.0,0.0,50.0,0.0,55.0
1:15:00 PM,30,Monday,high,133.0,0.0,50.0,0.0,0.0
1:30:00 PM,30,Monday,low,49.0,0.0,50.0,0.0,69.0
1:45:00 PM,30,Monday,normal,118.0,0.0,50.0,0.0,16.0
2:00:00 PM,30,Monday,high,134.0,0.0,50.0,0.0,0.0
2:15:00 PM,30,Monday,normal,72.0,0.0,50.0,0.0,42.0
2:30:00 PM,30,Monday,normal,114.0,0.0,50.0,0.0,0.0
2:45:00 PM,30,Monday,low,96.0,0.0,50.0,0.0,0.0
3:00:00 PM,30,Monday,normal,91.0,0.0,50.0,0.0,0.0
3:15:00 PM,30,Monday,normal,76.0,0.0,50.0,0.0,0.0
3:30:00 PM,30,Monday,low,75.0,0.0,50.0,0.0,113.0
3:45:00 PM,30,Monday,heavy,188.0,8.000000000000002,43.333333333333336,20.000000000000004,0.0
4:00:00 PM,30,Monday,heavy,183.0,2.9999999999999942,47.5,7.499999999999985,28.0
4:15:00 PM,30,Monday,heavy,211.0,31.0,24.166666666666664,77.5,0.0
4:30:00 PM,30,Monday,heavy,184.0,4.000000000000001,46.666666666666664,10.000000000000002,12.0
4:45:00 PM,30,Monday,heavy,196.0,15.999999999999979,36.66666666666668,39.99999999999994,0.0
5:00:00 PM,30,Monday,normal,162.0,0.0,50.0,0.0,18.0
5:15:00 PM,30,Monday,heavy,180.0,0.0,50.0,0.0,11.0
5:30:00 PM,30,Monday,heavy,191.0,10.999999999999996,40.833333333333336,27.49999999999999,30.0
5:45:00 PM,30,Monday,heavy,221.0,40.999999999999986,15.833333333333343,102.49999999999996,0.0
6:00:00 PM,30,Monday,heavy,170.0,0.0,50.0,0.0,0.0
6:15:00 PM,30,Monday,normal,143.0,0.0,50.0,0.0,0.0
6:30:00 PM,30,Monday,normal,119.0,0.0,50.0,0.0,12.0
6:45:00 PM,30,Monday,normal,131.0,0.0,50.0,0.0,0.0
7:00:00 PM,30,Monday,high,128.0,0.0,50.0,0.0,0.0
7:15:00 PM,30,Monday,normal,96.0,0.0,50.0,0.0,13.0
7:30:00 PM,30,Monday,normal,109.0,0.0,50.0,0.0,16.0
7:45:00 PM,30,Monday,high,125.0,0.0,50.0,0.0,0.0
8:00:00 PM,30,Monday,normal,94.0,0.0,50.0,0.0,78.0
8:15:00 PM,30,Monday,heavy,172.0,0.0,50.0,0.0,0.0
8:30:00 PM,30,Monday,normal,148.0,0.0,50.0,0.0,1.0
8:45:00 PM,30,Monday,normal,149.0,0.0,50.0,0.0,0.0
9:00:00 PM,30,Monday,normal,125.0,0.0,50.0,0.0,0.0
9:15:00 PM,30,Monday,normal,115.0,0.0,50.0,0.0,36.0
9:30:00 PM,30,Monday,normal,151.0,0.0,50.0,0.0,0.0
9:45:00 PM,30,Monday,normal,38.0,0.0,50.0,0.0,0.0
10:00:00 PM,30,Monday,normal,35.0,0.0,50.0,0.0,2.0
10:15:00 PM,30,Monday,normal,37.0,0.0,50.0,0.0,0.0
10:30:00 PM,30,Monday,normal,32.0,0.0,50.0,0.0,3.0
10:45:00 PM,30,Monday,normal,35.0,0.0,50.0,0.0,14.0
11:00:00 PM,30,Monday,normal,49.0,0.0,50.0,0.0,0.0
11:15:00 PM,30,Monday,normal,41.0,0.0,50.0,0.0,12.0
11:30:00 PM,30,Monday,normal,53.0,0.0,50.0,0.0,0.0
11:45:00 PM,30,Monday,normal,27.0,0.0,50.0,0.0,12.0
12:00:00 AM,31,Tuesday,normal,39.0,0.0,50.0,0.0,6.0
12:15:00 AM,31,Tuesday,normal,45.0,0.0,50.0,0.0,0.0
12:30:00 AM,31,Tuesday,normal,32.0,0.0,50.0,0.0,16.0
12:45:00 AM,31,Tuesday,normal,48.0,0.0,50.0,0.0,0.0
1:00:00 AM,31,Tuesday,normal,47.0,0.0,50.0,0.0,2.0
1:15:00 AM,31,Tuesday,normal,49.0,0.0,50.0,0.0,0.0
1:30:00 AM,31,Tuesday,normal,43.0,0.0,50.0,0.0,0.0
1:45:00 AM,31,Tuesday,normal,36.0,0.0,50.0,0.0,16.0
2:00:00 AM,31,Tuesday,normal,52.0,0.0,50.0,0.0,0.0
2:15:00 AM,31,Tuesday,normal,51.0,0.0,50.0,0.0,0.0
2:30:00 AM,31,Tuesday,normal,45.0,0.0,50.0,0.0,0.0
2:45:00 AM,31,Tuesday,normal,37.0,0.0,50.0,0.0,0.0
3:00:00 AM,31,Tuesday,normal,34.0,0.0,50.0,0.0,14.0
3:15:00 AM,31,Tuesday,normal,48.0,0.0,50.0,0.0,0.0
3:30:00 AM,31,Tuesday,normal,45.0,0.0,50.0,0.0,0.0
3:45:00 AM,31,Tuesday,normal,42.0,0.0,50.0,0.0,67.0
4:00:00 AM,31,Tuesday,normal,109.0,0.0,50.0,0.0,0.0
4:15:00 AM,31,Tuesday,normal,97.0,0.0,50.0,0.0,0.0
4:30:00 AM,31,Tuesday,low,77.0,0.0,50.0,0.0,13.0
4:45:00 AM,31,Tuesday,normal,90.0,0.0,50.0,0.0,2.0
5:00:00 AM,31,Tuesday,normal,92.0,0.0,50.0,0.0,0.0
5:15:00 AM,31,Tuesday,low,89.0,0.0,50.0,0.0,9.0
5:30:00 AM,31,Tuesday,low,98.0,0.0,50.0,0.0,25.0
5:45:00 AM,31,Tuesday,normal,123.0,0.0,50.0,0.0,7.0
6:00:00 AM,31,Tuesday,normal,130.0,0.0,50.0,0.0,47.0
6:15:00 AM,31,Tuesday,heavy,177.0,0.0,50.0,0.0,0.0
6:30:00 AM,31,Tuesday,normal,149.0,0.0,50.0,0.0,50.0
6:45:00 AM,31,Tuesday,heavy,199.0,18.999999999999996,34.166666666666664,47.499999999999986,0.0
7:00:00 AM,31,Tuesday,normal,139.0,0.0,50.0,0.0,34.0
7:15:00 AM,31,Tuesday,heavy,173.0,0.0,50.0,0.0,0.0
7:30:00 AM,31,Tuesday,normal,148.0,0.0,50.0,0.0,0.0
7:45:00 AM,31,Tuesday,normal,127.0,0.0,50.0,0.0,21.0
8:00:00 AM,31,Tuesday,normal,148.0,0.0,50.0,0.0,0.0
8:15:00 AM,31,Tuesday,normal,144.0,0.0,50.0,0.0,13.0
8:30:00 AM,31,Tuesday,normal,157.0,0.0,50.0,0.0,9.0
8:45:00 AM,31,Tuesday,normal,166.0,0.0,50.0,0.0,0.0
9:00:00 AM,31,Tuesday,low,75.0,0.0,50.0,0.0,32.0
9:15:00 AM,31,Tuesday,normal,107.0,0.0,50.0,0.0,0.0
9:30:00 AM,31,Tuesday,low,78.0,0.0,50.0,0.0,0.0
9:45:00 AM,31,Tuesday,low,77.0,0.0,50.0,0.0,1.0
10:00:00 AM,31,Tuesday,normal,78.0,0.0,50.0,0.0,0.0
10:15:00 AM,31,Tuesday,normal,73.0,0.0,50.0,0.0,52.0
10:30:00 AM,31,Tuesday,normal,125.0,0.0,50.0,0.0,0.0
10:45:00 AM,31,Tuesday,normal,87.0,0.0,50.0,0.0,0.0
11:00:00 AM,31,Tuesday,normal,72.0,0.0,50.0,0.0,32.0
11:15:00 AM,31,Tuesday,normal,104.0,0.0,50.0,0.0,6.0
11:30:00 AM,31,Tuesday,normal,110.0,0.0,50.0,0.0,0.0
11:45:00 AM,31,Tuesday,normal,95.0,0.0,50.0,0.0,15.0
12:00:00 PM,31,Tuesday,normal,110.0,0.0,50.0,0.0,0.0
12:15:00 PM,31,Tuesday,normal,67.0,0.0,50.0,0.0,40.0
12:30:00 PM,31,Tuesday,normal,107.0,0.0,50.0,0.0,0.0
12:45:00 PM,31,Tuesday,normal,81.0,0.0,50.0,0.0,46.0
1:00:00 PM,31,Tuesday,normal,127.0,0.0,50.0,0.0,0.0
1:15:00 PM,31,Tuesday,high,118.0,0.0,50.0,0.0,0.0
1:30:00 PM,31,Tuesday,low,91.0,0.0,50.0,0.0,43.0
1:45:00 PM,31,Tuesday,normal,134.0,0.0,50.0,0.0,1.0
2:00:00 PM,31,Tuesday,normal,135.0,0.0,50.0,0.0,2.0
2:15:00 PM,31,Tuesday,normal,137.0,0.0,50.0,0.0,0.0
2:30:00 PM,31,Tuesday,low,37.0,0.0,50.0,0.0,55.0
2:45:00 PM,31,Tuesday,low,92.0,0.0,50.0,0.0,3.0
3:00:00 PM,31,Tuesday,normal,95.0,0.0,50.0,0.0,27.0
3:15:00 PM,31,Tuesday,normal,122.0,0.0,50.0,0.0,40.0
3:30:00 PM,31,Tuesday,high,162.0,0.0,50.0,0.0,2.0
3:45:00 PM,31,Tuesday,high,164.0,0.0,50.0,0.0,48.0
4:00:00 PM,31,Tuesday,heavy,212.0,31.999999999999982,23.33333333333335,79.99999999999996,1.0
4:15:00 PM,31,Tuesday,heavy,213.0,32.999999999999986,22.500000000000014,82.49999999999996,0.0
4:30:00 PM,31,Tuesday,heavy,170.0,0.0,50.0,0.0,0.0
4:45:00 PM,31,Tuesday,heavy,170.0,0.0,50.0,0.0,11.0
5:00:00 PM,31,Tuesday,heavy,181.0,0.9999999999999815,49.16666666666668,2.4999999999999534,2.0
5:15:00 PM,31,Tuesday,heavy,183.0,2.9999999999999942,47.5,7.499999999999985,0.0
5:30:00 PM,31,Tuesday,heavy,169.0,0.0,50.0,0.0,16.0
5:45:00 PM,31,Tuesday,heavy,185.0,4.999999999999982,45.83333333333335,12.499999999999956,25.0
6:00:00 PM,31,Tuesday,heavy,210.0,29.999999999999993,25.000000000000007,74.99999999999997,0.0
6:15:00 PM,31,Tuesday,heavy,173.0,0.0,50.0,0.0,0.0
6:30:00 PM,31,Tuesday,normal,154.0,0.0,50.0,0.0,0.0
6:45:00 PM,31,Tuesday,high,116.0,0.0,50.0,0.0,3.0
7:00:00 PM,31,Tuesday,high,119.0,0.0,50.0,0.0,0.0
7:15:00 PM,31,Tuesday,low,101.0,0.0,50.0,0.0,13.0
7:30:00 PM,31,Tuesday,high,114.0,0.0,50.0,0.0,43.0
7:45:00 PM,31,Tuesday,high,157.0,0.0,50.0,0.0,0.0
8:00:00 PM,31,Tuesday,low,110.0,0.0,50.0,0.0,10.0
8:15:00 PM,31,Tuesday,normal,120.0,0.0,50.0,0.0,19.0
8:30:00 PM,31,Tuesday,high,139.0,0.0,50.0,0.0,0.0
8:45:00 PM,31,Tuesday,normal,125.0,0.0,50.0,0.0,28.0
9:00:00 PM,31,Tuesday,high,153.0,0.0,50.0,0.0,0.0
9:15:00 PM,31,Tuesday,high,130.0,0.0,50.0,0.0,12.0
9:30:00 PM,31,Tuesday,normal,142.0,0.0,50.0,0.0,0.0
9:45:00 PM,31,Tuesday,normal,35.0,0.0,50.0,0.0,4.0
10:00:00 PM,31,Tuesday,normal,39.0,0.0,50.0,0.0,0.0
10:15:00 PM,31,Tuesday,normal,39.0,0.0,50.0,0.0,3.0
10:30:00 PM,31,Tuesday,normal,42.0,0.0,50.0,0.0,0.0
10:45:00 PM,31,Tuesday,normal,41.0,0.0,50.0,0.0,4.0
11:00:00 PM,31,Tuesday,normal,45.0,0.0,50.0,0.0,0.0
11:15:00 PM,31,Tuesday,normal,38.0,0.0,50.0,0.0,4.0
11:30:00 PM,31,Tuesday,normal,42.0,0.0,50.0,0.0,7.0
11:45:00 PM,31,Tuesday,normal,49.0,0.0,50.0,0.0,0.0
12:00:00 AM,1,Wednesday,normal,45.0,0.0,50.0,0.0,7.0
12:15:00 AM,1,Wednesday,normal,52.0,0.0,50.0,0.0,0.0
12:30:00 AM,1,Wednesday,normal,50.0,0.0,50.0,0.0,1.0
12:45:00 AM,1,Wednesday,normal,51.0,0.0,50.0,0.0,0.0
1:00:00 AM,1,Wednesday,normal,45.0,0.0,50.0,0.0,0.0
1:15:00 AM,1,Wednesday,normal,34.0,0.0,50.0,0.0,9.0
1:30:00 AM,1,Wednesday,normal,43.0,0.0,50.0,0.0,0.0
1:45:00 AM,1,Wednesday,normal,43.0,0.0,50.0,0.0,0.0
2:00:00 AM,1,Wednesday,normal,33.0,0.0,50.0,0.0,25.0
2:15:00 AM,1,Wednesday,normal,58.0,0.0,50.0,0.0,0.0
2:30:00 AM,1,Wednesday,normal,41.0,0.0,50.0,0.0,0.0
2:45:00 AM,1,Wednesday,normal,40.0,0.0,50.0,0.0,14.0
3:00:00 AM,1,Wednesday,normal,54.0,0.0,50.0,0.0,0.0
3:15:00 AM,1,Wednesday,normal,28.0,0.0,50.0,0.0,5.0
3:30:00 AM,1,Wednesday,normal,33.0,0.0,50.0,0.0,11.0
3:45:00 AM,1,Wednesday,normal,44.0,0.0,50.0,0.0,65.0
4:00:00 AM,1,Wednesday,low,109.0,0.0,50.0,0.0,0.0
4:15:00 AM,1,Wednesday,low,97.0,0.0,50.0,0.0,6.0
4:30:00 AM,1,Wednesday,normal,103.0,0.0,50.0,0.0,5.0
4:45:00 AM,1,Wednesday,normal,108.0,0.0,50.0,0.0,0.0
5:00:00 AM,1,Wednesday,low,73.0,0.0,50.0,0.0,0.0
5:15:00 AM,1,Wednesday,low,72.0,0.0,50.0,0.0,21.0
5:30:00 AM,1,Wednesday,normal,93.0,0.0,50.0,0.0,50.0
5:45:00 AM,1,Wednesday,normal,143.0,0.0,50.0,0.0,48.0
6:00:00 AM,1,Wednesday,heavy,191.0,10.999999999999996,40.833333333333336,27.49999999999999,0.0
6:15:00 AM,1,Wednesday,heavy,191.0,10.999999999999996,40.833333333333336,27.49999999999999,0.0
6:30:00 AM,1,Wednesday,normal,154.0,0.0,50.0,0.0,1.0
6:45:00 AM,1,Wednesday,normal,155.0,0.0,50.0,0.0,14.0
7:00:00 AM,1,Wednesday,heavy,169.0,0.0,50.0,0.0,36.0
7:15:00 AM,1,Wednesday,heavy,205.0,24.999999999999986,29.16666666666668,62.499999999999964,0.0
7:30:00 AM,1,Wednesday,normal,155.0,0.0,50.0,0.0,20.0
7:45:00 AM,1,Wednesday,heavy,175.0,0.0,50.0,0.0,0.0
8:00:00 AM,1,Wednesday,normal,166.0,0.0,50.0,0.0,22.0
8:15:00 AM,1,Wednesday,heavy,188.0,8.000000000000002,43.333333333333336,20.000000000000004,0.0
8:30:00 AM,1,Wednesday,normal,130.0,0.0,50.0,0.0,16.0
8:45:00 AM,1,Wednesday,normal,146.0,0.0,50.0,0.0,0.0
9:00:00 AM,1,Wednesday,normal,105.0,0.0,50.0,0.0,0.0
9:15:00 AM,1,Wednesday,normal,101.0,0.0,50.0,0.0,0.0
9:30:00 AM,1,Wednesday,low,71.0,0.0,50.0,0.0,18.0
9:45:00 AM,1,Wednesday,low,89.0,0.0,50.0,0.0,23.0
10:00:00 AM,1,Wednesday,normal,112.0,0.0,50.0,0.0,0.0
10:15:00 AM,1,Wednesday,low,86.0,0.0,50.0,0.0,17.0
10:30:00 AM,1,Wednesday,normal,103.0,0.0,50.0,0.0,0.0
10:45:00 AM,1,Wednesday,normal,87.0,0.0,50.0,0.0,22.0
11:00:00 AM,1,Wednesday,normal,109.0,0.0,50.0,0.0,0.0
11:15:00 AM,1,Wednesday,normal,101.0,0.0,50.0,0.0,8.0
11:30:00 AM,1,Wednesday,normal,109.0,0.0,50.0,0.0,0.0
11:45:00 AM,1,Wednesday,normal,93.0,0.0,50.0,0.0,6.0
12:00:00 PM,1,Wednesday,normal,99.0,0.0,50.0,0.0,0.0
12:15:00 PM,1,Wednesday,normal,94.0,0.0,50.0,0.0,0.0
12:30:00 PM,1,Wednesday,normal,61.0,0.0,50.0,0.0,7.0
12:45:00 PM,1,Wednesday,normal,68.0,0.0,50.0,0.0,0.0
1:00:00 PM,1,Wednesday,normal,43.0,0.0,50.0,0.0,68.0
1:15:00 PM,1,Wednesday,normal,111.0,0.0,50.0,0.0,0.0
1:30:00 PM,1,Wednesday,normal,78.0,0.0,50.0,0.0,49.0
1:45:00 PM,1,Wednesday,normal,127.0,0.0,50.0,0.0,0.0
2:00:00 PM,1,Wednesday,normal,77.0,0.0,50.0,0.0,41.0
2:15:00 PM,1,Wednesday,high,118.0,0.0,50.0,0.0,0.0
2:30:00 PM,1,Wednesday,normal,117.0,0.0,50.0,0.0,17.0
2:45:00 PM,1,Wednesday,normal,134.0,0.0,50.0,0.0,0.0
3:00:00 PM,1,Wednesday,low,36.0,0.0,50.0,0.0,38.0
3:15:00 PM,1,Wednesday,low,74.0,0.0,50.0,0.0,0.0
3:30:00 PM,1,Wednesday,normal,61.0,0.0,50.0,0.0,107.0
3:45:00 PM,1,Wednesday,heavy,168.0,0.0,50.0,0.0,0.0
4:00:00 PM,1,Wednesday,high,166.0,0.0,50.0,0.0,0.0
4:15:00 PM,1,Wednesday,normal,157.0,0.0,50.0,0.0,16.0
4:30:00 PM,1,Wednesday,heavy,173.0,0.0,50.0,0.0,30.0
4:45:00 PM,1,Wednesday,heavy,203.0,23.0,30.833333333333336,57.5,0.0
5:00:00 PM,1,Wednesday,heavy,187.0,6.999999999999995,44.16666666666667,17.499999999999986,0.0
5:15:00 PM,1,Wednesday,heavy,175.0,0.0,50.0,0.0,25.0
5:30:00 PM,1,Wednesday,heavy,200.0,19.99999999999998,33.33333333333335,49.99999999999994,0.0
5:45:00 PM,1,Wednesday,heavy,197.0,16.999999999999986,35.83333333333334,42.499999999999964,0.0
6:00:00 PM,1,Wednesday,heavy,175.0,0.0,50.0,0.0,22.0
6:15:00 PM,1,Wednesday,heavy,197.0,16.999999999999986,35.83333333333334,42.499999999999964,0.0
6:30:00 PM,1,Wednesday,high,115.0,0.0,50.0,0.0,22.0
6:45:00 PM,1,Wednesday,normal,137.0,0.0,50.0,0.0,29.0
7:00:00 PM,1,Wednesday,normal,166.0,0.0,50.0,0.0,0.0
7:15:00 PM,1,Wednesday,high,129.0,0.0,50.0,0.0,13.0
7:30:00 PM,1,Wednesday,high,142.0,0.0,50.0,0.0,0.0
7:45:00 PM,1,Wednesday,normal,103.0,0.0,50.0,0.0,45.0
8:00:00 PM,1,Wednesday,high,148.0,0.0,50.0,0.0,0.0
8:15:00 PM,1,Wednesday,normal,111.0,0.0,50.0,0.0,46.0
8:30:00 PM,1,Wednesday,normal,157.0,0.0,50.0,0.0,0.0
8:45:00 PM,1,Wednesday,normal,85.0,0.0,50.0,0.0,27.0
9:00:00 PM,1,Wednesday,normal,112.0,0.0,50.0,0.0,14.0
9:15:00 PM,1,Wednesday,normal,126.0,0.0,50.0,0.0,0.0
9:30:00 PM,1,Wednesday,normal,121.0,0.0,50.0,0.0,0.0
9:45:00 PM,1,Wednesday,normal,47.0,0.0,50.0,0.0,0.0
10:00:00 PM,1,Wednesday,normal,42.0,0.0,50.0,0.0,2.0
10:15:00 PM,1,Wednesday,normal,44.0,0.0,50.0,0.0,10.0
10:30:00 PM,1,Wednesday,normal,54.0,0.0,50.0,0.0,0.0
10:45:00 PM,1,Wednesday,normal,48.0,0.0,50.0,0.0,4.0
11:00:00 PM,1,Wednesday,normal,52.0,0.0,50.0,0.0,1.0
11:15:00 PM,1,Wednesday,normal,53.0,0.0,50.0,0.0,0.0
11:30:00 PM,1,Wednesday,normal,46.0,0.0,50.0,0.0,0.0
11:45:00 PM,1,Wednesday,normal,42.0,0.0,50.0,0.0,2.0
12:00:00 AM,2,Thursday,normal,44.0,0.0,50.0,0.0,5.0
12:15:00 AM,2,Thursday,normal,49.0,0.0,50.0,0.0,0.0
12:30:00 AM,2,Thursday,normal,47.0,0.0,50.0,0.0,0.0
12:45:00 AM,2,Thursday,normal,44.0,0.0,50.0,0.0,1.0
1:00:00 AM,2,Thursday,normal,45.0,0.0,50.0,0.0,0.0
1:15:00 AM,2,Thursday,normal,41.0,0.0,50.0,0.0,4.0
1:30:00 AM,2,Thursday,normal,45.0,0.0,50.0,0.0,2.0
1:45:00 AM,2,Thursday,normal,47.0,0.0,50.0,0.0,0.0
2:00:00 AM,2,Thursday,normal,33.0,0.0,50.0,0.0,9.0
2:15:00 AM,2,Thursday,normal,42.0,0.0,50.0,0.0,0.0
2:30:00 AM,2,Thursday,normal,36.0,0.0,50.0,0.0,11.0
2:45:00 AM,2,Thursday,normal,47.0,0.0,50.0,0.0,5.0
3:00:00 AM,2,Thursday,normal,52.0,0.0,50.0,0.0,0.0
3:15:00 AM,2,Thursday,normal,35.0,0.0,50.0,0.0,6.0
3:30:00 AM,2,Thursday,normal,41.0,0.0,50.0,0.0,1.0
3:45:00 AM,2,Thursday,normal,42.0,0.0,50.0,0.0,33.0
4:00:00 AM,2,Thursday,low,75.0,0.0,50.0,0.0,40.0
4:15:00 AM,2,Thursday,normal,115.0,0.0,50.0,0.0,0.0
4:30:00 AM,2,Thursday,low,74.0,0.0,50.0,0.0,26.0
4:45:00 AM,2,Thursday,low,100.0,0.0,50.0,0.0,12.0
5:00:00 AM,2,Thursday,normal,112.0,0.0,50.0,0.0,0.0
5:15:00 AM,2,Thursday,normal,101.0,0.0,50.0,0.0,0.0
5:30:00 AM,2,Thursday,low,97.0,0.0,50.0,0.0,55.0
5:45:00 AM,2,Thursday,normal,152.0,0.0,50.0,0.0,29.0
6:00:00 AM,2,Thursday,heavy,181.0,0.9999999999999815,49.16666666666668,2.4999999999999534,0.0
6:15:00 AM,2,Thursday,normal,160.0,0.0,50.0,0.0,18.0
6:30:00 AM,2,Thursday,heavy,178.0,0.0,50.0,0.0,0.0
6:45:00 AM,2,Thursday,heavy,178.0,0.0,50.0,0.0,0.0
7:00:00 AM,2,Thursday,heavy,172.0,0.0,50.0,0.0,0.0
7:15:00 AM,2,Thursday,normal,150.0,0.0,50.0,0.0,0.0
7:30:00 AM,2,Thursday,normal,146.0,0.0,50.0,0.0,1.0
7:45:00 AM,2,Thursday,normal,147.0,0.0,50.0,0.0,0.0
8:00:00 AM,2,Thursday,normal,144.0,0.0,50.0,0.0,42.0
8:15:00 AM,2,Thursday,heavy,186.0,5.9999999999999885,45.00000000000001,14.99999999999997,0.0
8:30:00 AM,2,Thursday,heavy,179.0,0.0,50.0,0.0,0.0
8:45:00 AM,2,Thursday,normal,122.0,0.0,50.0,0.0,0.0
9:00:00 AM,2,Thursday,normal,120.0,0.0,50.0,0.0,0.0
9:15:00 AM,2,Thursday,normal,108.0,0.0,50.0,0.0,0.0
9:30:00 AM,2,Thursday,normal,73.0,0.0,50.0,0.0,35.0
9:45:00 AM,2,Thursday,normal,108.0,0.0,50.0,0.0,0.0
10:00:00 AM,2,Thursday,low,89.0,0.0,50.0,0.0,13.0
10:15:00 AM,2,Thursday,normal,102.0,0.0,50.0,0.0,0.0
10:30:00 AM,2,Thursday,low,78.0,0.0,50.0,0.0,27.0
10:45:00 AM,2,Thursday,normal,105.0,0.0,50.0,0.0,0.0
11:00:00 AM,2,Thursday,normal,98.0,0.0,50.0,0.0,10.0
11:15:00 AM,2,Thursday,normal,108.0,0.0,50.0,0.0,0.0
11:30:00 AM,2,Thursday,normal,98.0,0.0,50.0,0.0,0.0
11:45:00 AM,2,Thursday,normal,81.0,0.0,50.0,0.0,3.0
12:00:00 PM,2,Thursday,normal,84.0,0.0,50.0,0.0,0.0
12:15:00 PM,2,Thursday,normal,64.0,0.0,50.0,0.0,40.0
12:30:00 PM,2,Thursday,normal,104.0,0.0,50.0,0.0,0.0
12:45:00 PM,2,Thursday,normal,77.0,0.0,50.0,0.0,0.0
1:00:00 PM,2,Thursday,low,35.0,0.0,50.0,0.0,66.0
1:15:00 PM,2,Thursday,normal,101.0,0.0,50.0,0.0,24.0
1:30:00 PM,2,Thursday,normal,125.0,0.0,50.0,0.0,0.0
1:45:00 PM,2,Thursday,normal,85.0,0.0,50.0,0.0,42.0
2:00:00 PM,2,Thursday,normal,127.0,0.0,50.0,0.0,0.0
2:15:00 PM,2,Thursday,low,65.0,0.0,50.0,0.0,0.0
2:30:00 PM,2,Thursday,low,42.0,0.0,50.0,0.0,96.0
2:45:00 PM,2,Thursday,normal,138.0,0.0,50.0,0.0,0.0
3:00:00 PM,2,Thursday,high,117.0,0.0,50.0,0.0,10.0
3:15:00 PM,2,Thursday,normal,127.0,0.0,50.0,0.0,0.0
3:30:00 PM,2,Thursday,normal,80.0,0.0,50.0,0.0,98.0
3:45:00 PM,2,Thursday,heavy,178.0,0.0,50.0,0.0,0.0
4:00:00 PM,2,Thursday,high,166.0,0.0,50.0,0.0,14.0
4:15:00 PM,2,Thursday,heavy,180.0,0.0,50.0,0.0,17.0
4:30:00 PM,2,Thursday,heavy,197.0,16.999999999999986,35.83333333333334,42.499999999999964,0.0
4:45:00 PM,2,Thursday,heavy,190.0,9.99999999999999,41.66666666666667,24.99999999999997,0.0
5:00:00 PM,2,Thursday,heavy,178.0,0.0,50.0,0.0,0.0
5:15:00 PM,2,Thursday,heavy,171.0,0.0,50.0,0.0,0.0
5:30:00 PM,2,Thursday,normal,152.0,0.0,50.0,0.0,28.0
5:45:00 PM,2,Thursday,heavy,180.0,0.0,50.0,0.0,0.0
6:00:00 PM,2,Thursday,high,164.0,0.0,50.0,0.0,11.0
6:15:00 PM,2,Thursday,heavy,175.0,0.0,50.0,0.0,0.0
6:30:00 PM,2,Thursday,normal,147.0,0.0,50.0,0.0,0.0
6:45:00 PM,2,Thursday,normal,125.0,0.0,50.0,0.0,0.0
7:00:00 PM,2,Thursday,normal,95.0,0.0,50.0,0.0,14.0
7:15:00 PM,2,Thursday,normal,109.0,0.0,50.0,0.0,25.0
7:30:00 PM,2,Thursday,normal,134.0,0.0,50.0,0.0,0.0
7:45:00 PM,2,Thursday,normal,108.0,0.0,50.0,0.0,61.0
8:00:00 PM,2,Thursday,heavy,169.0,0.0,50.0,0.0,0.0
8:15:00 PM,2,Thursday,low,92.0,0.0,50.0,0.0,57.0
8:30:00 PM,2,Thursday,normal,149.0,0.0,50.0,0.0,0.0
8:45:00 PM,2,Thursday,normal,145.0,0.0,50.0,0.0,0.0
9:00:00 PM,2,Thursday,high,124.0,0.0,50.0,0.0,0.0
9:15:00 PM,2,Thursday,normal,116.0,0.0,50.0,0.0,0.0
9:30:00 PM,2,Thursday,low,89.0,0.0,50.0,0.0,0.0
9:45:00 PM,2,Thursday,normal,44.0,0.0,50.0,0.0,7.0
10:00:00 PM,2,Thursday,normal,51.0,0.0,50.0,0.0,0.0
10:15:00 PM,2,Thursday,normal,34.0,0.0,50.0,0.0,0.0
10:30:00 PM,2,Thursday,normal,31.0,0.0,50.0,0.0,8.0
10:45:00 PM,2,Thursday,normal,39.0,0.0,50.0,0.0,5.0
11:00:00 PM,2,Thursday,normal,44.0,0.0,50.0,0.0,4.0
11:15:00 PM,2,Thursday,normal,48.0,0.0,50.0,0.0,0.0
11:30:00 PM,2,Thursday,normal,43.0,0.0,50.0,0.0,0.0
11:45:00 PM,2,Thursday,normal,42.0,0.0,50.0,0.0,9.0
12:00:00 AM,3,Friday,normal,51.0,0.0,50.0,0.0,0.0
12:15:00 AM,3,Friday,normal,46.0,0.0,50.0,0.0,0.0
12:30:00 AM,3,Friday,normal,42.0,0.0,50.0,0.0,0.0
12:45:00 AM,3,Friday,normal,41.0,0.0,50.0,0.0,7.0
1:00:00 AM,3,Friday,normal,48.0,0.0,50.0,0.0,0.0
1:15:00 AM,3,Friday,normal,43.0,0.0,50.0,0.0,8.0
1:30:00 AM,3,Friday,normal,51.0,0.0,50.0,0.0,0.0
1:45:00 AM,3,Friday,normal,44.0,0.0,50.0,0.0,0.0
2:00:00 AM,3,Friday,normal,37.0,0.0,50.0,0.0,1.0
2:15:00 AM,3,Friday,normal,38.0,0.0,50.0,0.0,0.0
2:30:00 AM,3,Friday,normal,33.0,0.0,50.0,0.0,9.0
2:45:00 AM,3,Friday,normal,42.0,0.0,50.0,0.0,0.0
3:00:00 AM,3,Friday,normal,42.0,0.0,50.0,0.0,9.0
3:15:00 AM,3,Friday,normal,51.0,0.0,50.0,0.0,0.0
3:30:00 AM,3,Friday,normal,40.0,0.0,50.0,0.0,14.0
3:45:00 AM,3,Friday,normal,54.0,0.0,50.0,0.0,25.0
4:00:00 AM,3,Friday,normal,79.0,0.0,50.0,0.0,0.0
4:15:00 AM,3,Friday,normal,63.0,0.0,50.0,0.0,24.0
4:30:00 AM,3,Friday,normal,87.0,0.0,50.0,0.0,42.0
4:45:00 AM,3,Friday,high,129.0,0.0,50.0,0.0,0.0
5:00:00 AM,3,Friday,normal,111.0,0.0,50.0,0.0,1.0
5:15:00 AM,3,Friday,normal,112.0,0.0,50.0,0.0,0.0
5:30:00 AM,3,Friday,normal,103.0,0.0,50.0,0.0,0.0
5:45:00 AM,3,Friday,normal,101.0,0.0,50.0,0.0,15.0
6:00:00 AM,3,Friday,high,116.0,0.0,50.0,0.0,0.0
6:15:00 AM,3,Friday,normal,69.0,0.0,50.0,0.0,49.0
6:30:00 AM,3,Friday,normal,118.0,0.0,50.0,0.0,0.0
6:45:00 AM,3,Friday,high,116.0,0.0,50.0,0.0,4.0
7:00:00 AM,3,Friday,high,120.0,0.0,50.0,0.0,0.0
7:15:00 AM,3,Friday,high,118.0,0.0,50.0,0.0,0.0
7:30:00 AM,3,Friday,normal,106.0,0.0,50.0,0.0,0.0
7:45:00 AM,3,Friday,normal,103.0,0.0,50.0,0.0,0.0
8:00:00 AM,3,Friday,normal,103.0,0.0,50.0,0.0,0.0
8:15:00 AM,3,Friday,normal,63.0,0.0,50.0,0.0,55.0
8:30:00 AM,3,Friday,high,118.0,0.0,50.0,0.0,0.0
8:45:00 AM,3,Friday,normal,103.0,0.0,50.0,0.0,59.0
9:00:00 AM,3,Friday,normal,162.0,0.0,50.0,0.0,48.0
9:15:00 AM,3,Friday,heavy,210.0,29.999999999999993,25.000000000000007,74.99999999999997,5.0
9:30:00 AM,3,Friday,heavy,215.0,35.0,20.833333333333332,87.5,0.0
9:45:00 AM,3,Friday,heavy,176.0,0.0,50.0,0.0,0.0
10:00:00 AM,3,Friday,normal,146.0,0.0,50.0,0.0,46.0
10:15:00 AM,3,Friday,heavy,192.0,12.000000000000002,40.0,30.000000000000004,0.0
10:30:00 AM,3,Friday,normal,139.0,0.0,50.0,0.0,54.0
10:45:00 AM,3,Friday,heavy,193.0,12.999999999999984,39.166666666666686,32.49999999999996,0.0
11:00:00 AM,3,Friday,normal,162.0,0.0,50.0,0.0,46.0
11:15:00 AM,3,Friday,heavy,208.0,27.99999999999998,26.666666666666682,69.99999999999994,0.0
11:30:00 AM,3,Friday,normal,154.0,0.0,50.0,0.0,2.0
11:45:00 AM,3,Friday,normal,156.0,0.0,50.0,0.0,17.0
12:00:00 PM,3,Friday,heavy,173.0,0.0,50.0,0.0,0.0
12:15:00 PM,3,Friday,normal,161.0,0.0,50.0,0.0,48.0
12:30:00 PM,3,Friday,heavy,209.0,28.999999999999986,25.833333333333343,72.49999999999996,0.0
12:45:00 PM,3,Friday,heavy,193.0,12.999999999999984,39.166666666666686,32.49999999999996,1.0
1:00:00 PM,3,Friday,heavy,194.0,13.99999999999999,38.33333333333334,34.99999999999997,0.0
1:15:00 PM,3,Friday,normal,139.0,0.0,50.0,0.0,39.0
1:30:00 PM,3,Friday,heavy,178.0,0.0,50.0,0.0,20.0
1:45:00 PM,3,Friday,heavy,198.0,17.99999999999999,35.00000000000001,44.99999999999997,0.0
2:00:00 PM,3,Friday,normal,155.0,0.0,50.0,0.0,23.0
2:15:00 PM,3,Friday,heavy,178.0,0.0,50.0,0.0,3.0
2:30:00 PM,3,Friday,heavy,181.0,0.9999999999999815,49.16666666666668,2.4999999999999534,20.0
2:45:00 PM,3,Friday,heavy,201.0,20.999999999999986,32.500000000000014,52.499999999999964,0.0
3:00:00 PM,3,Friday,low,101.0,0.0,50.0,0.0,0.0
3:15:00 PM,3,Friday,low,87.0,0.0,50.0,0.0,0.0
3:30:00 PM,3,Friday,low,85.0,0.0,50.0,0.0,0.0
3:45:00 PM,3,Friday,low,81.0,0.0,50.0,0.0,52.0
4:00:00 PM,3,Friday,normal,133.0,0.0,50.0,0.0,0.0
4:15:00 PM,3,Friday,low,90.0,0.0,50.0,0.0,7.0
4:30:00 PM,3,Friday,low,97.0,0.0,50.0,0.0,0.0
4:45:00 PM,3,Friday,low,89.0,0.0,50.0,0.0,2.0
5:00:00 PM,3,Friday,low,91.0,0.0,50.0,0.0,25.0
5:15:00 PM,3,Friday,normal,116.0,0.0,50.0,0.0,0.0
5:30:00 PM,3,Friday,normal,116.0,0.0,50.0,0.0,0.0
5:45:00 PM,3,Friday,low,108.0,0.0,50.0,0.0,0.0
6:00:00 PM,3,Friday,low,87.0,0.0,50.0,0.0,0.0
6:15:00 PM,3,Friday,low,69.0,0.0,50.0,0.0,44.0
6:30:00 PM,3,Friday,normal,113.0,0.0,50.0,0.0,14.0
6:45:00 PM,3,Friday,normal,127.0,0.0,50.0,0.0,0.0
7:00:00 PM,3,Friday,normal,74.0,0.0,50.0,0.0,0.0
7:15:00 PM,3,Friday,normal,63.0,0.0,50.0,0.0,4.0
7:30:00 PM,3,Friday,normal,67.0,0.0,50.0,0.0,6.0
7:45:00 PM,3,Friday,normal,73.0,0.0,50.0,0.0,16.0
8:00:00 PM,3,Friday,normal,89.0,0.0,50.0,0.0,0.0
8:15:00 PM,3,Friday,normal,81.0,0.0,50.0,0.0,0.0
8:30:00 PM,3,Friday,normal,67.0,0.0,50.0,0.0,6.0
8:45:00 PM,3,Friday,normal,73.0,0.0,50.0,0.0,0.0
9:00:00 PM,3,Friday,normal,58.0,0.0,50.0,0.0,20.0
9:15:00 PM,3,Friday,normal,78.0,0.0,50.0,0.0,0.0
9:30:00 PM,3,Friday,normal,61.0,0.0,50.0,0.0,0.0
9:45:00 PM,3,Friday,normal,41.0,0.0,50.0,0.0,0.0
10:00:00 PM,3,Friday,normal,30.0,0.0,50.0,0.0,14.0
10:15:00 PM,3,Friday,normal,44.0,0.0,50.0,0.0,0.0
10:30:00 PM,3,Friday,normal,44.0,0.0,50.0,0.0,10.0
10:45:00 PM,3,Friday,normal,54.0,0.0,50.0,0.0,0.0
11:00:00 PM,3,Friday,normal,49.0,0.0,50.0,0.0,0.0
11:15:00 PM,3,Friday,normal,48.0,0.0,50.0,0.0,0.0
11:30:00 PM,3,Friday,normal,43.0,0.0,50.0,0.0,0.0
11:45:00 PM,3,Friday,normal,42.0,0.0,50.0,0.0,0.0
12:00:00 AM,4,Saturday,normal,37.0,0.0,50.0,0.0,0.0
12:15:00 AM,4,Saturday,normal,29.0,0.0,50.0,0.0,22.0
12:30:00 AM,4,Saturday,normal,51.0,0.0,50.0,0.0,0.0
12:45:00 AM,4,Saturday,normal,31.0,0.0,50.0,0.0,17.0
1:00:00 AM,4,Saturday,normal,48.0,0.0,50.0,0.0,0.0
1:15:00 AM,4,Saturday,normal,44.0,0.0,50.0,0.0,0.0
1:30:00 AM,4,Saturday,normal,32.0,0.0,50.0,0.0,19.0
1:45:00 AM,4,Saturday,normal,51.0,0.0,50.0,0.0,0.0
2:00:00 AM,4,Saturday,normal,42.0,0.0,50.0,0.0,11.0
2:15:00 AM,4,Saturday,normal,53.0,0.0,50.0,0.0,0.0
2:30:00 AM,4,Saturday,normal,48.0,0.0,50.0,0.0,0.0
2:45:00 AM,4,Saturday,normal,29.0,0.0,50.0,0.0,10.0
3:00:00 AM,4,Saturday,normal,39.0,0.0,50.0,0.0,0.0
3:15:00 AM,4,Saturday,normal,37.0,0.0,50.0,0.0,2.0
3:30:00 AM,4,Saturday,normal,39.0,0.0,50.0,0.0,0.0
3:45:00 AM,4,Saturday,normal,38.0,0.0,50.0,0.0,37.0
4:00:00 AM,4,Saturday,low,75.0,0.0,50.0,0.0,16.0
4:15:00 AM,4,Saturday,low,91.0,0.0,50.0,0.0,11.0
4:30:00 AM,4,Saturday,normal,102.0,0.0,50.0,0.0,0.0
4:45:00 AM,4,Saturday,low,84.0,0.0,50.0,0.0,6.0
5:00:00 AM,4,Saturday,low,90.0,0.0,50.0,0.0,3.0
5:15:00 AM,4,Saturday,normal,93.0,0.0,50.0,0.0,0.0
5:30:00 AM,4,Saturday,normal,78.0,0.0,50.0,0.0,75.0
5:45:00 AM,4,Saturday,normal,153.0,0.0,50.0,0.0,9.0
6:00:00 AM,4,Saturday,normal,162.0,0.0,50.0,0.0,0.0
6:15:00 AM,4,Saturday,normal,141.0,0.0,50.0,0.0,26.0
6:30:00 AM,4,Saturday,low,167.0,0.0,50.0,0.0,0.0
6:45:00 AM,4,Saturday,normal,152.0,0.0,50.0,0.0,36.0
7:00:00 AM,4,Saturday,heavy,188.0,8.000000000000002,43.333333333333336,20.000000000000004,0.0
7:15:00 AM,4,Saturday,heavy,170.0,0.0,50.0,0.0,0.0
7:30:00 AM,4,Saturday,normal,143.0,0.0,50.0,0.0,58.0
7:45:00 AM,4,Saturday,heavy,201.0,20.999999999999986,32.500000000000014,52.499999999999964,0.0
8:00:00 AM,4,Saturday,normal,149.0,0.0,50.0,0.0,0.0
8:15:00 AM,4,Saturday,low,109.0,0.0,50.0,0.0,69.0
8:30:00 AM,4,Saturday,heavy,178.0,0.0,50.0,0.0,16.0
8:45:00 AM,4,Saturday,heavy,194.0,13.99999999999999,38.33333333333334,34.99999999999997,0.0
9:00:00 AM,4,Saturday,normal,75.0,0.0,50.0,0.0,51.0
9:15:00 AM,4,Saturday,normal,126.0,0.0,50.0,0.0,5.0
9:30:00 AM,4,Saturday,normal,131.0,0.0,50.0,0.0,0.0
9:45:00 AM,4,Saturday,low,65.0,0.0,50.0,0.0,30.0
10:00:00 AM,4,Saturday,low,95.0,0.0,50.0,0.0,0.0
10:15:00 AM,4,Saturday,normal,91.0,0.0,50.0,0.0,16.0
10:30:00 AM,4,Saturday,low,107.0,0.0,50.0,0.0,0.0
10:45:00 AM,4,Saturday,normal,92.0,0.0,50.0,0.0,18.0
11:00:00 AM,4,Saturday,normal,110.0,0.0,50.0,0.0,0.0
11:15:00 AM,4,Saturday,normal,73.0,0.0,50.0,0.0,14.0
11:30:00 AM,4,Saturday,normal,87.0,0.0,50.0,0.0,0.0
11:45:00 AM,4,Saturday,normal,76.0,0.0,50.0,0.0,14.0
12:00:00 PM,4,Saturday,normal,90.0,0.0,50.0,0.0,0.0
12:15:00 PM,4,Saturday,normal,67.0,0.0,50.0,0.0,10.0
12:30:00 PM,4,Saturday,normal,77.0,0.0,50.0,0.0,0.0
12:45:00 PM,4,Saturday,normal,70.0,0.0,50.0,0.0,88.0
1:00:00 PM,4,Saturday,normal,158.0,0.0,50.0,0.0,0.0
1:15:00 PM,4,Saturday,low,36.0,0.0,50.0,0.0,81.0
1:30:00 PM,4,Saturday,normal,117.0,0.0,50.0,0.0,0.0
1:45:00 PM,4,Saturday,normal,90.0,0.0,50.0,0.0,14.0
2:00:00 PM,4,Saturday,normal,104.0,0.0,50.0,0.0,0.0
2:15:00 PM,4,Saturday,normal,73.0,0.0,50.0,0.0,25.0
2:30:00 PM,4,Saturday,low,98.0,0.0,50.0,0.0,20.0
2:45:00 PM,4,Saturday,normal,118.0,0.0,50.0,0.0,0.0
3:00:00 PM,4,Saturday,low,30.0,0.0,50.0,0.0,115.0
3:15:00 PM,4,Saturday,high,145.0,0.0,50.0,0.0,19.0
3:30:00 PM,4,Saturday,normal,164.0,0.0,50.0,0.0,39.0
3:45:00 PM,4,Saturday,heavy,203.0,23.0,30.833333333333336,57.5,0.0
4:00:00 PM,4,Saturday,heavy,187.0,6.999999999999995,44.16666666666667,17.499999999999986,0.0
4:15:00 PM,4,Saturday,heavy,169.0,0.0,50.0,0.0,0.0
4:30:00 PM,4,Saturday,heavy,169.0,0.0,50.0,0.0,27.0
4:45:00 PM,4,Saturday,heavy,196.0,15.999999999999979,36.66666666666668,39.99999999999994,0.0
5:00:00 PM,4,Saturday,heavy,188.0,8.000000000000002,43.333333333333336,20.000000000000004,0.0
5:15:00 PM,4,Saturday,normal,166.0,0.0,50.0,0.0,5.0
5:30:00 PM,4,Saturday,heavy,171.0,0.0,50.0,0.0,32.0
5:45:00 PM,4,Saturday,heavy,203.0,23.0,30.833333333333336,57.5,0.0
6:00:00 PM,4,Saturday,heavy,183.0,2.9999999999999942,47.5,7.499999999999985,2.0
6:15:00 PM,4,Saturday,heavy,185.0,4.999999999999982,45.83333333333335,12.499999999999956,0.0
6:30:00 PM,4,Saturday,normal,129.0,0.0,50.0,0.0,0.0
6:45:00 PM,4,Saturday,low,100.0,0.0,50.0,0.0,43.0
7:00:00 PM,4,Saturday,normal,143.0,0.0,50.0,0.0,0.0
7:15:00 PM,4,Saturday,normal,105.0,0.0,50.0,0.0,10.0
7:30:00 PM,4,Saturday,normal,115.0,0.0,50.0,0.0,0.0
7:45:00 PM,4,Saturday,low,105.0,0.0,50.0,0.0,0.0
8:00:00 PM,4,Saturday,low,96.0,0.0,50.0,0.0,63.0
8:15:00 PM,4,Saturday,high,159.0,0.0,50.0,0.0,0.0
8:30:00 PM,4,Saturday,low,104.0,0.0,50.0,0.0,44.0
8:45:00 PM,4,Saturday,high,148.0,0.0,50.0,0.0,0.0
9:00:00 PM,4,Saturday,normal,139.0,0.0,50.0,0.0,0.0
9:15:00 PM,4,Saturday,normal,121.0,0.0,50.0,0.0,0.0
9:30:00 PM,4,Saturday,normal,100.0,0.0,50.0,0.0,0.0
9:45:00 PM,4,Saturday,normal,48.0,0.0,50.0,0.0,0.0
10:00:00 PM,4,Saturday,normal,48.0,0.0,50.0,0.0,0.0
10:15:00 PM,4,Saturday,normal,32.0,0.0,50.0,0.0,6.0
10:30:00 PM,4,Saturday,normal,38.0,0.0,50.0,0.0,18.0
10:45:00 PM,4,Saturday,normal,56.0,0.0,50.0,0.0,0.0
11:00:00 PM,4,Saturday,normal,39.0,0.0,50.0,0.0,8.0
11:15:00 PM,4,Saturday,normal,47.0,0.0,50.0,0.0,0.0
11:30:00 PM,4,Saturday,normal,42.0,0.0,50.0,0.0,0.0
11:45:00 PM,4,Saturday,normal,32.0,0.0,50.0,0.0,17.0
12:00:00 AM,5,Sunday,normal,49.0,0.0,50.0,0.0,0.0
12:15:00 AM,5,Sunday,normal,46.0,0.0,50.0,0.0,0.0
12:30:00 AM,5,Sunday,normal,44.0,0.0,50.0,0.0,5.0
12:45:00 AM,5,Sunday,normal,49.0,0.0,50.0,0.0,0.0
1:00:00 AM,5,Sunday,normal,46.0,0.0,50.0,0.0,0.0
1:15:00 AM,5,Sunday,normal,37.0,0.0,50.0,0.0,6.0
1:30:00 AM,5,Sunday,normal,43.0,0.0,50.0,0.0,0.0
1:45:00 AM,5,Sunday,normal,31.0,0.0,50.0,0.0,8.0
2:00:00 AM,5,Sunday,normal,39.0,0.0,50.0,0.0,2.0
2:15:00 AM,5,Sunday,normal,41.0,0.0,50.0,0.0,10.0
2:30:00 AM,5,Sunday,normal,51.0,0.0,50.0,0.0,0.0
2:45:00 AM,5,Sunday,normal,41.0,0.0,50.0,0.0,0.0
3:00:00 AM,5,Sunday,normal,36.0,0.0,50.0,0.0,9.0
3:15:00 AM,5,Sunday,normal,45.0,0.0,50.0,0.0,1.0
3:30:00 AM,5,Sunday,normal,46.0,0.0,50.0,0.0,11.0
3:45:00 AM,5,Sunday,normal,57.0,0.0,50.0,0.0,37.0
4:00:00 AM,5,Sunday,normal,94.0,0.0,50.0,0.0,0.0
4:15:00 AM,5,Sunday,low,90.0,0.0,50.0,0.0,35.0
4:30:00 AM,5,Sunday,normal,125.0,0.0,50.0,0.0,0.0
4:45:00 AM,5,Sunday,low,102.0,0.0,50.0,0.0,0.0
5:00:00 AM,5,Sunday,low,93.0,0.0,50.0,0.0,0.0
5:15:00 AM,5,Sunday,normal,88.0,0.0,50.0,0.0,8.0
5:30:00 AM,5,Sunday,normal,96.0,0.0,50.0,0.0,102.0
5:45:00 AM,5,Sunday,heavy,198.0,17.99999999999999,35.00000000000001,44.99999999999997,0.0
6:00:00 AM,5,Sunday,normal,149.0,0.0,50.0,0.0,34.0
6:15:00 AM,5,Sunday,heavy,183.0,2.9999999999999942,47.5,7.499999999999985,21.0
6:30:00 AM,5,Sunday,heavy,204.0,23.99999999999998,30.000000000000014,59.99999999999994,0.0
6:45:00 AM,5,Sunday,heavy,193.0,12.999999999999984,39.166666666666686,32.49999999999996,0.0
7:00:00 AM,5,Sunday,normal,135.0,0.0,50.0,0.0,14.0
7:15:00 AM,5,Sunday,normal,149.0,0.0,50.0,0.0,7.0
7:30:00 AM,5,Sunday,normal,156.0,0.0,50.0,0.0,46.0
7:45:00 AM,5,Sunday,heavy,202.0,21.999999999999993,31.666666666666675,54.99999999999998,0.0
8:00:00 AM,5,Sunday,normal,142.0,0.0,50.0,0.0,44.0
8:15:00 AM,5,Sunday,heavy,186.0,5.9999999999999885,45.00000000000001,14.99999999999997,0.0
8:30:00 AM,5,Sunday,normal,129.0,0.0,50.0,0.0,9.0
8:45:00 AM,5,Sunday,normal,138.0,0.0,50.0,0.0,0.0
9:00:00 AM,5,Sunday,high,131.0,0.0,50.0,0.0,0.0
9:15:00 AM,5,Sunday,normal,77.0,0.0,50.0,0.0,28.0
9:30:00 AM,5,Sunday,normal,105.0,0.0,50.0,0.0,13.0
9:45:00 AM,5,Sunday,high,118.0,0.0,50.0,0.0,0.0
10:00:00 AM,5,Sunday,normal,99.0,0.0,50.0,0.0,0.0
10:15:00 AM,5,Sunday,normal,93.0,0.0,50.0,0.0,0.0
10:30:00 AM,5,Sunday,low,87.0,0.0,50.0,0.0,15.0
10:45:00 AM,5,Sunday,normal,102.0,0.0,50.0,0.0,0.0
11:00:00 AM,5,Sunday,normal,93.0,0.0,50.0,0.0,14.0
11:15:00 AM,5,Sunday,normal,107.0,0.0,50.0,0.0,0.0
11:30:00 AM,5,Sunday,normal,82.0,0.0,50.0,0.0,2.0
11:45:00 AM,5,Sunday,normal,84.0,0.0,50.0,0.0,19.0
12:00:00 PM,5,Sunday,normal,103.0,0.0,50.0,0.0,0.0
12:15:00 PM,5,Sunday,normal,100.0,0.0,50.0,0.0,0.0
12:30:00 PM,5,Sunday,normal,83.0,0.0,50.0,0.0,23.0
12:45:00 PM,5,Sunday,normal,106.0,0.0,50.0,0.0,0.0
1:00:00 PM,5,Sunday,low,81.0,0.0,50.0,0.0,0.0
1:15:00 PM,5,Sunday,normal,64.0,0.0,50.0,0.0,20.0
1:30:00 PM,5,Sunday,normal,84.0,0.0,50.0,0.0,1.0
1:45:00 PM,5,Sunday,normal,85.0,0.0,50.0,0.0,0.0
2:00:00 PM,5,Sunday,low,41.0,0.0,50.0,0.0,85.0
2:15:00 PM,5,Sunday,normal,126.0,0.0,50.0,0.0,0.0
2:30:00 PM,5,Sunday,normal,76.0,0.0,50.0,0.0,17.0
2:45:00 PM,5,Sunday,normal,93.0,0.0,50.0,0.0,10.0
3:00:00 PM,5,Sunday,low,103.0,0.0,50.0,0.0,0.0
3:15:00 PM,5,Sunday,low,51.0,0.0,50.0,0.0,70.0
3:30:00 PM,5,Sunday,normal,121.0,0.0,50.0,0.0,59.0
3:45:00 PM,5,Sunday,heavy,180.0,0.0,50.0,0.0,0.0
4:00:00 PM,5,Sunday,normal,164.0,0.0,50.0,0.0,9.0
4:15:00 PM,5,Sunday,heavy,173.0,0.0,50.0,0.0,31.0
4:30:00 PM,5,Sunday,heavy,204.0,23.99999999999998,30.000000000000014,59.99999999999994,1.0
4:45:00 PM,5,Sunday,heavy,205.0,24.999999999999986,29.16666666666668,62.499999999999964,0.0
5:00:00 PM,5,Sunday,heavy,169.0,0.0,50.0,0.0,2.0
5:15:00 PM,5,Sunday,heavy,171.0,0.0,50.0,0.0,49.0
5:30:00 PM,5,Sunday,heavy,220.0,39.999999999999986,16.66666666666668,99.99999999999996,0.0
5:45:00 PM,5,Sunday,heavy,175.0,0.0,50.0,0.0,6.0
6:00:00 PM,5,Sunday,heavy,181.0,0.9999999999999815,49.16666666666668,2.4999999999999534,0.0
6:15:00 PM,5,Sunday,heavy,180.0,0.0,50.0,0.0,0.0
6:30:00 PM,5,Sunday,normal,135.0,0.0,50.0,0.0,11.0
6:45:00 PM,5,Sunday,high,146.0,0.0,50.0,0.0,0.0
7:00:00 PM,5,Sunday,low,103.0,0.0,50.0,0.0,17.0
7:15:00 PM,5,Sunday,normal,120.0,0.0,50.0,0.0,0.0
7:30:00 PM,5,Sunday,normal,120.0,0.0,50.0,0.0,3.0
7:45:00 PM,5,Sunday,normal,123.0,0.0,50.0,0.0,7.0
8:00:00 PM,5,Sunday,normal,130.0,0.0,50.0,0.0,0.0
8:15:00 PM,5,Sunday,low,90.0,0.0,50.0,0.0,14.0
8:30:00 PM,5,Sunday,normal,104.0,0.0,50.0,0.0,19.0
8:45:00 PM,5,Sunday,high,123.0,0.0,50.0,0.0,0.0
9:00:00 PM,5,Sunday,normal,82.0,0.0,50.0,0.0,49.0
9:15:00 PM,5,Sunday,high,131.0,0.0,50.0,0.0,40.0
9:30:00 PM,5,Sunday,heavy,171.0,0.0,50.0,0.0,0.0
9:45:00 PM,5,Sunday,normal,44.0,0.0,50.0,0.0,0.0
10:00:00 PM,5,Sunday,normal,44.0,0.0,50.0,0.0,3.0
10:15:00 PM,5,Sunday,normal,47.0,0.0,50.0,0.0,0.0
10:30:00 PM,5,Sunday,normal,42.0,0.0,50.0,0.0,8.0
10:45:00 PM,5,Sunday,normal,50.0,0.0,50.0,0.0,0.0
11:00:00 PM,5,Sunday,normal,49.0,0.0,50.0,0.0,0.0
11:15:00 PM,5,Sunday,normal,41.0,0.0,50.0,0.0,15.0
11:30:00 PM,5,Sunday,normal,56.0,0.0,50.0,0.0,0.0
11:45:00 PM,5,Sunday,normal,45.0,0.0,50.0,0.0,0.0
12:00:00 AM,6,Monday,normal,38.0,0.0,50.0,0.0,7.0
12:15:00 AM,6,Monday,normal,45.0,0.0,50.0,0.0,2.0
12:30:00 AM,6,Monday,normal,47.0,0.0,50.0,0.0,0.0
12:45:00 AM,6,Monday,normal,35.0,0.0,50.0,0.0,0.0
1:00:00 AM,6,Monday,normal,30.0,0.0,50.0,0.0,7.0
1:15:00 AM,6,Monday,normal,37.0,0.0,50.0,0.0,1.0
1:30:00 AM,6,Monday,normal,38.0,0.0,50.0,0.0,11.0
1:45:00 AM,6,Monday,normal,49.0,0.0,50.0,0.0,0.0
2:00:00 AM,6,Monday,normal,36.0,0.0,50.0,0.0,8.0
2:15:00 AM,6,Monday,normal,44.0,0.0,50.0,0.0,0.0
2:30:00 AM,6,Monday,normal,38.0,0.0,50.0,0.0,16.0
2:45:00 AM,6,Monday,normal,54.0,0.0,50.0,0.0,0.0
3:00:00 AM,6,Monday,normal,45.0,0.0,50.0,0.0,0.0
3:15:00 AM,6,Monday,normal,31.0,0.0,50.0,0.0,18.0
3:30:00 AM,6,Monday,normal,49.0,0.0,50.0,0.0,0.0
3:45:00 AM,6,Monday,normal,36.0,0.0,50.0,0.0,68.0
4:00:00 AM,6,Monday,normal,104.0,0.0,50.0,0.0,0.0
4:15:00 AM,6,Monday,normal,92.0,0.0,50.0,0.0,0.0
4:30:00 AM,6,Monday,normal,89.0,0.0,50.0,0.0,11.0
4:45:00 AM,6,Monday,normal,100.0,0.0,50.0,0.0,3.0
5:00:00 AM,6,Monday,normal,103.0,0.0,50.0,0.0,0.0
5:15:00 AM,6,Monday,low,86.0,0.0,50.0,0.0,3.0
5:30:00 AM,6,Monday,low,89.0,0.0,50.0,0.0,73.0
5:45:00 AM,6,Monday,normal,162.0,0.0,50.0,0.0,0.0
6:00:00 AM,6,Monday,normal,154.0,0.0,50.0,0.0,18.0
6:15:00 AM,6,Monday,heavy,172.0,0.0,50.0,0.0,0.0
6:30:00 AM,6,Monday,normal,137.0,0.0,50.0,0.0,14.0
6:45:00 AM,6,Monday,normal,151.0,0.0,50.0,0.0,15.0
7:00:00 AM,6,Monday,normal,166.0,0.0,50.0,0.0,28.0
7:15:00 AM,6,Monday,heavy,194.0,13.99999999999999,38.33333333333334,34.99999999999997,0.0
7:30:00 AM,6,Monday,normal,144.0,0.0,50.0,0.0,0.0
7:45:00 AM,6,Monday,normal,143.0,0.0,50.0,0.0,20.0
8:00:00 AM,6,Monday,normal,163.0,0.0,50.0,0.0,20.0
8:15:00 AM,6,Monday,heavy,183.0,2.9999999999999942,47.5,7.499999999999985,0.0
8:30:00 AM,6,Monday,heavy,181.0,0.9999999999999815,49.16666666666668,2.4999999999999534,0.0
8:45:00 AM,6,Monday,normal,134.0,0.0,50.0,0.0,0.0
9:00:00 AM,6,Monday,low,84.0,0.0,50.0,0.0,8.0
9:15:00 AM,6,Monday,low,92.0,0.0,50.0,0.0,14.0
9:30:00 AM,6,Monday,normal,106.0,0.0,50.0,0.0,3.0
9:45:00 AM,6,Monday,normal,109.0,0.0,50.0,0.0,0.0
10:00:00 AM,6,Monday,normal,91.0,0.0,50.0,0.0,29.0
10:15:00 AM,6,Monday,high,120.0,0.0,50.0,0.0,0.0
10:30:00 AM,6,Monday,low,103.0,0.0,50.0,0.0,0.0
10:45:00 AM,6,Monday,normal,86.0,0.0,50.0,0.0,29.0
11:00:00 AM,6,Monday,high,115.0,0.0,50.0,0.0,0.0
11:15:00 AM,6,Monday,normal,90.0,0.0,50.0,0.0,11.0
11:30:00 AM,6,Monday,normal,101.0,0.0,50.0,0.0,0.0
11:45:00 AM,6,Monday,normal,97.0,0.0,50.0,0.0,18.0
12:00:00 PM,6,Monday,high,115.0,0.0,50.0,0.0,0.0
12:15:00 PM,6,Monday,normal,67.0,0.0,50.0,0.0,5.0
12:30:00 PM,6,Monday,normal,72.0,0.0,50.0,0.0,47.0
12:45:00 PM,6,Monday,high,119.0,0.0,50.0,0.0,0.0
1:00:00 PM,6,Monday,normal,70.0,0.0,50.0,0.0,55.0
1:15:00 PM,6,Monday,normal,125.0,0.0,50.0,0.0,0.0
1:30:00 PM,6,Monday,normal,60.0,0.0,50.0,0.0,84.0
1:45:00 PM,6,Monday,normal,144.0,0.0,50.0,0.0,0.0
2:00:00 PM,6,Monday,normal,64.0,0.0,50.0,0.0,44.0
2:15:00 PM,6,Monday,normal,108.0,0.0,50.0,0.0,0.0
2:30:00 PM,6,Monday,normal,80.0,0.0,50.0,0.0,0.0
2:45:00 PM,6,Monday,low,77.0,0.0,50.0,0.0,59.0
3:00:00 PM,6,Monday,normal,136.0,0.0,50.0,0.0,0.0
3:15:00 PM,6,Monday,normal,107.0,0.0,50.0,0.0,13.0
3:30:00 PM,6,Monday,normal,120.0,0.0,50.0,0.0,49.0
3:45:00 PM,6,Monday,heavy,169.0,0.0,50.0,0.0,36.0
4:00:00 PM,6,Monday,heavy,205.0,24.999999999999986,29.16666666666668,62.499999999999964,0.0
4:15:00 PM,6,Monday,normal,163.0,0.0,50.0,0.0,29.0
4:30:00 PM,6,Monday,heavy,192.0,12.000000000000002,40.0,30.000000000000004,0.0
4:45:00 PM,6,Monday,heavy,184.0,4.000000000000001,46.666666666666664,10.000000000000002,0.0
5:00:00 PM,6,Monday,heavy,170.0,0.0,50.0,0.0,40.0
5:15:00 PM,6,Monday,heavy,210.0,29.999999999999993,25.000000000000007,74.99999999999997,0.0
5:30:00 PM,6,Monday,heavy,192.0,12.000000000000002,40.0,30.000000000000004,0.0
5:45:00 PM,6,Monday,heavy,180.0,0.0,50.0,0.0,0.0
6:00:00 PM,6,Monday,heavy,174.0,0.0,50.0,0.0,41.0
6:15:00 PM,6,Monday,heavy,215.0,35.0,20.833333333333332,87.5,0.0
6:30:00 PM,6,Monday,normal,128.0,0.0,50.0,0.0,18.0
6:45:00 PM,6,Monday,normal,146.0,0.0,50.0,0.0,0.0
7:00:00 PM,6,Monday,normal,135.0,0.0,50.0,0.0,31.0
7:15:00 PM,6,Monday,high,166.0,0.0,50.0,0.0,0.0
7:30:00 PM,6,Monday,normal,130.0,0.0,50.0,0.0,0.0
7:45:00 PM,6,Monday,normal,126.0,0.0,50.0,0.0,20.0
8:00:00 PM,6,Monday,normal,146.0,0.0,50.0,0.0,0.0
8:15:00 PM,6,Monday,normal,125.0,0.0,50.0,0.0,0.0
8:30:00 PM,6,Monday,normal,120.0,0.0,50.0,0.0,0.0
8:45:00 PM,6,Monday,low,106.0,0.0,50.0,0.0,18.0
9:00:00 PM,6,Monday,high,124.0,0.0,50.0,0.0,0.0
9:15:00 PM,6,Monday,high,116.0,0.0,50.0,0.0,38.0
9:30:00 PM,6,Monday,high,154.0,0.0,50.0,0.0,0.0
9:45:00 PM,6,Monday,normal,38.0,0.0,50.0,0.0,15.0
10:00:00 PM,6,Monday,normal,53.0,0.0,50.0,0.0,0.0
10:15:00 PM,6,Monday,normal,43.0,0.0,50.0,0.0,0.0
10:30:00 PM,6,Monday,normal,38.0,0.0,50.0,0.0,0.0
10:45:00 PM,6,Monday,normal,32.0,0.0,50.0,0.0,19.0
11:00:00 PM,6,Monday,normal,51.0,0.0,50.0,0.0,3.0
11:15:00 PM,6,Monday,normal,54.0,0.0,50.0,0.0,0.0
11:30:00 PM,6,Monday,normal,31.0,0.0,50.0,0.0,7.0
11:45:00 PM,6,Monday,normal,38.0,0.0,50.0,0.0,10.0
12:00:00 AM,7,Tuesday,normal,48.0,0.0,50.0,0.0,0.0
12:15:00 AM,7,Tuesday,normal,48.0,0.0,50.0,0.0,0.0
12:30:00 AM,7,Tuesday,normal,35.0,0.0,50.0,0.0,10.0
12:45:00 AM,7,Tuesday,normal,45.0,0.0,50.0,0.0,0.0
1:00:00 AM,7,Tuesday,normal,42.0,0.0,50.0,0.0,4.0
1:15:00 AM,7,Tuesday,normal,46.0,0.0,50.0,0.0,0.0
1:30:00 AM,7,Tuesday,normal,33.0,0.0,50.0,0.0,6.0
1:45:00 AM,7,Tuesday,normal,39.0,0.0,50.0,0.0,12.0
2:00:00 AM,7,Tuesday,normal,51.0,0.0,50.0,0.0,0.0
2:15:00 AM,7,Tuesday,normal,48.0,0.0,50.0,0.0,0.0
2:30:00 AM,7,Tuesday,normal,30.0,0.0,50.0,0.0,17.0
2:45:00 AM,7,Tuesday,normal,47.0,0.0,50.0,0.0,0.0
3:00:00 AM,7,Tuesday,normal,31.0,0.0,50.0,0.0,7.0
3:15:00 AM,7,Tuesday,normal,38.0,0.0,50.0,0.0,0.0
3:30:00 AM,7,Tuesday,normal,34.0,0.0,50.0,0.0,3.0
3:45:00 AM,7,Tuesday,normal,37.0,0.0,50.0,0.0,41.0
4:00:00 AM,7,Tuesday,low,78.0,0.0,50.0,0.0,8.0
4:15:00 AM,7,Tuesday,low,86.0,0.0,50.0,0.0,16.0
4:30:00 AM,7,Tuesday,normal,102.0,0.0,50.0,0.0,0.0
4:45:00 AM,7,Tuesday,low,78.0,0.0,50.0,0.0,13.0
5:00:00 AM,7,Tuesday,low,91.0,0.0,50.0,0.0,19.0
5:15:00 AM,7,Tuesday,low,110.0,0.0,50.0,0.0,0.0
5:30:00 AM,7,Tuesday,low,100.0,0.0,50.0,0.0,90.0
5:45:00 AM,7,Tuesday,heavy,190.0,9.99999999999999,41.66666666666667,24.99999999999997,0.0
6:00:00 AM,7,Tuesday,heavy,175.0,0.0,50.0,0.0,24.0
6:15:00 AM,7,Tuesday,heavy,199.0,18.999999999999996,34.166666666666664,47.499999999999986,0.0
6:30:00 AM,7,Tuesday,normal,127.0,0.0,50.0,0.0,0.0
6:45:00 AM,7,Tuesday,normal,118.0,0.0,50.0,0.0,15.0
7:00:00 AM,7,Tuesday,normal,133.0,0.0,50.0,0.0,4.0
7:15:00 AM,7,Tuesday,normal,137.0,0.0,50.0,0.0,26.0
7:30:00 AM,7,Tuesday,normal,163.0,0.0,50.0,0.0,6.0
7:45:00 AM,7,Tuesday,heavy,169.0,0.0,50.0,0.0,7.0
8:00:00 AM,7,Tuesday,heavy,176.0,0.0,50.0,0.0,0.0
8:15:00 AM,7,Tuesday,normal,139.0,0.0,50.0,0.0,7.0
8:30:00 AM,7,Tuesday,normal,146.0,0.0,50.0,0.0,10.0
8:45:00 AM,7,Tuesday,normal,156.0,0.0,50.0,0.0,0.0
9:00:00 AM,7,Tuesday,low,73.0,0.0,50.0,0.0,0.0
9:15:00 AM,7,Tuesday,low,62.0,0.0,50.0,0.0,45.0
9:30:00 AM,7,Tuesday,low,107.0,0.0,50.0,0.0,0.0
9:45:00 AM,7,Tuesday,low,89.0,0.0,50.0,0.0,16.0
10:00:00 AM,7,Tuesday,normal,105.0,0.0,50.0,0.0,0.0
10:15:00 AM,7,Tuesday,normal,81.0,0.0,50.0,0.0,13.0
10:30:00 AM,7,Tuesday,low,94.0,0.0,50.0,0.0,0.0
10:45:00 AM,7,Tuesday,normal,56.0,0.0,50.0,0.0,19.0
11:00:00 AM,7,Tuesday,normal,75.0,0.0,50.0,0.0,18.0
11:15:00 AM,7,Tuesday,normal,93.0,0.0,50.0,0.0,0.0
11:30:00 AM,7,Tuesday,normal,70.0,0.0,50.0,0.0,28.0
11:45:00 AM,7,Tuesday,normal,98.0,0.0,50.0,0.0,0.0
12:00:00 PM,7,Tuesday,normal,98.0,0.0,50.0,0.0,3.0
12:15:00 PM,7,Tuesday,normal,101.0,0.0,50.0,0.0,5.0
12:30:00 PM,7,Tuesday,normal,106.0,0.0,50.0,0.0,0.0
12:45:00 PM,7,Tuesday,normal,102.0,0.0,50.0,0.0,0.0
1:00:00 PM,7,Tuesday,normal,52.0,0.0,50.0,0.0,62.0
1:15:00 PM,7,Tuesday,normal,114.0,0.0,50.0,0.0,36.0
1:30:00 PM,7,Tuesday,high,150.0,0.0,50.0,0.0,0.0
1:45:00 PM,7,Tuesday,normal,61.0,0.0,50.0,0.0,33.0
2:00:00 PM,7,Tuesday,normal,94.0,0.0,50.0,0.0,17.0
2:15:00 PM,7,Tuesday,low,111.0,0.0,50.0,0.0,39.0
2:30:00 PM,7,Tuesday,high,150.0,0.0,50.0,0.0,0.0
2:45:00 PM,7,Tuesday,normal,117.0,0.0,50.0,0.0,3.0
3:00:00 PM,7,Tuesday,high,120.0,0.0,50.0,0.0,0.0
3:15:00 PM,7,Tuesday,normal,69.0,0.0,50.0,0.0,8.0
3:30:00 PM,7,Tuesday,normal,77.0,0.0,50.0,0.0,68.0
3:45:00 PM,7,Tuesday,normal,145.0,0.0,50.0,0.0,41.0
4:00:00 PM,7,Tuesday,heavy,186.0,5.9999999999999885,45.00000000000001,14.99999999999997,1.0
4:15:00 PM,7,Tuesday,heavy,187.0,6.999999999999995,44.16666666666667,17.499999999999986,0.0
4:30:00 PM,7,Tuesday,heavy,182.0,1.999999999999988,48.33333333333334,4.99999999999997,0.0
4:45:00 PM,7,Tuesday,heavy,178.0,0.0,50.0,0.0,0.0
5:00:00 PM,7,Tuesday,normal,154.0,0.0,50.0,0.0,32.0
5:15:00 PM,7,Tuesday,heavy,186.0,5.9999999999999885,45.00000000000001,14.99999999999997,0.0
5:30:00 PM,7,Tuesday,heavy,184.0,4.000000000000001,46.666666666666664,10.000000000000002,15.0
5:45:00 PM,7,Tuesday,heavy,199.0,18.999999999999996,34.166666666666664,47.499999999999986,10.0
6:00:00 PM,7,Tuesday,heavy,209.0,28.999999999999986,25.833333333333343,72.49999999999996,0.0
6:15:00 PM,7,Tuesday,heavy,204.0,23.99999999999998,30.000000000000014,59.99999999999994,0.0
6:30:00 PM,7,Tuesday,normal,108.0,0.0,50.0,0.0,70.0
6:45:00 PM,7,Tuesday,heavy,178.0,0.0,50.0,0.0,0.0
7:00:00 PM,7,Tuesday,normal,107.0,0.0,50.0,0.0,48.0
7:15:00 PM,7,Tuesday,high,155.0,0.0,50.0,0.0,0.0
7:30:00 PM,7,Tuesday,normal,92.0,0.0,50.0,0.0,1.0
7:45:00 PM,7,Tuesday,low,93.0,0.0,50.0,0.0,18.0
8:00:00 PM,7,Tuesday,normal,111.0,0.0,50.0,0.0,29.0
8:15:00 PM,7,Tuesday,normal,140.0,0.0,50.0,0.0,0.0
8:30:00 PM,7,Tuesday,normal,99.0,0.0,50.0,0.0,34.0
8:45:00 PM,7,Tuesday,high,133.0,0.0,50.0,0.0,9.0
9:00:00 PM,7,Tuesday,normal,142.0,0.0,50.0,0.0,0.0
9:15:00 PM,7,Tuesday,normal,131.0,0.0,50.0,0.0,0.0
9:30:00 PM,7,Tuesday,normal,128.0,0.0,50.0,0.0,0.0
9:45:00 PM,7,Tuesday,normal,43.0,0.0,50.0,0.0,0.0
10:00:00 PM,7,Tuesday,normal,34.0,0.0,50.0,0.0,9.0
10:15:00 PM,7,Tuesday,normal,43.0,0.0,50.0,0.0,6.0
10:30:00 PM,7,Tuesday,normal,49.0,0.0,50.0,0.0,0.0
10:45:00 PM,7,Tuesday,normal,35.0,0.0,50.0,0.0,5.0
11:00:00 PM,7,Tuesday,normal,40.0,0.0,50.0,0.0,6.0
11:15:00 PM,7,Tuesday,normal,46.0,0.0,50.0,0.0,2.0
11:30:00 PM,7,Tuesday,normal,48.0,0.0,50.0,0.0,0.0
11:45:00 PM,7,Tuesday,normal,41.0,0.0,50.0,0.0,2.0
12:00:00 AM,8,Wednesday,normal,43.0,0.0,50.0,0.0,0.0
12:15:00 AM,8,Wednesday,normal,35.0,0.0,50.0,0.0,17.0
12:30:00 AM,8,Wednesday,normal,52.0,0.0,50.0,0.0,0.0
12:45:00 AM,8,Wednesday,normal,39.0,0.0,50.0,0.0,0.0
1:00:00 AM,8,Wednesday,normal,27.0,0.0,50.0,0.0,6.0
1:15:00 AM,8,Wednesday,normal,33.0,0.0,50.0,0.0,6.0
1:30:00 AM,8,Wednesday,normal,39.0,0.0,50.0,0.0,0.0
1:45:00 AM,8,Wednesday,normal,37.0,0.0,50.0,0.0,12.0
2:00:00 AM,8,Wednesday,normal,49.0,0.0,50.0,0.0,0.0
2:15:00 AM,8,Wednesday,normal,39.0,0.0,50.0,0.0,7.0
2:30:00 AM,8,Wednesday,normal,46.0,0.0,50.0,0.0,0.0
2:45:00 AM,8,Wednesday,normal,40.0,0.0,50.0,0.0,0.0
3:00:00 AM,8,Wednesday,normal,39.0,0.0,50.0,0.0,3.0
3:15:00 AM,8,Wednesday,normal,42.0,0.0,50.0,0.0,2.0
3:30:00 AM,8,Wednesday,normal,44.0,0.0,50.0,0.0,4.0
3:45:00 AM,8,Wednesday,normal,48.0,0.0,50.0,0.0,48.0
4:00:00 AM,8,Wednesday,low,96.0,0.0,50.0,0.0,0.0
4:15:00 AM,8,Wednesday,normal,96.0,0.0,50.0,0.0,0.0
4:30:00 AM,8,Wednesday,low,87.0,0.0,50.0,0.0,15.0
4:45:00 AM,8,Wednesday,low,102.0,0.0,50.0,0.0,3.0
5:00:00 AM,8,Wednesday,normal,105.0,0.0,50.0,0.0,0.0
5:15:00 AM,8,Wednesday,normal,101.0,0.0,50.0,0.0,0.0
5:30:00 AM,8,Wednesday,low,72.0,0.0,50.0,0.0,73.0
5:45:00 AM,8,Wednesday,normal,145.0,0.0,50.0,0.0,18.0
6:00:00 AM,8,Wednesday,normal,163.0,0.0,50.0,0.0,0.0
6:15:00 AM,8,Wednesday,normal,161.0,0.0,50.0,0.0,11.0
6:30:00 AM,8,Wednesday,heavy,172.0,0.0,50.0,0.0,19.0
6:45:00 AM,8,Wednesday,heavy,191.0,10.999999999999996,40.833333333333336,27.49999999999999,0.0
7:00:00 AM,8,Wednesday,normal,150.0,0.0,50.0,0.0,33.0
7:15:00 AM,8,Wednesday,heavy,183.0,2.9999999999999942,47.5,7.499999999999985,0.0
7:30:00 AM,8,Wednesday,normal,152.0,0.0,50.0,0.0,38.0
7:45:00 AM,8,Wednesday,heavy,190.0,9.99999999999999,41.66666666666667,24.99999999999997,0.0
8:00:00 AM,8,Wednesday,heavy,188.0,8.000000000000002,43.333333333333336,20.000000000000004,0.0
8:15:00 AM,8,Wednesday,heavy,172.0,0.0,50.0,0.0,24.0
8:30:00 AM,8,Wednesday,heavy,196.0,15.999999999999979,36.66666666666668,39.99999999999994,0.0
8:45:00 AM,8,Wednesday,normal,153.0,0.0,50.0,0.0,0.0
9:00:00 AM,8,Wednesday,low,106.0,0.0,50.0,0.0,0.0
9:15:00 AM,8,Wednesday,normal,96.0,0.0,50.0,0.0,0.0
9:30:00 AM,8,Wednesday,low,95.0,0.0,50.0,0.0,25.0
9:45:00 AM,8,Wednesday,high,120.0,0.0,50.0,0.0,0.0
10:00:00 AM,8,Wednesday,low,95.0,0.0,50.0,0.0,30.0
10:15:00 AM,8,Wednesday,high,125.0,0.0,50.0,0.0,0.0
10:30:00 AM,8,Wednesday,low,108.0,0.0,50.0,0.0,2.0
10:45:00 AM,8,Wednesday,normal,110.0,0.0,50.0,0.0,0.0
11:00:00 AM,8,Wednesday,normal,85.0,0.0,50.0,0.0,1.0
11:15:00 AM,8,Wednesday,normal,86.0,0.0,50.0,0.0,0.0
11:30:00 AM,8,Wednesday,normal,86.0,0.0,50.0,0.0,15.0
11:45:00 AM,8,Wednesday,normal,101.0,0.0,50.0,0.0,0.0
12:00:00 PM,8,Wednesday,normal,68.0,0.0,50.0,0.0,38.0
12:15:00 PM,8,Wednesday,normal,106.0,0.0,50.0,0.0,0.0
12:30:00 PM,8,Wednesday,normal,63.0,0.0,50.0,0.0,34.0
12:45:00 PM,8,Wednesday,normal,97.0,0.0,50.0,0.0,0.0
1:00:00 PM,8,Wednesday,normal,79.0,0.0,50.0,0.0,22.0
1:15:00 PM,8,Wednesday,normal,101.0,0.0,50.0,0.0,17.0
1:30:00 PM,8,Wednesday,normal,118.0,0.0,50.0,0.0,0.0
1:45:00 PM,8,Wednesday,normal,87.0,0.0,50.0,0.0,30.0
2:00:00 PM,8,Wednesday,normal,117.0,0.0,50.0,0.0,0.0
2:15:00 PM,8,Wednesday,normal,117.0,0.0,50.0,0.0,0.0
2:30:00 PM,8,Wednesday,normal,94.0,0.0,50.0,0.0,53.0
2:45:00 PM,8,Wednesday,normal,147.0,0.0,50.0,0.0,0.0
3:00:00 PM,8,Wednesday,low,72.0,0.0,50.0,0.0,0.0
3:15:00 PM,8,Wednesday,low,62.0,0.0,50.0,0.0,74.0
3:30:00 PM,8,Wednesday,high,136.0,0.0,50.0,0.0,18.0
3:45:00 PM,8,Wednesday,high,154.0,0.0,50.0,0.0,32.0
4:00:00 PM,8,Wednesday,heavy,186.0,5.9999999999999885,45.00000000000001,14.99999999999997,0.0
4:15:00 PM,8,Wednesday,normal,158.0,0.0,50.0,0.0,19.0
4:30:00 PM,8,Wednesday,heavy,177.0,0.0,50.0,0.0,0.0
4:45:00 PM,8,Wednesday,heavy,170.0,0.0,50.0,0.0,0.0
5:00:00 PM,8,Wednesday,normal,149.0,0.0,50.0,0.0,50.0
5:15:00 PM,8,Wednesday,heavy,199.0,18.999999999999996,34.166666666666664,47.499999999999986,0.0
5:30:00 PM,8,Wednesday,heavy,185.0,4.999999999999982,45.83333333333335,12.499999999999956,0.0
5:45:00 PM,8,Wednesday,heavy,184.0,4.000000000000001,46.666666666666664,10.000000000000002,0.0
6:00:00 PM,8,Wednesday,heavy,180.0,0.0,50.0,0.0,0.0
6:15:00 PM,8,Wednesday,normal,155.0,0.0,50.0,0.0,0.0
6:30:00 PM,8,Wednesday,low,96.0,0.0,50.0,0.0,38.0
6:45:00 PM,8,Wednesday,high,134.0,0.0,50.0,0.0,14.0
7:00:00 PM,8,Wednesday,normal,148.0,0.0,50.0,0.0,0.0
7:15:00 PM,8,Wednesday,low,91.0,0.0,50.0,0.0,65.0
7:30:00 PM,8,Wednesday,high,156.0,0.0,50.0,0.0,0.0
7:45:00 PM,8,Wednesday,normal,98.0,0.0,50.0,0.0,21.0
8:00:00 PM,8,Wednesday,normal,119.0,0.0,50.0,0.0,45.0
8:15:00 PM,8,Wednesday,high,164.0,0.0,50.0,0.0,0.0
8:30:00 PM,8,Wednesday,high,115.0,0.0,50.0,0.0,31.0
8:45:00 PM,8,Wednesday,normal,146.0,0.0,50.0,0.0,0.0
9:00:00 PM,8,Wednesday,normal,106.0,0.0,50.0,0.0,19.0
9:15:00 PM,8,Wednesday,normal,125.0,0.0,50.0,0.0,0.0
9:30:00 PM,8,Wednesday,low,96.0,0.0,50.0,0.0,0.0
9:45:00 PM,8,Wednesday,normal,34.0,0.0,50.0,0.0,6.0
10:00:00 PM,8,Wednesday,normal,40.0,0.0,50.0,0.0,0.0
10:15:00 PM,8,Wednesday,normal,31.0,0.0,50.0,0.0,26.0
10:30:00 PM,8,Wednesday,normal,57.0,0.0,50.0,0.0,0.0
10:45:00 PM,8,Wednesday,normal,38.0,0.0,50.0,0.0,3.0
11:00:00 PM,8,Wednesday,normal,41.0,0.0,50.0,0.0,4.0
11:15:00 PM,8,Wednesday,normal,45.0,0.0,50.0,0.0,2.0
11:30:00 PM,8,Wednesday,normal,47.0,0.0,50.0,0.0,0.0
11:45:00 PM,8,Wednesday,normal,31.0,0.0,50.0,0.0,17.0
12:00:00 AM,9,Thursday,normal,48.0,0.0,50.0,0.0,0.0
12:15:00 AM,9,Thursday,normal,35.0,0.0,50.0,0.0,3.0
12:30:00 AM,9,Thursday,normal,38.0,0.0,50.0,0.0,7.0
12:45:00 AM,9,Thursday,normal,45.0,0.0,50.0,0.0,0.0
1:00:00 AM,9,Thursday,normal,42.0,0.0,50.0,0.0,2.0
1:15:00 AM,9,Thursday,normal,44.0,0.0,50.0,0.0,0.0
1:30:00 AM,9,Thursday,normal,43.0,0.0,50.0,0.0,5.0
1:45:00 AM,9,Thursday,normal,48.0,0.0,50.0,0.0,0.0
2:00:00 AM,9,Thursday,normal,44.0,0.0,50.0,0.0,6.0
2:15:00 AM,9,Thursday,normal,50.0,0.0,50.0,0.0,0.0
2:30:00 AM,9,Thursday,normal,48.0,0.0,50.0,0.0,0.0
2:45:00 AM,9,Thursday,normal,43.0,0.0,50.0,0.0,0.0
3:00:00 AM,9,Thursday,normal,29.0,0.0,50.0,0.0,11.0
3:15:00 AM,9,Thursday,normal,40.0,0.0,50.0,0.0,0.0
3:30:00 AM,9,Thursday,normal,28.0,0.0,50.0,0.0,19.0
3:45:00 AM,9,Thursday,normal,47.0,0.0,50.0,0.0,43.0
4:00:00 AM,9,Thursday,low,90.0,0.0,50.0,0.0,0.0
4:15:00 AM,9,Thursday,low,84.0,0.0,50.0,0.0,0.0
4:30:00 AM,9,Thursday,low,81.0,0.0,50.0,0.0,0.0
4:45:00 AM,9,Thursday,normal,81.0,0.0,50.0,0.0,20.0
5:00:00 AM,9,Thursday,low,101.0,0.0,50.0,0.0,2.0
5:15:00 AM,9,Thursday,normal,103.0,0.0,50.0,0.0,10.0
5:30:00 AM,9,Thursday,normal,113.0,0.0,50.0,0.0,37.0
5:45:00 AM,9,Thursday,normal,150.0,0.0,50.0,0.0,0.0
6:00:00 AM,9,Thursday,normal,136.0,0.0,50.0,0.0,20.0
6:15:00 AM,9,Thursday,normal,156.0,0.0,50.0,0.0,0.0
6:30:00 AM,9,Thursday,normal,146.0,0.0,50.0,0.0,4.0
6:45:00 AM,9,Thursday,normal,150.0,0.0,50.0,0.0,0.0
7:00:00 AM,9,Thursday,normal,146.0,0.0,50.0,0.0,63.0
7:15:00 AM,9,Thursday,heavy,209.0,28.999999999999986,25.833333333333343,72.49999999999996,0.0
7:30:00 AM,9,Thursday,normal,128.0,0.0,50.0,0.0,63.0
7:45:00 AM,9,Thursday,heavy,191.0,10.999999999999996,40.833333333333336,27.49999999999999,0.0
8:00:00 AM,9,Thursday,normal,139.0,0.0,50.0,0.0,10.0
8:15:00 AM,9,Thursday,normal,149.0,0.0,50.0,0.0,14.0
8:30:00 AM,9,Thursday,normal,163.0,0.0,50.0,0.0,41.0
8:45:00 AM,9,Thursday,heavy,204.0,23.99999999999998,30.000000000000014,59.99999999999994,0.0
9:00:00 AM,9,Thursday,low,92.0,0.0,50.0,0.0,0.0
9:15:00 AM,9,Thursday,low,63.0,0.0,50.0,0.0,20.0
9:30:00 AM,9,Thursday,low,83.0,0.0,50.0,0.0,0.0
9:45:00 AM,9,Thursday,low,83.0,0.0,50.0,0.0,51.0
10:00:00 AM,9,Thursday,high,134.0,0.0,50.0,0.0,0.0
10:15:00 AM,9,Thursday,low,77.0,0.0,50.0,0.0,11.0
10:30:00 AM,9,Thursday,normal,88.0,0.0,50.0,0.0,20.0
10:45:00 AM,9,Thursday,normal,108.0,0.0,50.0,0.0,0.0
11:00:00 AM,9,Thursday,normal,105.0,0.0,50.0,0.0,2.0
11:15:00 AM,9,Thursday,normal,107.0,0.0,50.0,0.0,12.0
11:30:00 AM,9,Thursday,high,119.0,0.0,50.0,0.0,0.0
11:45:00 AM,9,Thursday,normal,91.0,0.0,50.0,0.0,13.0
12:00:00 PM,9,Thursday,normal,104.0,0.0,50.0,0.0,0.0
12:15:00 PM,9,Thursday,normal,93.0,0.0,50.0,0.0,14.0
12:30:00 PM,9,Thursday,normal,107.0,0.0,50.0,0.0,0.0
12:45:00 PM,9,Thursday,normal,62.0,0.0,50.0,0.0,8.0
1:00:00 PM,9,Thursday,normal,70.0,0.0,50.0,0.0,63.0
1:15:00 PM,9,Thursday,high,133.0,0.0,50.0,0.0,0.0
1:30:00 PM,9,Thursday,normal,103.0,0.0,50.0,0.0,0.0
1:45:00 PM,9,Thursday,normal,66.0,0.0,50.0,0.0,48.0
2:00:00 PM,9,Thursday,normal,114.0,0.0,50.0,0.0,25.0
2:15:00 PM,9,Thursday,normal,139.0,0.0,50.0,0.0,0.0
2:30:00 PM,9,Thursday,normal,98.0,0.0,50.0,0.0,55.0
2:45:00 PM,9,Thursday,normal,153.0,0.0,50.0,0.0,0.0
3:00:00 PM,9,Thursday,normal,127.0,0.0,50.0,0.0,0.0
3:15:00 PM,9,Thursday,normal,104.0,0.0,50.0,0.0,20.0
3:30:00 PM,9,Thursday,normal,124.0,0.0,50.0,0.0,49.0
3:45:00 PM,9,Thursday,heavy,173.0,0.0,50.0,0.0,15.0
4:00:00 PM,9,Thursday,heavy,188.0,8.000000000000002,43.333333333333336,20.000000000000004,15.0
4:15:00 PM,9,Thursday,heavy,203.0,23.0,30.833333333333336,57.5,0.0
4:30:00 PM,9,Thursday,heavy,187.0,6.999999999999995,44.16666666666667,17.499999999999986,31.0
4:45:00 PM,9,Thursday,heavy,218.0,37.99999999999999,18.33333333333334,94.99999999999997,0.0
5:00:00 PM,9,Thursday,heavy,172.0,0.0,50.0,0.0,23.0
5:15:00 PM,9,Thursday,heavy,195.0,14.999999999999996,37.5,37.499999999999986,0.0
5:30:00 PM,9,Thursday,heavy,170.0,0.0,50.0,0.0,0.0
5:45:00 PM,9,Thursday,high,164.0,0.0,50.0,0.0,42.0
6:00:00 PM,9,Thursday,heavy,206.0,25.999999999999993,28.33333333333334,64.99999999999997,0.0
6:15:00 PM,9,Thursday,heavy,179.0,0.0,50.0,0.0,0.0
6:30:00 PM,9,Thursday,high,135.0,0.0,50.0,0.0,0.0
6:45:00 PM,9,Thursday,normal,123.0,0.0,50.0,0.0,2.0
7:00:00 PM,9,Thursday,high,125.0,0.0,50.0,0.0,0.0
7:15:00 PM,9,Thursday,low,78.0,0.0,50.0,0.0,42.0
7:30:00 PM,9,Thursday,normal,120.0,0.0,50.0,0.0,0.0
7:45:00 PM,9,Thursday,low,105.0,0.0,50.0,0.0,26.0
8:00:00 PM,9,Thursday,normal,131.0,0.0,50.0,0.0,0.0
8:15:00 PM,9,Thursday,normal,131.0,0.0,50.0,0.0,0.0
8:30:00 PM,9,Thursday,low,90.0,0.0,50.0,0.0,17.0
8:45:00 PM,9,Thursday,normal,107.0,0.0,50.0,0.0,3.0
9:00:00 PM,9,Thursday,normal,110.0,0.0,50.0,0.0,53.0
9:15:00 PM,9,Thursday,normal,163.0,0.0,50.0,0.0,4.0
9:30:00 PM,9,Thursday,normal,167.0,0.0,50.0,0.0,0.0
9:45:00 PM,9,Thursday,normal,30.0,0.0,50.0,0.0,13.0
10:00:00 PM,9,Thursday,normal,43.0,0.0,50.0,0.0,0.0
10:15:00 PM,9,Thursday,normal,28.0,0.0,50.0,0.0,9.0
10:30:00 PM,9,Thursday,normal,37.0,0.0,50.0,0.0,5.0
10:45:00 PM,9,Thursday,normal,42.0,0.0,50.0,0.0,0.0
11:00:00 PM,9,Thursday,normal,31.0,0.0,50.0,0.0,16.0
11:15:00 PM,9,Thursday,normal,47.0,0.0,50.0,0.0,0.0
11:30:00 PM,9,Thursday,normal,46.0,0.0,50.0,0.0,0.0
11:45:00 PM,9,Thursday,normal,36.0,0.0,50.0,0.0,3.0
12:00:00 AM,10,Tuesday,low,39.0,0.0,50.0,0.0,16.0
12:15:00 AM,10,Tuesday,low,55.0,0.0,50.0,0.0,0.0
12:30:00 AM,10,Tuesday,low,55.0,0.0,50.0,0.0,3.0
12:45:00 AM,10,Tuesday,low,58.0,0.0,50.0,0.0,36.0
1:00:00 AM,10,Tuesday,low,94.0,0.0,50.0,0.0,0.0
1:15:00 AM,10,Tuesday,low,53.0,0.0,50.0,0.0,0.0
1:30:00 AM,10,Tuesday,low,42.0,0.0,50.0,0.0,13.0
1:45:00 AM,10,Tuesday,low,55.0,0.0,50.0,0.0,12.0
2:00:00 AM,10,Tuesday,low,67.0,0.0,50.0,0.0,0.0
2:15:00 AM,10,Tuesday,low,45.0,0.0,50.0,0.0,2.0
2:30:00 AM,10,Tuesday,low,47.0,0.0,50.0,0.0,2.0
2:45:00 AM,10,Tuesday,low,49.0,0.0,50.0,0.0,4.0
3:00:00 AM,10,Tuesday,low,53.0,0.0,50.0,0.0,0.0
3:15:00 AM,10,Tuesday,low,42.0,0.0,50.0,0.0,152.0
3:30:00 AM,10,Tuesday,heavy,194.0,13.99999999999999,38.33333333333334,34.99999999999997,15.0
3:45:00 AM,10,Tuesday,heavy,209.0,28.999999999999986,25.833333333333343,72.49999999999996,0.0
4:00:00 AM,10,Tuesday,normal,162.0,0.0,50.0,0.0,0.0
4:15:00 AM,10,Tuesday,low,104.0,0.0,50.0,0.0,8.0
4:30:00 AM,10,Tuesday,normal,112.0,0.0,50.0,0.0,32.0
4:45:00 AM,10,Tuesday,normal,144.0,0.0,50.0,0.0,0.0
5:00:00 AM,10,Tuesday,normal,129.0,0.0,50.0,0.0,0.0
5:15:00 AM,10,Tuesday,low,111.0,0.0,50.0,0.0,0.0
5:30:00 AM,10,Tuesday,low,84.0,0.0,50.0,0.0,0.0
5:45:00 AM,10,Tuesday,low,84.0,0.0,50.0,0.0,110.0
6:00:00 AM,10,Tuesday,heavy,194.0,13.99999999999999,38.33333333333334,34.99999999999997,15.0
6:15:00 AM,10,Tuesday,heavy,209.0,28.999999999999986,25.833333333333343,72.49999999999996,0.0
6:30:00 AM,10,Tuesday,normal,162.0,0.0,50.0,0.0,34.0
6:45:00 AM,10,Tuesday,heavy,196.0,15.999999999999979,36.66666666666668,39.99999999999994,0.0
7:00:00 AM,10,Tuesday,heavy,189.0,8.999999999999982,42.500000000000014,22.499999999999954,6.0
7:15:00 AM,10,Tuesday,heavy,195.0,14.999999999999996,37.5,37.499999999999986,0.0
7:30:00 AM,10,Tuesday,heavy,177.0,0.0,50.0,0.0,0.0
7:45:00 AM,10,Tuesday,normal,149.0,0.0,50.0,0.0,35.0
8:00:00 AM,10,Tuesday,heavy,184.0,4.000000000000001,46.666666666666664,10.000000000000002,2.0
8:15:00 AM,10,Tuesday,heavy,186.0,5.9999999999999885,45.00000000000001,14.99999999999997,26.0
8:30:00 AM,10,Tuesday,heavy,212.0,31.999999999999982,23.33333333333335,79.99999999999996,0.0
8:45:00 AM,10,Tuesday,heavy,168.0,0.0,50.0,0.0,2.0
9:00:00 AM,10,Tuesday,heavy,170.0,0.0,50.0,0.0,0.0
9:15:00 AM,10,Tuesday,high,161.0,0.0,50.0,0.0,0.0
9:30:00 AM,10,Tuesday,normal,89.0,0.0,50.0,0.0,24.0
9:45:00 AM,10,Tuesday,high,113.0,0.0,50.0,0.0,21.0
10:00:00 AM,10,Tuesday,high,134.0,0.0,50.0,0.0,0.0
10:15:00 AM,10,Tuesday,normal,109.0,0.0,50.0,0.0,0.0
10:30:00 AM,10,Tuesday,low,109.0,0.0,50.0,0.0,0.0
10:45:00 AM,10,Tuesday,normal,101.0,0.0,50.0,0.0,0.0
11:00:00 AM,10,Tuesday,normal,75.0,0.0,50.0,0.0,34.0
11:15:00 AM,10,Tuesday,normal,109.0,0.0,50.0,0.0,0.0
11:30:00 AM,10,Tuesday,normal,109.0,0.0,50.0,0.0,0.0
11:45:00 AM,10,Tuesday,normal,91.0,0.0,50.0,0.0,0.0
12:00:00 PM,10,Tuesday,normal,78.0,0.0,50.0,0.0,28.0
12:15:00 PM,10,Tuesday,normal,106.0,0.0,50.0,0.0,0.0
12:30:00 PM,10,Tuesday,normal,50.0,0.0,50.0,0.0,20.0
12:45:00 PM,10,Tuesday,normal,70.0,0.0,50.0,0.0,26.0
1:00:00 PM,10,Tuesday,normal,96.0,0.0,50.0,0.0,52.0
1:15:00 PM,10,Tuesday,high,148.0,0.0,50.0,0.0,0.0
1:30:00 PM,10,Tuesday,normal,148.0,0.0,50.0,0.0,0.0
1:45:00 PM,10,Tuesday,high,129.0,0.0,50.0,0.0,35.0
2:00:00 PM,10,Tuesday,high,164.0,0.0,50.0,0.0,0.0
2:15:00 PM,10,Tuesday,normal,80.0,0.0,50.0,0.0,90.0
2:30:00 PM,10,Tuesday,heavy,170.0,0.0,50.0,0.0,0.0
2:45:00 PM,10,Tuesday,low,66.0,0.0,50.0,0.0,34.0
3:00:00 PM,10,Tuesday,normal,100.0,0.0,50.0,0.0,20.0
3:15:00 PM,10,Tuesday,normal,120.0,0.0,50.0,0.0,30.0
3:30:00 PM,10,Tuesday,normal,150.0,0.0,50.0,0.0,0.0
3:45:00 PM,10,Tuesday,normal,149.0,0.0,50.0,0.0,65.0
4:00:00 PM,10,Tuesday,heavy,214.0,33.99999999999999,21.66666666666667,84.99999999999997,0.0
4:15:00 PM,10,Tuesday,heavy,178.0,0.0,50.0,0.0,31.0
4:30:00 PM,10,Tuesday,heavy,209.0,28.999999999999986,25.833333333333343,72.49999999999996,0.0
4:45:00 PM,10,Tuesday,heavy,172.0,0.0,50.0,0.0,54.0
5:00:00 PM,10,Tuesday,heavy,226.0,46.0,11.666666666666664,115.0,0.0
5:15:00 PM,10,Tuesday,heavy,190.0,9.99999999999999,41.66666666666667,24.99999999999997,5.0
5:30:00 PM,10,Tuesday,heavy,195.0,14.999999999999996,37.5,37.499999999999986,17.0
5:45:00 PM,10,Tuesday,heavy,212.0,31.999999999999982,23.33333333333335,79.99999999999996,0.0
6:00:00 PM,10,Tuesday,heavy,205.0,24.999999999999986,29.16666666666668,62.499999999999964,0.0
6:15:00 PM,10,Tuesday,heavy,170.0,0.0,50.0,0.0,0.0
6:30:00 PM,10,Tuesday,normal,150.0,0.0,50.0,0.0,0.0
6:45:00 PM,10,Tuesday,normal,128.0,0.0,50.0,0.0,0.0
7:00:00 PM,10,Tuesday,normal,125.0,0.0,50.0,0.0,35.0
7:15:00 PM,10,Tuesday,normal,160.0,0.0,50.0,0.0,0.0
7:30:00 PM,10,Tuesday,normal,121.0,0.0,50.0,0.0,0.0
7:45:00 PM,10,Tuesday,low,98.0,0.0,50.0,0.0,45.0
8:00:00 PM,10,Tuesday,high,143.0,0.0,50.0,0.0,0.0
8:15:00 PM,10,Tuesday,normal,107.0,0.0,50.0,0.0,18.0
8:30:00 PM,10,Tuesday,normal,125.0,0.0,50.0,0.0,8.0
8:45:00 PM,10,Tuesday,normal,133.0,0.0,50.0,0.0,0.0
9:00:00 PM,10,Tuesday,normal,126.0,0.0,50.0,0.0,7.0
9:15:00 PM,10,Tuesday,normal,133.0,0.0,50.0,0.0,0.0
9:30:00 PM,10,Tuesday,normal,123.0,0.0,50.0,0.0,0.0
9:45:00 PM,10,Tuesday,normal,104.0,0.0,50.0,0.0,0.0
10:00:00 PM,10,Tuesday,normal,33.0,0.0,50.0,0.0,2.0
10:15:00 PM,10,Tuesday,normal,35.0,0.0,50.0,0.0,16.0
10:30:00 PM,10,Tuesday,normal,51.0,0.0,50.0,0.0,0.0
10:45:00 PM,10,Tuesday,normal,41.0,0.0,50.0,0.0,0.0
11:00:00 PM,10,Tuesday,low,34.0,0.0,50.0,0.0,0.0
11:15:00 PM,10,Tuesday,low,27.0,0.0,50.0,0.0,21.0
11:30:00 PM,10,Tuesday,normal,48.0,0.0,50.0,0.0,0.0
11:45:00 PM,10,Tuesday,normal,41.0,0.0,50.0,0.0,0.0
12:00:00 AM,11,Wednesday,low,32.0,0.0,50.0,0.0,15.0
12:15:00 AM,11,Wednesday,normal,47.0,0.0,50.0,0.0,0.0
12:30:00 AM,11,Wednesday,low,31.0,0.0,50.0,0.0,3.0
12:45:00 AM,11,Wednesday,low,34.0,0.0,50.0,0.0,18.0
1:00:00 AM,11,Wednesday,normal,52.0,0.0,50.0,0.0,0.0
1:15:00 AM,11,Wednesday,normal,39.0,0.0,50.0,0.0,4.0
1:30:00 AM,11,Wednesday,normal,43.0,0.0,50.0,0.0,0.0
1:45:00 AM,11,Wednesday,low,33.0,0.0,50.0,0.0,24.0
2:00:00 AM,11,Wednesday,normal,57.0,0.0,50.0,0.0,0.0
2:15:00 AM,11,Wednesday,low,29.0,0.0,50.0,0.0,17.0
2:30:00 AM,11,Wednesday,normal,46.0,0.0,50.0,0.0,0.0
2:45:00 AM,11,Wednesday,normal,33.0,0.0,50.0,0.0,12.0
3:00:00 AM,11,Wednesday,normal,45.0,0.0,50.0,0.0,12.0
3:15:00 AM,11,Wednesday,normal,57.0,0.0,50.0,0.0,0.0
3:30:00 AM,11,Wednesday,normal,50.0,0.0,50.0,0.0,4.0
3:45:00 AM,11,Wednesday,normal,54.0,0.0,50.0,0.0,7.0
4:00:00 AM,11,Wednesday,normal,61.0,0.0,50.0,0.0,55.0
4:15:00 AM,11,Wednesday,normal,116.0,0.0,50.0,0.0,29.0
4:30:00 AM,11,Wednesday,normal,145.0,0.0,50.0,0.0,0.0
4:45:00 AM,11,Wednesday,normal,133.0,0.0,50.0,0.0,0.0
5:00:00 AM,11,Wednesday,normal,125.0,0.0,50.0,0.0,0.0
5:15:00 AM,11,Wednesday,normal,122.0,0.0,50.0,0.0,6.0
5:30:00 AM,11,Wednesday,normal,128.0,0.0,50.0,0.0,0.0
5:45:00 AM,11,Wednesday,normal,121.0,0.0,50.0,0.0,45.0
6:00:00 AM,11,Wednesday,high,166.0,0.0,50.0,0.0,50.0
6:15:00 AM,11,Wednesday,heavy,216.0,35.99999999999998,20.000000000000018,89.99999999999994,0.0
6:30:00 AM,11,Wednesday,heavy,197.0,16.999999999999986,35.83333333333334,42.499999999999964,0.0
6:45:00 AM,11,Wednesday,heavy,173.0,0.0,50.0,0.0,16.0
7:00:00 AM,11,Wednesday,heavy,189.0,8.999999999999982,42.500000000000014,22.499999999999954,23.0
7:15:00 AM,11,Wednesday,heavy,212.0,31.999999999999982,23.33333333333335,79.99999999999996,2.0
7:30:00 AM,11,Wednesday,heavy,214.0,33.99999999999999,21.66666666666667,84.99999999999997,0.0
7:45:00 AM,11,Wednesday,heavy,186.0,5.9999999999999885,45.00000000000001,14.99999999999997,22.0
8:00:00 AM,11,Wednesday,heavy,208.0,27.99999999999998,26.666666666666682,69.99999999999994,0.0
8:15:00 AM,11,Wednesday,heavy,207.0,27.0,27.500000000000004,67.5,0.0
8:30:00 AM,11,Wednesday,heavy,201.0,20.999999999999986,32.500000000000014,52.499999999999964,0.0
8:45:00 AM,11,Wednesday,normal,167.0,0.0,50.0,0.0,22.0
9:00:00 AM,11,Wednesday,heavy,189.0,8.999999999999982,42.500000000000014,22.499999999999954,0.0
9:15:00 AM,11,Wednesday,normal,102.0,0.0,50.0,0.0,20.0
9:30:00 AM,11,Wednesday,normal,122.0,0.0,50.0,0.0,0.0
9:45:00 AM,11,Wednesday,normal,96.0,0.0,50.0,0.0,0.0
10:00:00 AM,11,Wednesday,normal,72.0,0.0,50.0,0.0,58.0
10:15:00 AM,11,Wednesday,high,130.0,0.0,50.0,0.0,16.0
10:30:00 AM,11,Wednesday,high,146.0,0.0,50.0,0.0,0.0
10:45:00 AM,11,Wednesday,high,121.0,0.0,50.0,0.0,0.0
11:00:00 AM,11,Wednesday,normal,91.0,0.0,50.0,0.0,0.0
11:15:00 AM,11,Wednesday,normal,85.0,0.0,50.0,0.0,12.0
11:30:00 AM,11,Wednesday,normal,97.0,0.0,50.0,0.0,0.0
11:45:00 AM,11,Wednesday,normal,92.0,0.0,50.0,0.0,3.0
12:00:00 PM,11,Wednesday,normal,95.0,0.0,50.0,0.0,0.0
12:15:00 PM,11,Wednesday,normal,89.0,0.0,50.0,0.0,3.0
12:30:00 PM,11,Wednesday,normal,92.0,0.0,50.0,0.0,1.0
12:45:00 PM,11,Wednesday,normal,93.0,0.0,50.0,0.0,0.0
1:00:00 PM,11,Wednesday,normal,92.0,0.0,50.0,0.0,74.0
1:15:00 PM,11,Wednesday,normal,166.0,0.0,50.0,0.0,0.0
1:30:00 PM,11,Wednesday,normal,75.0,0.0,50.0,0.0,54.0
1:45:00 PM,11,Wednesday,high,129.0,0.0,50.0,0.0,0.0
2:00:00 PM,11,Wednesday,normal,106.0,0.0,50.0,0.0,12.0
2:15:00 PM,11,Wednesday,high,118.0,0.0,50.0,0.0,34.0
2:30:00 PM,11,Wednesday,normal,152.0,0.0,50.0,0.0,0.0
2:45:00 PM,11,Wednesday,normal,118.0,0.0,50.0,0.0,0.0
3:00:00 PM,11,Wednesday,low,87.0,0.0,50.0,0.0,65.0
3:15:00 PM,11,Wednesday,high,152.0,0.0,50.0,0.0,29.0
3:30:00 PM,11,Wednesday,heavy,181.0,0.9999999999999815,49.16666666666668,2.4999999999999534,0.0
3:45:00 PM,11,Wednesday,normal,139.0,0.0,50.0,0.0,68.0
4:00:00 PM,11,Wednesday,heavy,207.0,27.0,27.500000000000004,67.5,0.0
4:15:00 PM,11,Wednesday,normal,152.0,0.0,50.0,0.0,48.0
4:30:00 PM,11,Wednesday,heavy,200.0,19.99999999999998,33.33333333333335,49.99999999999994,0.0
4:45:00 PM,11,Wednesday,high,166.0,0.0,50.0,0.0,22.0
5:00:00 PM,11,Wednesday,heavy,188.0,8.000000000000002,43.333333333333336,20.000000000000004,0.0
5:15:00 PM,11,Wednesday,heavy,182.0,1.999999999999988,48.33333333333334,4.99999999999997,7.0
5:30:00 PM,11,Wednesday,heavy,189.0,8.999999999999982,42.500000000000014,22.499999999999954,1.0
5:45:00 PM,11,Wednesday,heavy,190.0,9.99999999999999,41.66666666666667,24.99999999999997,0.0
6:00:00 PM,11,Wednesday,normal,167.0,0.0,50.0,0.0,12.0
6:15:00 PM,11,Wednesday,heavy,179.0,0.0,50.0,0.0,22.0
6:30:00 PM,11,Wednesday,heavy,201.0,20.999999999999986,32.500000000000014,52.499999999999964,0.0
6:45:00 PM,11,Wednesday,normal,146.0,0.0,50.0,0.0,1.0
7:00:00 PM,11,Wednesday,normal,147.0,0.0,50.0,0.0,0.0
7:15:00 PM,11,Wednesday,low,87.0,0.0,50.0,0.0,52.0
7:30:00 PM,11,Wednesday,normal,139.0,0.0,50.0,0.0,37.0
7:45:00 PM,11,Wednesday,heavy,176.0,0.0,50.0,0.0,0.0
8:00:00 PM,11,Wednesday,normal,135.0,0.0,50.0,0.0,0.0
8:15:00 PM,11,Wednesday,normal,103.0,0.0,50.0,0.0,17.0
8:30:00 PM,11,Wednesday,normal,120.0,0.0,50.0,0.0,10.0
8:45:00 PM,11,Wednesday,normal,130.0,0.0,50.0,0.0,36.0
9:00:00 PM,11,Wednesday,normal,166.0,0.0,50.0,0.0,0.0
9:15:00 PM,11,Wednesday,normal,139.0,0.0,50.0,0.0,12.0
9:30:00 PM,11,Wednesday,normal,151.0,0.0,50.0,0.0,0.0
9:45:00 PM,11,Wednesday,high,145.0,0.0,50.0,0.0,0.0
10:00:00 PM,11,Wednesday,low,38.0,0.0,50.0,0.0,0.0
10:15:00 PM,11,Wednesday,low,35.0,0.0,50.0,0.0,11.0
10:30:00 PM,11,Wednesday,normal,46.0,0.0,50.0,0.0,0.0
10:45:00 PM,11,Wednesday,low,36.0,0.0,50.0,0.0,8.0
11:00:00 PM,11,Wednesday,normal,44.0,0.0,50.0,0.0,0.0
11:15:00 PM,11,Wednesday,low,31.0,0.0,50.0,0.0,19.0
11:30:00 PM,11,Wednesday,normal,50.0,0.0,50.0,0.0,13.0
11:45:00 PM,11,Wednesday,normal,63.0,0.0,50.0,0.0,0.0
12:00:00 AM,12,Thursday,normal,59.0,0.0,50.0,0.0,0.0
12:15:00 AM,12,Thursday,normal,52.0,0.0,50.0,0.0,0.0
12:30:00 AM,12,Thursday,low,37.0,0.0,50.0,0.0,20.0
12:45:00 AM,12,Thursday,normal,57.0,0.0,50.0,0.0,0.0
1:00:00 AM,12,Thursday,low,31.0,0.0,50.0,0.0,3.0
1:15:00 AM,12,Thursday,low,34.0,0.0,50.0,0.0,2.0
1:30:00 AM,12,Thursday,low,36.0,0.0,50.0,0.0,0.0
1:45:00 AM,12,Thursday,low,36.0,0.0,50.0,0.0,18.0
2:00:00 AM,12,Thursday,normal,54.0,0.0,50.0,0.0,0.0
2:15:00 AM,12,Thursday,normal,43.0,0.0,50.0,0.0,0.0
2:30:00 AM,12,Thursday,normal,41.0,0.0,50.0,0.0,4.0
2:45:00 AM,12,Thursday,normal,45.0,0.0,50.0,0.0,6.0
3:00:00 AM,12,Thursday,normal,51.0,0.0,50.0,0.0,0.0
3:15:00 AM,12,Thursday,low,33.0,0.0,50.0,0.0,15.0
3:30:00 AM,12,Thursday,normal,48.0,0.0,50.0,0.0,5.0
3:45:00 AM,12,Thursday,normal,53.0,0.0,50.0,0.0,1.0
4:00:00 AM,12,Thursday,normal,54.0,0.0,50.0,0.0,41.0
4:15:00 AM,12,Thursday,low,95.0,0.0,50.0,0.0,0.0
4:30:00 AM,12,Thursday,low,81.0,0.0,50.0,0.0,85.0
4:45:00 AM,12,Thursday,normal,166.0,0.0,50.0,0.0,0.0
5:00:00 AM,12,Thursday,normal,125.0,0.0,50.0,0.0,25.0
5:15:00 AM,12,Thursday,normal,150.0,0.0,50.0,0.0,0.0
5:30:00 AM,12,Thursday,normal,139.0,0.0,50.0,0.0,13.0
5:45:00 AM,12,Thursday,normal,152.0,0.0,50.0,0.0,58.0
6:00:00 AM,12,Thursday,heavy,210.0,29.999999999999993,25.000000000000007,74.99999999999997,0.0
6:15:00 AM,12,Thursday,heavy,182.0,1.999999999999988,48.33333333333334,4.99999999999997,0.0
6:30:00 AM,12,Thursday,normal,161.0,0.0,50.0,0.0,31.0
6:45:00 AM,12,Thursday,heavy,192.0,12.000000000000002,40.0,30.000000000000004,12.0
7:00:00 AM,12,Thursday,heavy,204.0,23.99999999999998,30.000000000000014,59.99999999999994,0.0
7:15:00 AM,12,Thursday,heavy,176.0,0.0,50.0,0.0,2.0
7:30:00 AM,12,Thursday,heavy,178.0,0.0,50.0,0.0,22.0
7:45:00 AM,12,Thursday,heavy,200.0,19.99999999999998,33.33333333333335,49.99999999999994,2.0
8:00:00 AM,12,Thursday,heavy,202.0,21.999999999999993,31.666666666666675,54.99999999999998,0.0
8:15:00 AM,12,Thursday,heavy,168.0,0.0,50.0,0.0,0.0
8:30:00 AM,12,Thursday,normal,157.0,0.0,50.0,0.0,16.0
8:45:00 AM,12,Thursday,heavy,173.0,0.0,50.0,0.0,39.0
9:00:00 AM,12,Thursday,heavy,212.0,31.999999999999982,23.33333333333335,79.99999999999996,0.0
9:15:00 AM,12,Thursday,normal,97.0,0.0,50.0,0.0,0.0
9:30:00 AM,12,Thursday,normal,74.0,0.0,50.0,0.0,0.0
9:45:00 AM,12,Thursday,normal,70.0,0.0,50.0,0.0,23.0
10:00:00 AM,12,Thursday,normal,93.0,0.0,50.0,0.0,37.0
10:15:00 AM,12,Thursday,normal,130.0,0.0,50.0,0.0,0.0
10:30:00 AM,12,Thursday,low,87.0,0.0,50.0,0.0,0.0
10:45:00 AM,12,Thursday,normal,75.0,0.0,50.0,0.0,25.0
11:00:00 AM,12,Thursday,normal,100.0,0.0,50.0,0.0,9.0
11:15:00 AM,12,Thursday,normal,109.0,0.0,50.0,0.0,0.0
11:30:00 AM,12,Thursday,normal,106.0,0.0,50.0,0.0,0.0
11:45:00 AM,12,Thursday,normal,60.0,0.0,50.0,0.0,16.0
12:00:00 PM,12,Thursday,normal,76.0,0.0,50.0,0.0,20.0
12:15:00 PM,12,Thursday,normal,96.0,0.0,50.0,0.0,10.0
12:30:00 PM,12,Thursday,normal,106.0,0.0,50.0,0.0,8.0
12:45:00 PM,12,Thursday,normal,114.0,0.0,50.0,0.0,0.0
1:00:00 PM,12,Thursday,normal,89.0,0.0,50.0,0.0,21.0
1:15:00 PM,12,Thursday,normal,110.0,0.0,50.0,0.0,0.0
1:30:00 PM,12,Thursday,low,60.0,0.0,50.0,0.0,51.0
1:45:00 PM,12,Thursday,normal,111.0,0.0,50.0,0.0,0.0
2:00:00 PM,12,Thursday,normal,103.0,0.0,50.0,0.0,31.0
2:15:00 PM,12,Thursday,normal,134.0,0.0,50.0,0.0,0.0
2:30:00 PM,12,Thursday,normal,84.0,0.0,50.0,0.0,103.0
2:45:00 PM,12,Thursday,heavy,187.0,6.999999999999995,44.16666666666667,17.499999999999986,0.0
3:00:00 PM,12,Thursday,normal,132.0,0.0,50.0,0.0,36.0
3:15:00 PM,12,Thursday,heavy,168.0,0.0,50.0,0.0,0.0
3:30:00 PM,12,Thursday,normal,63.0,0.0,50.0,0.0,32.0
3:45:00 PM,12,Thursday,normal,95.0,0.0,50.0,0.0,99.0
4:00:00 PM,12,Thursday,heavy,194.0,13.99999999999999,38.33333333333334,34.99999999999997,17.0
4:15:00 PM,12,Thursday,heavy,211.0,31.0,24.166666666666664,77.5,0.0
4:30:00 PM,12,Thursday,heavy,182.0,1.999999999999988,48.33333333333334,4.99999999999997,0.0
4:45:00 PM,12,Thursday,heavy,178.0,0.0,50.0,0.0,0.0
5:00:00 PM,12,Thursday,high,159.0,0.0,50.0,0.0,33.0
5:15:00 PM,12,Thursday,heavy,192.0,12.000000000000002,40.0,30.000000000000004,0.0
5:30:00 PM,12,Thursday,heavy,182.0,1.999999999999988,48.33333333333334,4.99999999999997,0.0
5:45:00 PM,12,Thursday,heavy,175.0,0.0,50.0,0.0,3.0
6:00:00 PM,12,Thursday,heavy,178.0,0.0,50.0,0.0,0.0
6:15:00 PM,12,Thursday,heavy,170.0,0.0,50.0,0.0,40.0
6:30:00 PM,12,Thursday,heavy,210.0,29.999999999999993,25.000000000000007,74.99999999999997,0.0
6:45:00 PM,12,Thursday,heavy,173.0,0.0,50.0,0.0,0.0
7:00:00 PM,12,Thursday,normal,112.0,0.0,50.0,0.0,43.0
7:15:00 PM,12,Thursday,normal,155.0,0.0,50.0,0.0,0.0
7:30:00 PM,12,Thursday,normal,129.0,0.0,50.0,0.0,0.0
7:45:00 PM,12,Thursday,normal,92.0,0.0,50.0,0.0,11.0
8:00:00 PM,12,Thursday,low,103.0,0.0,50.0,0.0,31.0
8:15:00 PM,12,Thursday,normal,134.0,0.0,50.0,0.0,0.0
8:30:00 PM,12,Thursday,normal,91.0,0.0,50.0,0.0,29.0
8:45:00 PM,12,Thursday,normal,120.0,0.0,50.0,0.0,30.0
9:00:00 PM,12,Thursday,normal,150.0,0.0,50.0,0.0,0.0
9:15:00 PM,12,Thursday,normal,111.0,0.0,50.0,0.0,0.0
9:30:00 PM,12,Thursday,normal,97.0,0.0,50.0,0.0,31.0
9:45:00 PM,12,Thursday,normal,128.0,0.0,50.0,0.0,0.0
10:00:00 PM,12,Thursday,normal,49.0,0.0,50.0,0.0,13.0
10:15:00 PM,12,Thursday,normal,62.0,0.0,50.0,0.0,0.0
10:30:00 PM,12,Thursday,normal,47.0,0.0,50.0,0.0,0.0
10:45:00 PM,12,Thursday,normal,36.0,0.0,50.0,0.0,3.0
11:00:00 PM,12,Thursday,normal,39.0,0.0,50.0,0.0,4.0
11:15:00 PM,12,Thursday,normal,43.0,0.0,50.0,0.0,7.0
11:30:00 PM,12,Thursday,normal,50.0,0.0,50.0,0.0,2.0
11:45:00 PM,12,Thursday,normal,52.0,0.0,50.0,0.0,0.0
12:00:00 AM,13,Friday,low,38.0,0.0,50.0,0.0,6.0
12:15:00 AM,13,Friday,normal,44.0,0.0,50.0,0.0,0.0
12:30:00 AM,13,Friday,low,38.0,0.0,50.0,0.0,0.0
12:45:00 AM,13,Friday,low,25.0,0.0,50.0,0.0,12.0
1:00:00 AM,13,Friday,normal,37.0,0.0,50.0,0.0,9.0
1:15:00 AM,13,Friday,normal,46.0,0.0,50.0,0.0,3.0
1:30:00 AM,13,Friday,normal,49.0,0.0,50.0,0.0,0.0
1:45:00 AM,13,Friday,normal,40.0,0.0,50.0,0.0,19.0
2:00:00 AM,13,Friday,normal,59.0,0.0,50.0,0.0,0.0
2:15:00 AM,13,Friday,low,30.0,0.0,50.0,0.0,4.0
2:30:00 AM,13,Friday,low,34.0,0.0,50.0,0.0,12.0
2:45:00 AM,13,Friday,normal,46.0,0.0,50.0,0.0,0.0
3:00:00 AM,13,Friday,low,32.0,0.0,50.0,0.0,11.0
3:15:00 AM,13,Friday,normal,43.0,0.0,50.0,0.0,11.0
3:30:00 AM,13,Friday,normal,54.0,0.0,50.0,0.0,0.0
3:45:00 AM,13,Friday,normal,36.0,0.0,50.0,0.0,2.0
4:00:00 AM,13,Friday,normal,38.0,0.0,50.0,0.0,7.0
4:15:00 AM,13,Friday,low,45.0,0.0,50.0,0.0,18.0
4:30:00 AM,13,Friday,low,63.0,0.0,50.0,0.0,23.0
4:45:00 AM,13,Friday,low,86.0,0.0,50.0,0.0,4.0
5:00:00 AM,13,Friday,low,90.0,0.0,50.0,0.0,0.0
5:15:00 AM,13,Friday,low,85.0,0.0,50.0,0.0,6.0
5:30:00 AM,13,Friday,low,91.0,0.0,50.0,0.0,7.0
5:45:00 AM,13,Friday,low,98.0,0.0,50.0,0.0,0.0
6:00:00 AM,13,Friday,low,97.0,0.0,50.0,0.0,0.0
6:15:00 AM,13,Friday,low,61.0,0.0,50.0,0.0,0.0
6:30:00 AM,13,Friday,low,48.0,0.0,50.0,0.0,7.0
6:45:00 AM,13,Friday,low,55.0,0.0,50.0,0.0,30.0
7:00:00 AM,13,Friday,low,85.0,0.0,50.0,0.0,0.0
7:15:00 AM,13,Friday,low,56.0,0.0,50.0,0.0,0.0
7:30:00 AM,13,Friday,low,52.0,0.0,50.0,0.0,36.0
7:45:00 AM,13,Friday,low,88.0,0.0,50.0,0.0,0.0
8:00:00 AM,13,Friday,low,71.0,0.0,50.0,0.0,44.0
8:15:00 AM,13,Friday,normal,115.0,0.0,50.0,0.0,0.0
8:30:00 AM,13,Friday,low,71.0,0.0,50.0,0.0,12.0
8:45:00 AM,13,Friday,low,83.0,0.0,50.0,0.0,0.0
9:00:00 AM,13,Friday,low,83.0,0.0,50.0,0.0,121.0
9:15:00 AM,13,Friday,heavy,204.0,23.99999999999998,30.000000000000014,59.99999999999994,0.0
9:30:00 AM,13,Friday,heavy,198.0,17.99999999999999,35.00000000000001,44.99999999999997,62.0
9:45:00 AM,13,Friday,heavy,260.0,60.0,5.0,150.0,0.0
10:00:00 AM,13,Friday,heavy,197.0,16.999999999999986,35.83333333333334,42.499999999999964,52.0
10:15:00 AM,13,Friday,heavy,249.0,60.0,5.0,150.0,0.0
10:30:00 AM,13,Friday,heavy,240.0,59.999999999999986,5.0,149.99999999999994,38.0
10:45:00 AM,13,Friday,heavy,278.0,60.0,5.0,150.0,0.0
11:00:00 AM,13,Friday,heavy,262.0,60.0,5.0,150.0,0.0
11:15:00 AM,13,Friday,heavy,216.0,35.99999999999998,20.000000000000018,89.99999999999994,0.0
11:30:00 AM,13,Friday,heavy,216.0,35.99999999999998,20.000000000000018,89.99999999999994,39.0
11:45:00 AM,13,Friday,heavy,255.0,60.0,5.0,150.0,0.0
12:00:00 PM,13,Friday,heavy,232.0,51.999999999999986,6.666666666666677,129.99999999999994,0.0
12:15:00 PM,13,Friday,heavy,229.0,48.999999999999964,9.166666666666694,122.4999999999999,0.0
12:30:00 PM,13,Friday,heavy,228.0,48.00000000000001,9.999999999999993,120.00000000000001,44.0
12:45:00 PM,13,Friday,heavy,272.0,60.0,5.0,150.0,0.0
1:00:00 PM,13,Friday,heavy,226.0,46.0,11.666666666666664,115.0,0.0
1:15:00 PM,13,Friday,heavy,213.0,32.999999999999986,22.500000000000014,82.49999999999996,47.0
1:30:00 PM,13,Friday,heavy,260.0,60.0,5.0,150.0,0.0
1:45:00 PM,13,Friday,heavy,256.0,60.0,5.0,150.0,0.0
2:00:00 PM,13,Friday,heavy,235.0,55.00000000000001,5.0,137.5,22.0
2:15:00 PM,13,Friday,heavy,257.0,60.0,5.0,150.0,0.0
2:30:00 PM,13,Friday,heavy,240.0,59.999999999999986,5.0,149.99999999999994,0.0
2:45:00 PM,13,Friday,heavy,229.0,48.999999999999964,9.166666666666694,122.4999999999999,10.0
3:00:00 PM,13,Friday,heavy,239.0,58.99999999999998,5.0,147.49999999999994,0.0
3:15:00 PM,13,Friday,low,92.0,0.0,50.0,0.0,47.0
3:30:00 PM,13,Friday,normal,139.0,0.0,50.0,0.0,0.0
3:45:00 PM,13,Friday,normal,119.0,0.0,50.0,0.0,0.0
4:00:00 PM,13,Friday,low,104.0,0.0,50.0,0.0,0.0
4:15:00 PM,13,Friday,low,91.0,0.0,50.0,0.0,13.0
4:30:00 PM,13,Friday,low,104.0,0.0,50.0,0.0,9.0
4:45:00 PM,13,Friday,normal,113.0,0.0,50.0,0.0,0.0
5:00:00 PM,13,Friday,low,97.0,0.0,50.0,0.0,12.0
5:15:00 PM,13,Friday,low,109.0,0.0,50.0,0.0,15.0
5:30:00 PM,13,Friday,normal,124.0,0.0,50.0,0.0,0.0
5:45:00 PM,13,Friday,normal,120.0,0.0,50.0,0.0,0.0
6:00:00 PM,13,Friday,normal,114.0,0.0,50.0,0.0,0.0
6:15:00 PM,13,Friday,normal,103.0,0.0,50.0,0.0,0.0
6:30:00 PM,13,Friday,low,97.0,0.0,50.0,0.0,0.0
6:45:00 PM,13,Friday,low,92.0,0.0,50.0,0.0,31.0
7:00:00 PM,13,Friday,normal,123.0,0.0,50.0,0.0,0.0
7:15:00 PM,13,Friday,low,59.0,0.0,50.0,0.0,0.0
7:30:00 PM,13,Friday,low,56.0,0.0,50.0,0.0,0.0
7:45:00 PM,13,Friday,low,55.0,0.0,50.0,0.0,8.0
8:00:00 PM,13,Friday,low,63.0,0.0,50.0,0.0,0.0
8:15:00 PM,13,Friday,low,41.0,0.0,50.0,0.0,0.0
8:30:00 PM,13,Friday,low,32.0,0.0,50.0,0.0,10.0
8:45:00 PM,13,Friday,low,42.0,0.0,50.0,0.0,22.0
9:00:00 PM,13,Friday,low,64.0,0.0,50.0,0.0,0.0
9:15:00 PM,13,Friday,low,37.0,0.0,50.0,0.0,6.0
9:30:00 PM,13,Friday,low,43.0,0.0,50.0,0.0,0.0
9:45:00 PM,13,Friday,low,43.0,0.0,50.0,0.0,0.0
10:00:00 PM,13,Friday,low,38.0,0.0,50.0,0.0,0.0
10:15:00 PM,13,Friday,low,28.0,0.0,50.0,0.0,2.0
10:30:00 PM,13,Friday,low,30.0,0.0,50.0,0.0,9.0
10:45:00 PM,13,Friday,low,39.0,0.0,50.0,0.0,12.0
11:00:00 PM,13,Friday,normal,51.0,0.0,50.0,0.0,0.0
11:15:00 PM,13,Friday,normal,39.0,0.0,50.0,0.0,0.0
11:30:00 PM,13,Friday,low,34.0,0.0,50.0,0.0,7.0
11:45:00 PM,13,Friday,normal,41.0,0.0,50.0,0.0,14.0
12:00:00 AM,14,Saturday,normal,55.0,0.0,50.0,0.0,0.0
12:15:00 AM,14,Saturday,normal,52.0,0.0,50.0,0.0,0.0
12:30:00 AM,14,Saturday,normal,34.0,0.0,50.0,0.0,24.0
12:45:00 AM,14,Saturday,normal,58.0,0.0,50.0,0.0,0.0
1:00:00 AM,14,Saturday,normal,36.0,0.0,50.0,0.0,3.0
1:15:00 AM,14,Saturday,normal,39.0,0.0,50.0,0.0,10.0
1:30:00 AM,14,Saturday,normal,49.0,0.0,50.0,0.0,0.0
1:45:00 AM,14,Saturday,normal,44.0,0.0,50.0,0.0,0.0
2:00:00 AM,14,Saturday,low,34.0,0.0,50.0,0.0,1.0
2:15:00 AM,14,Saturday,low,35.0,0.0,50.0,0.0,0.0
2:30:00 AM,14,Saturday,low,29.0,0.0,50.0,0.0,7.0
2:45:00 AM,14,Saturday,low,36.0,0.0,50.0,0.0,18.0
3:00:00 AM,14,Saturday,normal,54.0,0.0,50.0,0.0,0.0
3:15:00 AM,14,Saturday,normal,51.0,0.0,50.0,0.0,0.0
3:30:00 AM,14,Saturday,normal,49.0,0.0,50.0,0.0,9.0
3:45:00 AM,14,Saturday,normal,58.0,0.0,50.0,0.0,0.0
4:00:00 AM,14,Saturday,low,35.0,0.0,50.0,0.0,43.0
4:15:00 AM,14,Saturday,low,78.0,0.0,50.0,0.0,24.0
4:30:00 AM,14,Saturday,low,102.0,0.0,50.0,0.0,24.0
4:45:00 AM,14,Saturday,normal,126.0,0.0,50.0,0.0,0.0
5:00:00 AM,14,Saturday,normal,122.0,0.0,50.0,0.0,13.0
5:15:00 AM,14,Saturday,normal,135.0,0.0,50.0,0.0,0.0
5:30:00 AM,14,Saturday,normal,130.0,0.0,50.0,0.0,37.0
5:45:00 AM,14,Saturday,low,167.0,0.0,50.0,0.0,0.0
6:00:00 AM,14,Saturday,normal,157.0,0.0,50.0,0.0,30.0
6:15:00 AM,14,Saturday,heavy,187.0,6.999999999999995,44.16666666666667,17.499999999999986,10.0
6:30:00 AM,14,Saturday,heavy,197.0,16.999999999999986,35.83333333333334,42.499999999999964,0.0
6:45:00 AM,14,Saturday,heavy,186.0,5.9999999999999885,45.00000000000001,14.99999999999997,6.0
7:00:00 AM,14,Saturday,heavy,192.0,12.000000000000002,40.0,30.000000000000004,21.0
7:15:00 AM,14,Saturday,heavy,213.0,32.999999999999986,22.500000000000014,82.49999999999996,0.0
7:30:00 AM,14,Saturday,normal,166.0,0.0,50.0,0.0,20.0
7:45:00 AM,14,Saturday,heavy,186.0,5.9999999999999885,45.00000000000001,14.99999999999997,31.0
8:00:00 AM,14,Saturday,heavy,217.0,36.999999999999986,19.166666666666675,92.49999999999996,0.0
8:15:00 AM,14,Saturday,heavy,199.0,18.999999999999996,34.166666666666664,47.499999999999986,0.0
8:30:00 AM,14,Saturday,high,163.0,0.0,50.0,0.0,40.0
8:45:00 AM,14,Saturday,heavy,203.0,23.0,30.833333333333336,57.5,0.0
9:00:00 AM,14,Saturday,heavy,178.0,0.0,50.0,0.0,0.0
9:15:00 AM,14,Saturday,normal,60.0,0.0,50.0,0.0,10.0
9:30:00 AM,14,Saturday,normal,70.0,0.0,50.0,0.0,19.0
9:45:00 AM,14,Saturday,normal,89.0,0.0,50.0,0.0,0.0
10:00:00 AM,14,Saturday,normal,85.0,0.0,50.0,0.0,0.0
10:15:00 AM,14,Saturday,low,65.0,0.0,50.0,0.0,22.0
10:30:00 AM,14,Saturday,normal,87.0,0.0,50.0,0.0,0.0
10:45:00 AM,14,Saturday,low,53.0,0.0,50.0,0.0,42.0
11:00:00 AM,14,Saturday,normal,95.0,0.0,50.0,0.0,5.0
11:15:00 AM,14,Saturday,normal,100.0,0.0,50.0,0.0,0.0
11:30:00 AM,14,Saturday,normal,95.0,0.0,50.0,0.0,0.0
11:45:00 AM,14,Saturday,normal,95.0,0.0,50.0,0.0,0.0
12:00:00 PM,14,Saturday,normal,88.0,0.0,50.0,0.0,0.0
12:15:00 PM,14,Saturday,normal,82.0,0.0,50.0,0.0,0.0
12:30:00 PM,14,Saturday,normal,77.0,0.0,50.0,0.0,0.0
12:45:00 PM,14,Saturday,normal,74.0,0.0,50.0,0.0,36.0
1:00:00 PM,14,Saturday,normal,110.0,0.0,50.0,0.0,0.0
1:15:00 PM,14,Saturday,normal,108.0,0.0,50.0,0.0,82.0
1:30:00 PM,14,Saturday,heavy,190.0,9.99999999999999,41.66666666666667,24.99999999999997,0.0
1:45:00 PM,14,Saturday,normal,111.0,0.0,50.0,0.0,35.0
2:00:00 PM,14,Saturday,normal,146.0,0.0,50.0,0.0,0.0
2:15:00 PM,14,Saturday,normal,142.0,0.0,50.0,0.0,0.0
2:30:00 PM,14,Saturday,normal,86.0,0.0,50.0,0.0,36.0
2:45:00 PM,14,Saturday,normal,122.0,0.0,50.0,0.0,0.0
3:00:00 PM,14,Saturday,normal,70.0,0.0,50.0,0.0,75.0
3:15:00 PM,14,Saturday,normal,145.0,0.0,50.0,0.0,0.0
3:30:00 PM,14,Saturday,normal,63.0,0.0,50.0,0.0,64.0
3:45:00 PM,14,Saturday,high,127.0,0.0,50.0,0.0,28.0
4:00:00 PM,14,Saturday,normal,155.0,0.0,50.0,0.0,52.0
4:15:00 PM,14,Saturday,heavy,207.0,27.0,27.500000000000004,67.5,0.0
4:30:00 PM,14,Saturday,heavy,197.0,16.999999999999986,35.83333333333334,42.499999999999964,0.0
4:45:00 PM,14,Saturday,heavy,178.0,0.0,50.0,0.0,48.0
5:00:00 PM,14,Saturday,heavy,226.0,46.0,11.666666666666664,115.0,0.0
5:15:00 PM,14,Saturday,heavy,210.0,29.999999999999993,25.000000000000007,74.99999999999997,13.0
5:30:00 PM,14,Saturday,normal,223.0,43.0,14.166666666666666,107.5,0.0
5:45:00 PM,14,Saturday,heavy,194.0,13.99999999999999,38.33333333333334,34.99999999999997,0.0
6:00:00 PM,14,Saturday,heavy,194.0,13.99999999999999,38.33333333333334,34.99999999999997,0.0
6:15:00 PM,14,Saturday,heavy,189.0,8.999999999999982,42.500000000000014,22.499999999999954,0.0
6:30:00 PM,14,Saturday,heavy,168.0,0.0,50.0,0.0,0.0
6:45:00 PM,14,Saturday,normal,157.0,0.0,50.0,0.0,0.0
7:00:00 PM,14,Saturday,low,103.0,0.0,50.0,0.0,41.0
7:15:00 PM,14,Saturday,normal,144.0,0.0,50.0,0.0,0.0
7:30:00 PM,14,Saturday,normal,126.0,0.0,50.0,0.0,0.0
7:45:00 PM,14,Saturday,low,87.0,0.0,50.0,0.0,8.0
8:00:00 PM,14,Saturday,low,95.0,0.0,50.0,0.0,11.0
8:15:00 PM,14,Saturday,low,106.0,0.0,50.0,0.0,7.0
8:30:00 PM,14,Saturday,normal,113.0,0.0,50.0,0.0,49.0
8:45:00 PM,14,Saturday,normal,162.0,0.0,50.0,0.0,0.0
9:00:00 PM,14,Saturday,normal,149.0,0.0,50.0,0.0,0.0
9:15:00 PM,14,Saturday,high,133.0,0.0,50.0,0.0,0.0
9:30:00 PM,14,Saturday,low,106.0,0.0,50.0,0.0,20.0
9:45:00 PM,14,Saturday,high,126.0,0.0,50.0,0.0,0.0
10:00:00 PM,14,Saturday,normal,44.0,0.0,50.0,0.0,12.0
10:15:00 PM,14,Saturday,normal,56.0,0.0,50.0,0.0,0.0
10:30:00 PM,14,Saturday,low,36.0,0.0,50.0,0.0,3.0
10:45:00 PM,14,Saturday,normal,39.0,0.0,50.0,0.0,0.0
11:00:00 PM,14,Saturday,low,31.0,0.0,50.0,0.0,11.0
11:15:00 PM,14,Saturday,normal,42.0,0.0,50.0,0.0,0.0
11:30:00 PM,14,Saturday,low,32.0,0.0,50.0,0.0,23.0
11:45:00 PM,14,Saturday,normal,55.0,0.0,50.0,0.0,0.0
12:00:00 AM,15,Sunday,normal,43.0,0.0,50.0,0.0,17.0
12:15:00 AM,15,Sunday,normal,60.0,0.0,50.0,0.0,0.0
12:30:00 AM,15,Sunday,low,26.0,0.0,50.0,0.0,33.0
12:45:00 AM,15,Sunday,normal,59.0,0.0,50.0,0.0,0.0
1:00:00 AM,15,Sunday,normal,46.0,0.0,50.0,0.0,0.0
1:15:00 AM,15,Sunday,low,38.0,0.0,50.0,0.0,13.0
1:30:00 AM,15,Sunday,normal,51.0,0.0,50.0,0.0,0.0
1:45:00 AM,15,Sunday,normal,50.0,0.0,50.0,0.0,2.0
2:00:00 AM,15,Sunday,normal,52.0,0.0,50.0,0.0,0.0
2:15:00 AM,15,Sunday,low,35.0,0.0,50.0,0.0,7.0
2:30:00 AM,15,Sunday,normal,42.0,0.0,50.0,0.0,0.0
2:45:00 AM,15,Sunday,low,24.0,0.0,50.0,0.0,17.0
3:00:00 AM,15,Sunday,normal,41.0,0.0,50.0,0.0,8.0
3:15:00 AM,15,Sunday,normal,49.0,0.0,50.0,0.0,12.0
3:30:00 AM,15,Sunday,normal,61.0,0.0,50.0,0.0,0.0
3:45:00 AM,15,Sunday,normal,50.0,0.0,50.0,0.0,0.0
4:00:00 AM,15,Sunday,normal,50.0,0.0,50.0,0.0,54.0
4:15:00 AM,15,Sunday,low,104.0,0.0,50.0,0.0,4.0
4:30:00 AM,15,Sunday,low,108.0,0.0,50.0,0.0,23.0
4:45:00 AM,15,Sunday,normal,131.0,0.0,50.0,0.0,0.0
5:00:00 AM,15,Sunday,low,94.0,0.0,50.0,0.0,0.0
5:15:00 AM,15,Sunday,low,92.0,0.0,50.0,0.0,11.0
5:30:00 AM,15,Sunday,low,103.0,0.0,50.0,0.0,21.0
5:45:00 AM,15,Sunday,normal,124.0,0.0,50.0,0.0,48.0
6:00:00 AM,15,Sunday,heavy,172.0,0.0,50.0,0.0,15.0
6:15:00 AM,15,Sunday,heavy,187.0,6.999999999999995,44.16666666666667,17.499999999999986,23.0
6:30:00 AM,15,Sunday,heavy,210.0,29.999999999999993,25.000000000000007,74.99999999999997,0.0
6:45:00 AM,15,Sunday,high,162.0,0.0,50.0,0.0,0.0
7:00:00 AM,15,Sunday,normal,146.0,0.0,50.0,0.0,52.0
7:15:00 AM,15,Sunday,heavy,198.0,17.99999999999999,35.00000000000001,44.99999999999997,0.0
7:30:00 AM,15,Sunday,heavy,185.0,4.999999999999982,45.83333333333335,12.499999999999956,1.0
7:45:00 AM,15,Sunday,heavy,186.0,5.9999999999999885,45.00000000000001,14.99999999999997,10.0
8:00:00 AM,15,Sunday,heavy,196.0,15.999999999999979,36.66666666666668,39.99999999999994,0.0
8:15:00 AM,15,Sunday,heavy,182.0,1.999999999999988,48.33333333333334,4.99999999999997,0.0
8:30:00 AM,15,Sunday,high,160.0,0.0,50.0,0.0,31.0
8:45:00 AM,15,Sunday,heavy,191.0,10.999999999999996,40.833333333333336,27.49999999999999,8.0
9:00:00 AM,15,Sunday,heavy,199.0,18.999999999999996,34.166666666666664,47.499999999999986,0.0
9:15:00 AM,15,Sunday,normal,125.0,0.0,50.0,0.0,0.0
9:30:00 AM,15,Sunday,normal,111.0,0.0,50.0,0.0,0.0
9:45:00 AM,15,Sunday,low,66.0,0.0,50.0,0.0,84.0
10:00:00 AM,15,Sunday,high,150.0,0.0,50.0,0.0,0.0
10:15:00 AM,15,Sunday,normal,103.0,0.0,50.0,0.0,0.0
10:30:00 AM,15,Sunday,normal,72.0,0.0,50.0,0.0,22.0
10:45:00 AM,15,Sunday,normal,94.0,0.0,50.0,0.0,0.0
11:00:00 AM,15,Sunday,normal,81.0,0.0,50.0,0.0,0.0
11:15:00 AM,15,Sunday,normal,74.0,0.0,50.0,0.0,7.0
11:30:00 AM,15,Sunday,normal,81.0,0.0,50.0,0.0,19.0
11:45:00 AM,15,Sunday,normal,100.0,0.0,50.0,0.0,5.0
12:00:00 PM,15,Sunday,normal,105.0,0.0,50.0,0.0,0.0
12:15:00 PM,15,Sunday,normal,101.0,0.0,50.0,0.0,0.0
12:30:00 PM,15,Sunday,normal,94.0,0.0,50.0,0.0,0.0
12:45:00 PM,15,Sunday,normal,66.0,0.0,50.0,0.0,14.0
1:00:00 PM,15,Sunday,normal,80.0,0.0,50.0,0.0,97.0
1:15:00 PM,15,Sunday,heavy,177.0,0.0,50.0,0.0,0.0
1:30:00 PM,15,Sunday,normal,110.0,0.0,50.0,0.0,0.0
1:45:00 PM,15,Sunday,normal,96.0,0.0,50.0,0.0,22.0
2:00:00 PM,15,Sunday,normal,118.0,0.0,50.0,0.0,0.0
2:15:00 PM,15,Sunday,normal,97.0,0.0,50.0,0.0,69.0
2:30:00 PM,15,Sunday,high,166.0,0.0,50.0,0.0,0.0
2:45:00 PM,15,Sunday,normal,90.0,0.0,50.0,0.0,56.0
3:00:00 PM,15,Sunday,normal,146.0,0.0,50.0,0.0,0.0
3:15:00 PM,15,Sunday,normal,70.0,0.0,50.0,0.0,0.0
3:30:00 PM,15,Sunday,low,61.0,0.0,50.0,0.0,25.0
3:45:00 PM,15,Sunday,low,86.0,0.0,50.0,0.0,117.0
4:00:00 PM,15,Sunday,heavy,203.0,23.0,30.833333333333336,57.5,0.0
4:15:00 PM,15,Sunday,heavy,195.0,14.999999999999996,37.5,37.499999999999986,0.0
4:30:00 PM,15,Sunday,heavy,195.0,14.999999999999996,37.5,37.499999999999986,0.0
4:45:00 PM,15,Sunday,heavy,171.0,0.0,50.0,0.0,31.0
5:00:00 PM,15,Sunday,heavy,202.0,21.999999999999993,31.666666666666675,54.99999999999998,12.0
5:15:00 PM,15,Sunday,heavy,214.0,33.99999999999999,21.66666666666667,84.99999999999997,0.0
5:30:00 PM,15,Sunday,heavy,185.0,4.999999999999982,45.83333333333335,12.499999999999956,30.0
5:45:00 PM,15,Sunday,heavy,215.0,35.0,20.833333333333332,87.5,3.0
6:00:00 PM,15,Sunday,heavy,218.0,37.99999999999999,18.33333333333334,94.99999999999997,0.0
6:15:00 PM,15,Sunday,heavy,171.0,0.0,50.0,0.0,40.0
6:30:00 PM,15,Sunday,heavy,211.0,31.0,24.166666666666664,77.5,0.0
6:45:00 PM,15,Sunday,high,130.0,0.0,50.0,0.0,35.0
7:00:00 PM,15,Sunday,normal,165.0,0.0,50.0,0.0,0.0
7:15:00 PM,15,Sunday,normal,146.0,0.0,50.0,0.0,17.0
7:30:00 PM,15,Sunday,normal,163.0,0.0,50.0,0.0,0.0
7:45:00 PM,15,Sunday,normal,125.0,0.0,50.0,0.0,0.0
8:00:00 PM,15,Sunday,normal,107.0,0.0,50.0,0.0,36.0
8:15:00 PM,15,Sunday,normal,143.0,0.0,50.0,0.0,0.0
8:30:00 PM,15,Sunday,high,127.0,0.0,50.0,0.0,0.0
8:45:00 PM,15,Sunday,normal,107.0,0.0,50.0,0.0,41.0
9:00:00 PM,15,Sunday,normal,148.0,0.0,50.0,0.0,4.0
9:15:00 PM,15,Sunday,normal,152.0,0.0,50.0,0.0,14.0
9:30:00 PM,15,Sunday,normal,166.0,0.0,50.0,0.0,0.0
9:45:00 PM,15,Sunday,normal,136.0,0.0,50.0,0.0,0.0
10:00:00 PM,15,Sunday,low,39.0,0.0,50.0,0.0,11.0
10:15:00 PM,15,Sunday,normal,50.0,0.0,50.0,0.0,0.0
10:30:00 PM,15,Sunday,normal,44.0,0.0,50.0,0.0,0.0
10:45:00 PM,15,Sunday,normal,41.0,0.0,50.0,0.0,1.0
11:00:00 PM,15,Sunday,normal,42.0,0.0,50.0,0.0,0.0
11:15:00 PM,15,Sunday,normal,32.0,0.0,50.0,0.0,11.0
11:30:00 PM,15,Sunday,normal,43.0,0.0,50.0,0.0,0.0
11:45:00 PM,15,Sunday,low,23.0,0.0,50.0,0.0,28.0
12:00:00 AM,16,Monday,normal,51.0,0.0,50.0,0.0,0.0
12:15:00 AM,16,Monday,normal,42.0,0.0,50.0,0.0,11.0
12:30:00 AM,16,Monday,normal,53.0,0.0,50.0,0.0,2.0
12:45:00 AM,16,Monday,normal,55.0,0.0,50.0,0.0,1.0
1:00:00 AM,16,Monday,normal,56.0,0.0,50.0,0.0,0.0
1:15:00 AM,16,Monday,normal,47.0,0.0,50.0,0.0,0.0
1:30:00 AM,16,Monday,normal,35.0,0.0,50.0,0.0,5.0
1:45:00 AM,16,Monday,low,40.0,0.0,50.0,0.0,8.0
2:00:00 AM,16,Monday,normal,48.0,0.0,50.0,0.0,0.0
2:15:00 AM,16,Monday,normal,33.0,0.0,50.0,0.0,33.0
2:30:00 AM,16,Monday,normal,66.0,0.0,50.0,0.0,0.0
2:45:00 AM,16,Monday,normal,53.0,0.0,50.0,0.0,0.0
3:00:00 AM,16,Monday,normal,49.0,0.0,50.0,0.0,0.0
3:15:00 AM,16,Monday,normal,46.0,0.0,50.0,0.0,0.0
3:30:00 AM,16,Monday,normal,37.0,0.0,50.0,0.0,16.0
3:45:00 AM,16,Monday,normal,53.0,0.0,50.0,0.0,0.0
4:00:00 AM,16,Monday,normal,51.0,0.0,50.0,0.0,36.0
4:15:00 AM,16,Monday,low,87.0,0.0,50.0,0.0,20.0
4:30:00 AM,16,Monday,low,107.0,0.0,50.0,0.0,0.0
4:45:00 AM,16,Monday,low,105.0,0.0,50.0,0.0,42.0
5:00:00 AM,16,Monday,normal,147.0,0.0,50.0,0.0,2.0
5:15:00 AM,16,Monday,normal,149.0,0.0,50.0,0.0,0.0
5:30:00 AM,16,Monday,low,101.0,0.0,50.0,0.0,21.0
5:45:00 AM,16,Monday,normal,122.0,0.0,50.0,0.0,74.0
6:00:00 AM,16,Monday,heavy,196.0,15.999999999999979,36.66666666666668,39.99999999999994,3.0
6:15:00 AM,16,Monday,heavy,199.0,18.999999999999996,34.166666666666664,47.499999999999986,2.0
6:30:00 AM,16,Monday,heavy,201.0,20.999999999999986,32.500000000000014,52.499999999999964,0.0
6:45:00 AM,16,Monday,heavy,173.0,0.0,50.0,0.0,0.0
7:00:00 AM,16,Monday,high,165.0,0.0,50.0,0.0,48.0
7:15:00 AM,16,Monday,heavy,213.0,32.999999999999986,22.500000000000014,82.49999999999996,0.0
7:30:00 AM,16,Monday,high,148.0,0.0,50.0,0.0,0.0
7:45:00 AM,16,Monday,normal,141.0,0.0,50.0,0.0,62.0
8:00:00 AM,16,Monday,heavy,203.0,23.0,30.833333333333336,57.5,0.0
8:15:00 AM,16,Monday,high,152.0,0.0,50.0,0.0,19.0
8:30:00 AM,16,Monday,heavy,171.0,0.0,50.0,0.0,7.0
8:45:00 AM,16,Monday,heavy,178.0,0.0,50.0,0.0,0.0
9:00:00 AM,16,Monday,heavy,173.0,0.0,50.0,0.0,0.0
9:15:00 AM,16,Monday,normal,132.0,0.0,50.0,0.0,15.0
9:30:00 AM,16,Monday,high,147.0,0.0,50.0,0.0,0.0
9:45:00 AM,16,Monday,normal,96.0,0.0,50.0,0.0,0.0
10:00:00 AM,16,Monday,low,57.0,0.0,50.0,0.0,11.0
10:15:00 AM,16,Monday,normal,68.0,0.0,50.0,0.0,11.0
10:30:00 AM,16,Monday,low,79.0,0.0,50.0,0.0,0.0
10:45:00 AM,16,Monday,low,36.0,0.0,50.0,0.0,62.0
11:00:00 AM,16,Monday,normal,98.0,0.0,50.0,0.0,0.0
11:15:00 AM,16,Monday,normal,70.0,0.0,50.0,0.0,16.0
11:30:00 AM,16,Monday,normal,86.0,0.0,50.0,0.0,1.0
11:45:00 AM,16,Monday,normal,87.0,0.0,50.0,0.0,23.0
12:00:00 PM,16,Monday,normal,110.0,0.0,50.0,0.0,0.0
12:15:00 PM,16,Monday,normal,97.0,0.0,50.0,0.0,17.0
12:30:00 PM,16,Monday,normal,114.0,0.0,50.0,0.0,0.0
12:45:00 PM,16,Monday,normal,77.0,0.0,50.0,0.0,32.0
1:00:00 PM,16,Monday,normal,109.0,0.0,50.0,0.0,7.0
1:15:00 PM,16,Monday,normal,116.0,0.0,50.0,0.0,0.0
1:30:00 PM,16,Monday,low,51.0,0.0,50.0,0.0,86.0
1:45:00 PM,16,Monday,high,137.0,0.0,50.0,0.0,0.0
2:00:00 PM,16,Monday,normal,95.0,0.0,50.0,0.0,0.0
2:15:00 PM,16,Monday,low,54.0,0.0,50.0,0.0,113.0
2:30:00 PM,16,Monday,normal,167.0,0.0,50.0,0.0,0.0
2:45:00 PM,16,Monday,normal,129.0,0.0,50.0,0.0,0.0
3:00:00 PM,16,Monday,normal,103.0,0.0,50.0,0.0,37.0
3:15:00 PM,16,Monday,high,140.0,0.0,50.0,0.0,0.0
3:30:00 PM,16,Monday,low,96.0,0.0,50.0,0.0,31.0
3:45:00 PM,16,Monday,normal,127.0,0.0,50.0,0.0,64.0
4:00:00 PM,16,Monday,heavy,191.0,10.999999999999996,40.833333333333336,27.49999999999999,13.0
4:15:00 PM,16,Monday,heavy,204.0,23.99999999999998,30.000000000000014,59.99999999999994,0.0
4:30:00 PM,16,Monday,heavy,177.0,0.0,50.0,0.0,33.0
4:45:00 PM,16,Monday,heavy,210.0,29.999999999999993,25.000000000000007,74.99999999999997,0.0
5:00:00 PM,16,Monday,heavy,186.0,5.9999999999999885,45.00000000000001,14.99999999999997,0.0
5:15:00 PM,16,Monday,normal,151.0,0.0,50.0,0.0,44.0
5:30:00 PM,16,Monday,heavy,195.0,14.999999999999996,37.5,37.499999999999986,12.0
5:45:00 PM,16,Monday,heavy,207.0,27.0,27.500000000000004,67.5,0.0
6:00:00 PM,16,Monday,high,165.0,0.0,50.0,0.0,25.0
6:15:00 PM,16,Monday,heavy,190.0,9.99999999999999,41.66666666666667,24.99999999999997,0.0
6:30:00 PM,16,Monday,normal,141.0,0.0,50.0,0.0,47.0
6:45:00 PM,16,Monday,heavy,188.0,8.000000000000002,43.333333333333336,20.000000000000004,0.0
7:00:00 PM,16,Monday,normal,154.0,0.0,50.0,0.0,0.0
7:15:00 PM,16,Monday,normal,136.0,0.0,50.0,0.0,28.0
7:30:00 PM,16,Monday,normal,164.0,0.0,50.0,0.0,0.0
7:45:00 PM,16,Monday,normal,120.0,0.0,50.0,0.0,18.0
8:00:00 PM,16,Monday,high,138.0,0.0,50.0,0.0,0.0
8:15:00 PM,16,Monday,normal,125.0,0.0,50.0,0.0,24.0
8:30:00 PM,16,Monday,normal,149.0,0.0,50.0,0.0,0.0
8:45:00 PM,16,Monday,normal,133.0,0.0,50.0,0.0,4.0
9:00:00 PM,16,Monday,high,137.0,0.0,50.0,0.0,0.0
9:15:00 PM,16,Monday,normal,96.0,0.0,50.0,0.0,0.0
9:30:00 PM,16,Monday,low,93.0,0.0,50.0,0.0,53.0
9:45:00 PM,16,Monday,high,146.0,0.0,50.0,0.0,0.0
10:00:00 PM,16,Monday,normal,53.0,0.0,50.0,0.0,0.0
10:15:00 PM,16,Monday,low,24.0,0.0,50.0,0.0,23.0
10:30:00 PM,16,Monday,normal,47.0,0.0,50.0,0.0,0.0
10:45:00 PM,16,Monday,low,31.0,0.0,50.0,0.0,10.0
11:00:00 PM,16,Monday,normal,41.0,0.0,50.0,0.0,0.0
11:15:00 PM,16,Monday,low,33.0,0.0,50.0,0.0,4.0
11:30:00 PM,16,Monday,normal,37.0,0.0,50.0,0.0,0.0
11:45:00 PM,16,Monday,low,27.0,0.0,50.0,0.0,15.0
12:00:00 AM,17,Tuesday,normal,42.0,0.0,50.0,0.0,0.0
12:15:00 AM,17,Tuesday,normal,35.0,0.0,50.0,0.0,0.0
12:30:00 AM,17,Tuesday,low,33.0,0.0,50.0,0.0,20.0
12:45:00 AM,17,Tuesday,normal,53.0,0.0,50.0,0.0,0.0
1:00:00 AM,17,Tuesday,normal,43.0,0.0,50.0,0.0,8.0
1:15:00 AM,17,Tuesday,normal,51.0,0.0,50.0,0.0,5.0
1:30:00 AM,17,Tuesday,normal,56.0,0.0,50.0,0.0,0.0
1:45:00 AM,17,Tuesday,normal,37.0,0.0,50.0,0.0,0.0
2:00:00 AM,17,Tuesday,low,35.0,0.0,50.0,0.0,2.0
2:15:00 AM,17,Tuesday,normal,37.0,0.0,50.0,0.0,2.0
2:30:00 AM,17,Tuesday,normal,39.0,0.0,50.0,0.0,9.0
2:45:00 AM,17,Tuesday,normal,48.0,0.0,50.0,0.0,0.0
3:00:00 AM,17,Tuesday,low,30.0,0.0,50.0,0.0,15.0
3:15:00 AM,17,Tuesday,normal,45.0,0.0,50.0,0.0,0.0
3:30:00 AM,17,Tuesday,normal,41.0,0.0,50.0,0.0,1.0
3:45:00 AM,17,Tuesday,normal,42.0,0.0,50.0,0.0,10.0
4:00:00 AM,17,Tuesday,normal,52.0,0.0,50.0,0.0,52.0
4:15:00 AM,17,Tuesday,low,104.0,0.0,50.0,0.0,0.0
4:30:00 AM,17,Tuesday,low,79.0,0.0,50.0,0.0,37.0
4:45:00 AM,17,Tuesday,normal,116.0,0.0,50.0,0.0,4.0
5:00:00 AM,17,Tuesday,normal,120.0,0.0,50.0,0.0,0.0
5:15:00 AM,17,Tuesday,low,87.0,0.0,50.0,0.0,39.0
5:30:00 AM,17,Tuesday,normal,126.0,0.0,50.0,0.0,20.0
5:45:00 AM,17,Tuesday,normal,146.0,0.0,50.0,0.0,13.0
6:00:00 AM,17,Tuesday,high,159.0,0.0,50.0,0.0,29.0
6:15:00 AM,17,Tuesday,heavy,188.0,8.000000000000002,43.333333333333336,20.000000000000004,19.0
6:30:00 AM,17,Tuesday,heavy,207.0,27.0,27.500000000000004,67.5,9.0
6:45:00 AM,17,Tuesday,heavy,216.0,35.99999999999998,20.000000000000018,89.99999999999994,0.0
7:00:00 AM,17,Tuesday,high,157.0,0.0,50.0,0.0,21.0
7:15:00 AM,17,Tuesday,heavy,178.0,0.0,50.0,0.0,0.0
7:30:00 AM,17,Tuesday,heavy,178.0,0.0,50.0,0.0,36.0
7:45:00 AM,17,Tuesday,heavy,214.0,33.99999999999999,21.66666666666667,84.99999999999997,0.0
8:00:00 AM,17,Tuesday,heavy,189.0,8.999999999999982,42.500000000000014,22.499999999999954,6.0
8:15:00 AM,17,Tuesday,heavy,195.0,14.999999999999996,37.5,37.499999999999986,0.0
8:30:00 AM,17,Tuesday,high,164.0,0.0,50.0,0.0,13.0
8:45:00 AM,17,Tuesday,heavy,177.0,0.0,50.0,0.0,7.0
9:00:00 AM,17,Tuesday,heavy,184.0,4.000000000000001,46.666666666666664,10.000000000000002,0.0
9:15:00 AM,17,Tuesday,normal,117.0,0.0,50.0,0.0,0.0
9:30:00 AM,17,Tuesday,normal,97.0,0.0,50.0,0.0,36.0
9:45:00 AM,17,Tuesday,normal,133.0,0.0,50.0,0.0,8.0
10:00:00 AM,17,Tuesday,normal,141.0,0.0,50.0,0.0,0.0
10:15:00 AM,17,Tuesday,normal,125.0,0.0,50.0,0.0,0.0
10:30:00 AM,17,Tuesday,normal,71.0,0.0,50.0,0.0,0.0
10:45:00 AM,17,Tuesday,normal,48.0,0.0,50.0,0.0,26.0
11:00:00 AM,17,Tuesday,normal,74.0,0.0,50.0,0.0,4.0
11:15:00 AM,17,Tuesday,normal,78.0,0.0,50.0,0.0,23.0
11:30:00 AM,17,Tuesday,normal,101.0,0.0,50.0,0.0,0.0
11:45:00 AM,17,Tuesday,normal,56.0,0.0,50.0,0.0,37.0
12:00:00 PM,17,Tuesday,normal,93.0,0.0,50.0,0.0,0.0
12:15:00 PM,17,Tuesday,normal,79.0,0.0,50.0,0.0,25.0
12:30:00 PM,17,Tuesday,normal,104.0,0.0,50.0,0.0,0.0
12:45:00 PM,17,Tuesday,normal,75.0,0.0,50.0,0.0,0.0
1:00:00 PM,17,Tuesday,normal,64.0,0.0,50.0,0.0,0.0
1:15:00 PM,17,Tuesday,low,48.0,0.0,50.0,0.0,2.0
1:30:00 PM,17,Tuesday,normal,50.0,0.0,50.0,0.0,73.0
1:45:00 PM,17,Tuesday,high,123.0,0.0,50.0,0.0,5.0
2:00:00 PM,17,Tuesday,high,128.0,0.0,50.0,0.0,0.0
2:15:00 PM,17,Tuesday,normal,73.0,0.0,50.0,0.0,33.0
2:30:00 PM,17,Tuesday,normal,106.0,0.0,50.0,0.0,0.0
2:45:00 PM,17,Tuesday,normal,96.0,0.0,50.0,0.0,83.0
3:00:00 PM,17,Tuesday,heavy,179.0,0.0,50.0,0.0,0.0
3:15:00 PM,17,Tuesday,heavy,174.0,0.0,50.0,0.0,0.0
3:30:00 PM,17,Tuesday,high,163.0,0.0,50.0,0.0,0.0
3:45:00 PM,17,Tuesday,high,134.0,0.0,50.0,0.0,89.0
4:00:00 PM,17,Tuesday,normal,223.0,43.0,14.166666666666666,107.5,0.0
4:15:00 PM,17,Tuesday,heavy,182.0,1.999999999999988,48.33333333333334,4.99999999999997,3.0
4:30:00 PM,17,Tuesday,heavy,185.0,4.999999999999982,45.83333333333335,12.499999999999956,0.0
4:45:00 PM,17,Tuesday,heavy,175.0,0.0,50.0,0.0,28.0
5:00:00 PM,17,Tuesday,heavy,203.0,23.0,30.833333333333336,57.5,0.0
5:15:00 PM,17,Tuesday,high,161.0,0.0,50.0,0.0,0.0
5:30:00 PM,17,Tuesday,normal,153.0,0.0,50.0,0.0,47.0
5:45:00 PM,17,Tuesday,heavy,200.0,19.99999999999998,33.33333333333335,49.99999999999994,0.0
6:00:00 PM,17,Tuesday,heavy,197.0,16.999999999999986,35.83333333333334,42.499999999999964,7.0
6:15:00 PM,17,Tuesday,heavy,204.0,23.99999999999998,30.000000000000014,59.99999999999994,0.0
6:30:00 PM,17,Tuesday,heavy,184.0,4.000000000000001,46.666666666666664,10.000000000000002,0.0
6:45:00 PM,17,Tuesday,heavy,170.0,0.0,50.0,0.0,0.0
7:00:00 PM,17,Tuesday,normal,136.0,0.0,50.0,0.0,0.0
7:15:00 PM,17,Tuesday,normal,107.0,0.0,50.0,0.0,10.0
7:30:00 PM,17,Tuesday,normal,117.0,0.0,50.0,0.0,0.0
7:45:00 PM,17,Tuesday,high,117.0,0.0,50.0,0.0,0.0
8:00:00 PM,17,Tuesday,normal,115.0,0.0,50.0,0.0,16.0
8:15:00 PM,17,Tuesday,normal,131.0,0.0,50.0,0.0,0.0
8:30:00 PM,17,Tuesday,normal,104.0,0.0,50.0,0.0,9.0
8:45:00 PM,17,Tuesday,normal,113.0,0.0,50.0,0.0,20.0
9:00:00 PM,17,Tuesday,normal,133.0,0.0,50.0,0.0,0.0
9:15:00 PM,17,Tuesday,normal,123.0,0.0,50.0,0.0,17.0
9:30:00 PM,17,Tuesday,normal,140.0,0.0,50.0,0.0,0.0
9:45:00 PM,17,Tuesday,normal,107.0,0.0,50.0,0.0,0.0
10:00:00 PM,17,Tuesday,normal,38.0,0.0,50.0,0.0,13.0
10:15:00 PM,17,Tuesday,normal,51.0,0.0,50.0,0.0,0.0
10:30:00 PM,17,Tuesday,normal,46.0,0.0,50.0,0.0,0.0
10:45:00 PM,17,Tuesday,normal,42.0,0.0,50.0,0.0,3.0
11:00:00 PM,17,Tuesday,normal,45.0,0.0,50.0,0.0,0.0
11:15:00 PM,17,Tuesday,normal,40.0,0.0,50.0,0.0,7.0
11:30:00 PM,17,Tuesday,normal,47.0,0.0,50.0,0.0,13.0
11:45:00 PM,17,Tuesday,normal,60.0,0.0,50.0,0.0,0.0
12:00:00 AM,18,Wednesday,normal,53.0,0.0,50.0,0.0,0.0
12:15:00 AM,18,Wednesday,normal,53.0,0.0,50.0,0.0,0.0
12:30:00 AM,18,Wednesday,low,35.0,0.0,50.0,0.0,9.0
12:45:00 AM,18,Wednesday,normal,44.0,0.0,50.0,0.0,0.0
1:00:00 AM,18,Wednesday,normal,41.0,0.0,50.0,0.0,10.0
1:15:00 AM,18,Wednesday,normal,51.0,0.0,50.0,0.0,1.0
1:30:00 AM,18,Wednesday,normal,52.0,0.0,50.0,0.0,1.0
1:45:00 AM,18,Wednesday,normal,53.0,0.0,50.0,0.0,0.0
2:00:00 AM,18,Wednesday,normal,53.0,0.0,50.0,0.0,2.0
2:15:00 AM,18,Wednesday,normal,55.0,0.0,50.0,0.0,0.0
2:30:00 AM,18,Wednesday,normal,35.0,0.0,50.0,0.0,9.0
2:45:00 AM,18,Wednesday,normal,44.0,0.0,50.0,0.0,9.0
3:00:00 AM,18,Wednesday,normal,53.0,0.0,50.0,0.0,0.0
3:15:00 AM,18,Wednesday,low,36.0,0.0,50.0,0.0,23.0
3:30:00 AM,18,Wednesday,normal,59.0,0.0,50.0,0.0,0.0
3:45:00 AM,18,Wednesday,low,37.0,0.0,50.0,0.0,17.0
4:00:00 AM,18,Wednesday,normal,54.0,0.0,50.0,0.0,87.0
4:15:00 AM,18,Wednesday,normal,141.0,0.0,50.0,0.0,0.0
4:30:00 AM,18,Wednesday,normal,116.0,0.0,50.0,0.0,21.0
4:45:00 AM,18,Wednesday,normal,137.0,0.0,50.0,0.0,0.0
5:00:00 AM,18,Wednesday,normal,129.0,0.0,50.0,0.0,0.0
5:15:00 AM,18,Wednesday,normal,129.0,0.0,50.0,0.0,7.0
5:30:00 AM,18,Wednesday,normal,136.0,0.0,50.0,0.0,0.0
5:45:00 AM,18,Wednesday,low,73.0,0.0,50.0,0.0,116.0
6:00:00 AM,18,Wednesday,heavy,189.0,8.999999999999982,42.500000000000014,22.499999999999954,22.0
6:15:00 AM,18,Wednesday,heavy,211.0,31.0,24.166666666666664,77.5,0.0
6:30:00 AM,18,Wednesday,heavy,194.0,13.99999999999999,38.33333333333334,34.99999999999997,0.0
6:45:00 AM,18,Wednesday,normal,161.0,0.0,50.0,0.0,21.0
7:00:00 AM,18,Wednesday,heavy,182.0,1.999999999999988,48.33333333333334,4.99999999999997,0.0
7:15:00 AM,18,Wednesday,heavy,172.0,0.0,50.0,0.0,44.0
7:30:00 AM,18,Wednesday,heavy,216.0,35.99999999999998,20.000000000000018,89.99999999999994,0.0
7:45:00 AM,18,Wednesday,heavy,207.0,27.0,27.500000000000004,67.5,10.0
8:00:00 AM,18,Wednesday,heavy,217.0,36.999999999999986,19.166666666666675,92.49999999999996,0.0
8:15:00 AM,18,Wednesday,heavy,196.0,15.999999999999979,36.66666666666668,39.99999999999994,0.0
8:30:00 AM,18,Wednesday,high,155.0,0.0,50.0,0.0,37.0
8:45:00 AM,18,Wednesday,heavy,192.0,12.000000000000002,40.0,30.000000000000004,0.0
9:00:00 AM,18,Wednesday,heavy,189.0,8.999999999999982,42.500000000000014,22.499999999999954,0.0
9:15:00 AM,18,Wednesday,normal,110.0,0.0,50.0,0.0,6.0
9:30:00 AM,18,Wednesday,normal,116.0,0.0,50.0,0.0,0.0
9:45:00 AM,18,Wednesday,normal,108.0,0.0,50.0,0.0,1.0
10:00:00 AM,18,Wednesday,normal,109.0,0.0,50.0,0.0,13.0
10:15:00 AM,18,Wednesday,high,122.0,0.0,50.0,0.0,0.0
10:30:00 AM,18,Wednesday,normal,90.0,0.0,50.0,0.0,0.0
10:45:00 AM,18,Wednesday,normal,81.0,0.0,50.0,0.0,5.0
11:00:00 AM,18,Wednesday,normal,86.0,0.0,50.0,0.0,0.0
11:15:00 AM,18,Wednesday,normal,65.0,0.0,50.0,0.0,2.0
11:30:00 AM,18,Wednesday,normal,67.0,0.0,50.0,0.0,22.0
11:45:00 AM,18,Wednesday,normal,89.0,0.0,50.0,0.0,0.0
12:00:00 PM,18,Wednesday,normal,72.0,0.0,50.0,0.0,37.0
12:15:00 PM,18,Wednesday,normal,109.0,0.0,50.0,0.0,0.0
12:30:00 PM,18,Wednesday,normal,62.0,0.0,50.0,0.0,21.0
12:45:00 PM,18,Wednesday,normal,83.0,0.0,50.0,0.0,3.0
1:00:00 PM,18,Wednesday,normal,86.0,0.0,50.0,0.0,10.0
1:15:00 PM,18,Wednesday,normal,96.0,0.0,50.0,0.0,68.0
1:30:00 PM,18,Wednesday,high,164.0,0.0,50.0,0.0,2.0
1:45:00 PM,18,Wednesday,normal,166.0,0.0,50.0,0.0,0.0
2:00:00 PM,18,Wednesday,high,159.0,0.0,50.0,0.0,0.0
2:15:00 PM,18,Wednesday,normal,93.0,0.0,50.0,0.0,79.0
2:30:00 PM,18,Wednesday,heavy,172.0,0.0,50.0,0.0,0.0
2:45:00 PM,18,Wednesday,high,145.0,0.0,50.0,0.0,0.0
3:00:00 PM,18,Wednesday,low,53.0,0.0,50.0,0.0,97.0
3:15:00 PM,18,Wednesday,high,150.0,0.0,50.0,0.0,0.0
3:30:00 PM,18,Wednesday,normal,147.0,0.0,50.0,0.0,0.0
3:45:00 PM,18,Wednesday,normal,88.0,0.0,50.0,0.0,88.0
4:00:00 PM,18,Wednesday,heavy,176.0,0.0,50.0,0.0,39.0
4:15:00 PM,18,Wednesday,heavy,215.0,35.0,20.833333333333332,87.5,0.0
4:30:00 PM,18,Wednesday,heavy,192.0,12.000000000000002,40.0,30.000000000000004,31.0
4:45:00 PM,18,Wednesday,normal,223.0,43.0,14.166666666666666,107.5,0.0
5:00:00 PM,18,Wednesday,normal,167.0,0.0,50.0,0.0,5.0
5:15:00 PM,18,Wednesday,heavy,172.0,0.0,50.0,0.0,31.0
5:30:00 PM,18,Wednesday,heavy,203.0,23.0,30.833333333333336,57.5,0.0
5:45:00 PM,18,Wednesday,heavy,175.0,0.0,50.0,0.0,39.0
6:00:00 PM,18,Wednesday,heavy,214.0,33.99999999999999,21.66666666666667,84.99999999999997,0.0
6:15:00 PM,18,Wednesday,heavy,174.0,0.0,50.0,0.0,0.0
6:30:00 PM,18,Wednesday,heavy,171.0,0.0,50.0,0.0,0.0
6:45:00 PM,18,Wednesday,normal,158.0,0.0,50.0,0.0,0.0
7:00:00 PM,18,Wednesday,normal,139.0,0.0,50.0,0.0,0.0
7:15:00 PM,18,Wednesday,low,102.0,0.0,50.0,0.0,28.0
7:30:00 PM,18,Wednesday,normal,130.0,0.0,50.0,0.0,35.0
7:45:00 PM,18,Wednesday,normal,165.0,0.0,50.0,0.0,0.0
8:00:00 PM,18,Wednesday,normal,135.0,0.0,50.0,0.0,16.0
8:15:00 PM,18,Wednesday,normal,151.0,0.0,50.0,0.0,25.0
8:30:00 PM,18,Wednesday,heavy,176.0,0.0,50.0,0.0,0.0
8:45:00 PM,18,Wednesday,low,102.0,0.0,50.0,0.0,14.0
9:00:00 PM,18,Wednesday,normal,116.0,0.0,50.0,0.0,0.0
9:15:00 PM,18,Wednesday,high,115.0,0.0,50.0,0.0,26.0
9:30:00 PM,18,Wednesday,normal,141.0,0.0,50.0,0.0,27.0
9:45:00 PM,18,Wednesday,heavy,168.0,0.0,50.0,0.0,0.0
10:00:00 PM,18,Wednesday,normal,53.0,0.0,50.0,0.0,0.0
10:15:00 PM,18,Wednesday,normal,46.0,0.0,50.0,0.0,0.0
10:30:00 PM,18,Wednesday,normal,41.0,0.0,50.0,0.0,18.0
10:45:00 PM,18,Wednesday,normal,59.0,0.0,50.0,0.0,0.0
11:00:00 PM,18,Wednesday,normal,48.0,0.0,50.0,0.0,0.0
11:15:00 PM,18,Wednesday,low,33.0,0.0,50.0,0.0,21.0
11:30:00 PM,18,Wednesday,normal,54.0,0.0,50.0,0.0,0.0
11:45:00 PM,18,Wednesday,normal,43.0,0.0,50.0,0.0,0.0
12:00:00 AM,19,Thursday,low,30.0,0.0,50.0,0.0,5.0
12:15:00 AM,19,Thursday,low,35.0,0.0,50.0,0.0,11.0
12:30:00 AM,19,Thursday,normal,46.0,0.0,50.0,0.0,0.0
12:45:00 AM,19,Thursday,low,31.0,0.0,50.0,0.0,3.0
1:00:00 AM,19,Thursday,low,34.0,0.0,50.0,0.0,7.0
1:15:00 AM,19,Thursday,normal,41.0,0.0,50.0,0.0,0.0
1:30:00 AM,19,Thursday,low,40.0,0.0,50.0,0.0,2.0
1:45:00 AM,19,Thursday,normal,42.0,0.0,50.0,0.0,0.0
2:00:00 AM,19,Thursday,normal,40.0,0.0,50.0,0.0,19.0
2:15:00 AM,19,Thursday,normal,59.0,0.0,50.0,0.0,0.0
2:30:00 AM,19,Thursday,normal,44.0,0.0,50.0,0.0,0.0
2:45:00 AM,19,Thursday,low,33.0,0.0,50.0,0.0,0.0
3:00:00 AM,19,Thursday,low,29.0,0.0,50.0,0.0,18.0
3:15:00 AM,19,Thursday,normal,47.0,0.0,50.0,0.0,0.0
3:30:00 AM,19,Thursday,normal,42.0,0.0,50.0,0.0,0.0
3:45:00 AM,19,Thursday,low,26.0,0.0,50.0,0.0,10.0
4:00:00 AM,19,Thursday,low,36.0,0.0,50.0,0.0,118.0
4:15:00 AM,19,Thursday,normal,154.0,0.0,50.0,0.0,0.0
4:30:00 AM,19,Thursday,normal,147.0,0.0,50.0,0.0,0.0
4:45:00 AM,19,Thursday,normal,133.0,0.0,50.0,0.0,0.0
5:00:00 AM,19,Thursday,low,101.0,0.0,50.0,0.0,26.0
5:15:00 AM,19,Thursday,normal,127.0,0.0,50.0,0.0,0.0
5:30:00 AM,19,Thursday,normal,105.0,0.0,50.0,0.0,39.0
5:45:00 AM,19,Thursday,normal,144.0,0.0,50.0,0.0,22.0
6:00:00 AM,19,Thursday,high,166.0,0.0,50.0,0.0,0.0
6:15:00 AM,19,Thursday,high,154.0,0.0,50.0,0.0,40.0
6:30:00 AM,19,Thursday,heavy,194.0,13.99999999999999,38.33333333333334,34.99999999999997,12.0
6:45:00 AM,19,Thursday,heavy,206.0,25.999999999999993,28.33333333333334,64.99999999999997,0.0
7:00:00 AM,19,Thursday,heavy,204.0,23.99999999999998,30.000000000000014,59.99999999999994,5.0
7:15:00 AM,19,Thursday,heavy,209.0,28.999999999999986,25.833333333333343,72.49999999999996,0.0
7:30:00 AM,19,Thursday,heavy,202.0,21.999999999999993,31.666666666666675,54.99999999999998,0.0
7:45:00 AM,19,Thursday,heavy,202.0,21.999999999999993,31.666666666666675,54.99999999999998,0.0
8:00:00 AM,19,Thursday,heavy,193.0,12.999999999999984,39.166666666666686,32.49999999999996,15.0
8:15:00 AM,19,Thursday,heavy,208.0,27.99999999999998,26.666666666666682,69.99999999999994,0.0
8:30:00 AM,19,Thursday,heavy,206.0,25.999999999999993,28.33333333333334,64.99999999999997,11.0
8:45:00 AM,19,Thursday,heavy,217.0,36.999999999999986,19.166666666666675,92.49999999999996,0.0
9:00:00 AM,19,Thursday,heavy,170.0,0.0,50.0,0.0,0.0
9:15:00 AM,19,Thursday,normal,98.0,0.0,50.0,0.0,26.0
9:30:00 AM,19,Thursday,normal,124.0,0.0,50.0,0.0,36.0
9:45:00 AM,19,Thursday,high,160.0,0.0,50.0,0.0,0.0
10:00:00 AM,19,Thursday,low,31.0,0.0,50.0,0.0,119.0
10:15:00 AM,19,Thursday,high,150.0,0.0,50.0,0.0,0.0
10:30:00 AM,19,Thursday,normal,74.0,0.0,50.0,0.0,55.0
10:45:00 AM,19,Thursday,high,129.0,0.0,50.0,0.0,0.0
11:00:00 AM,19,Thursday,normal,107.0,0.0,50.0,0.0,0.0
11:15:00 AM,19,Thursday,normal,85.0,0.0,50.0,0.0,1.0
11:30:00 AM,19,Thursday,normal,86.0,0.0,50.0,0.0,16.0
11:45:00 AM,19,Thursday,normal,102.0,0.0,50.0,0.0,2.0
12:00:00 PM,19,Thursday,normal,104.0,0.0,50.0,0.0,0.0
12:15:00 PM,19,Thursday,normal,83.0,0.0,50.0,0.0,23.0
12:30:00 PM,19,Thursday,normal,106.0,0.0,50.0,0.0,0.0
12:45:00 PM,19,Thursday,normal,79.0,0.0,50.0,0.0,14.0
1:00:00 PM,19,Thursday,normal,93.0,0.0,50.0,0.0,0.0
1:15:00 PM,19,Thursday,normal,84.0,0.0,50.0,0.0,0.0
1:30:00 PM,19,Thursday,low,60.0,0.0,50.0,0.0,106.0
1:45:00 PM,19,Thursday,normal,166.0,0.0,50.0,0.0,0.0
2:00:00 PM,19,Thursday,low,90.0,0.0,50.0,0.0,37.0
2:15:00 PM,19,Thursday,normal,127.0,0.0,50.0,0.0,0.0
2:30:00 PM,19,Thursday,normal,91.0,0.0,50.0,0.0,0.0
2:45:00 PM,19,Thursday,normal,77.0,0.0,50.0,0.0,0.0
3:00:00 PM,19,Thursday,normal,76.0,0.0,50.0,0.0,84.0
3:15:00 PM,19,Thursday,normal,160.0,0.0,50.0,0.0,0.0
3:30:00 PM,19,Thursday,normal,117.0,0.0,50.0,0.0,0.0
3:45:00 PM,19,Thursday,normal,64.0,0.0,50.0,0.0,135.0
4:00:00 PM,19,Thursday,heavy,199.0,18.999999999999996,34.166666666666664,47.499999999999986,0.0
4:15:00 PM,19,Thursday,heavy,178.0,0.0,50.0,0.0,5.0
4:30:00 PM,19,Thursday,heavy,183.0,2.9999999999999942,47.5,7.499999999999985,11.0
4:45:00 PM,19,Thursday,heavy,194.0,13.99999999999999,38.33333333333334,34.99999999999997,10.0
5:00:00 PM,19,Thursday,heavy,204.0,23.99999999999998,30.000000000000014,59.99999999999994,1.0
5:15:00 PM,19,Thursday,heavy,205.0,24.999999999999986,29.16666666666668,62.499999999999964,0.0
5:30:00 PM,19,Thursday,heavy,198.0,17.99999999999999,35.00000000000001,44.99999999999997,0.0
5:45:00 PM,19,Thursday,normal,165.0,0.0,50.0,0.0,22.0
6:00:00 PM,19,Thursday,heavy,187.0,6.999999999999995,44.16666666666667,17.499999999999986,24.0
6:15:00 PM,19,Thursday,heavy,211.0,31.0,24.166666666666664,77.5,0.0
6:30:00 PM,19,Thursday,heavy,209.0,28.999999999999986,25.833333333333343,72.49999999999996,0.0
6:45:00 PM,19,Thursday,low,88.0,0.0,50.0,0.0,48.0
7:00:00 PM,19,Thursday,normal,136.0,0.0,50.0,0.0,0.0
7:15:00 PM,19,Thursday,high,117.0,0.0,50.0,0.0,29.0
7:30:00 PM,19,Thursday,normal,146.0,0.0,50.0,0.0,0.0
7:45:00 PM,19,Thursday,high,129.0,0.0,50.0,0.0,13.0
8:00:00 PM,19,Thursday,normal,142.0,0.0,50.0,0.0,0.0
8:15:00 PM,19,Thursday,low,107.0,0.0,50.0,0.0,52.0
8:30:00 PM,19,Thursday,normal,159.0,0.0,50.0,0.0,0.0
8:45:00 PM,19,Thursday,low,105.0,0.0,50.0,0.0,18.0
9:00:00 PM,19,Thursday,normal,123.0,0.0,50.0,0.0,30.0
9:15:00 PM,19,Thursday,normal,153.0,0.0,50.0,0.0,0.0
9:30:00 PM,19,Thursday,high,144.0,0.0,50.0,0.0,0.0
9:45:00 PM,19,Thursday,normal,136.0,0.0,50.0,0.0,0.0
10:00:00 PM,19,Thursday,low,29.0,0.0,50.0,0.0,17.0
10:15:00 PM,19,Thursday,normal,46.0,0.0,50.0,0.0,0.0
10:30:00 PM,19,Thursday,low,35.0,0.0,50.0,0.0,17.0
10:45:00 PM,19,Thursday,normal,52.0,0.0,50.0,0.0,0.0
11:00:00 PM,19,Thursday,normal,49.0,0.0,50.0,0.0,0.0
11:15:00 PM,19,Thursday,low,33.0,0.0,50.0,0.0,3.0
11:30:00 PM,19,Thursday,low,36.0,0.0,50.0,0.0,0.0
11:45:00 PM,19,Thursday,normal,36.0,0.0,50.0,0.0,23.0
12:00:00 AM,20,Friday,normal,59.0,0.0,50.0,0.0,0.0
12:15:00 AM,20,Friday,low,31.0,0.0,50.0,0.0,2.0
12:30:00 AM,20,Friday,low,33.0,0.0,50.0,0.0,0.0
12:45:00 AM,20,Friday,low,32.0,0.0,50.0,0.0,13.0
1:00:00 AM,20,Friday,normal,45.0,0.0,50.0,0.0,9.0
1:15:00 AM,20,Friday,normal,54.0,0.0,50.0,0.0,0.0
1:30:00 AM,20,Friday,low,40.0,0.0,50.0,0.0,0.0
1:45:00 AM,20,Friday,low,32.0,0.0,50.0,0.0,14.0
2:00:00 AM,20,Friday,normal,46.0,0.0,50.0,0.0,0.0
2:15:00 AM,20,Friday,normal,33.0,0.0,50.0,0.0,14.0
2:30:00 AM,20,Friday,normal,47.0,0.0,50.0,0.0,5.0
2:45:00 AM,20,Friday,normal,52.0,0.0,50.0,0.0,3.0
3:00:00 AM,20,Friday,normal,55.0,0.0,50.0,0.0,0.0
3:15:00 AM,20,Friday,normal,54.0,0.0,50.0,0.0,0.0
3:30:00 AM,20,Friday,normal,54.0,0.0,50.0,0.0,0.0
3:45:00 AM,20,Friday,low,36.0,0.0,50.0,0.0,15.0
4:00:00 AM,20,Friday,normal,51.0,0.0,50.0,0.0,32.0
4:15:00 AM,20,Friday,low,83.0,0.0,50.0,0.0,0.0
4:30:00 AM,20,Friday,low,58.0,0.0,50.0,0.0,47.0
4:45:00 AM,20,Friday,low,105.0,0.0,50.0,0.0,0.0
5:00:00 AM,20,Friday,low,97.0,0.0,50.0,0.0,0.0
5:15:00 AM,20,Friday,low,50.0,0.0,50.0,0.0,5.0
5:30:00 AM,20,Friday,low,55.0,0.0,50.0,0.0,36.0
5:45:00 AM,20,Friday,low,91.0,0.0,50.0,0.0,0.0
6:00:00 AM,20,Friday,low,79.0,0.0,50.0,0.0,0.0
6:15:00 AM,20,Friday,low,62.0,0.0,50.0,0.0,0.0
6:30:00 AM,20,Friday,low,54.0,0.0,50.0,0.0,38.0
6:45:00 AM,20,Friday,low,92.0,0.0,50.0,0.0,0.0
7:00:00 AM,20,Friday,low,89.0,0.0,50.0,0.0,0.0
7:15:00 AM,20,Friday,low,53.0,0.0,50.0,0.0,39.0
7:30:00 AM,20,Friday,low,92.0,0.0,50.0,0.0,0.0
7:45:00 AM,20,Friday,low,81.0,0.0,50.0,0.0,6.0
8:00:00 AM,20,Friday,low,87.0,0.0,50.0,0.0,4.0
8:15:00 AM,20,Friday,low,91.0,0.0,50.0,0.0,0.0
8:30:00 AM,20,Friday,low,87.0,0.0,50.0,0.0,0.0
8:45:00 AM,20,Friday,low,86.0,0.0,50.0,0.0,0.0
9:00:00 AM,20,Friday,low,78.0,0.0,50.0,0.0,139.0
9:15:00 AM,20,Friday,heavy,217.0,36.999999999999986,19.166666666666675,92.49999999999996,35.0
9:30:00 AM,20,Friday,heavy,252.0,60.0,5.0,150.0,0.0
9:45:00 AM,20,Friday,heavy,207.0,27.0,27.500000000000004,67.5,45.0
10:00:00 AM,20,Friday,heavy,252.0,60.0,5.0,150.0,0.0
10:15:00 AM,20,Friday,heavy,249.0,60.0,5.0,150.0,0.0
10:30:00 AM,20,Friday,heavy,245.0,60.0,5.0,150.0,4.0
10:45:00 AM,20,Friday,heavy,249.0,60.0,5.0,150.0,0.0
11:00:00 AM,20,Friday,heavy,235.0,55.00000000000001,5.0,137.5,0.0
11:15:00 AM,20,Friday,heavy,230.0,49.99999999999997,8.333333333333359,124.99999999999993,1.0
11:30:00 AM,20,Friday,heavy,231.0,50.99999999999998,7.500000000000018,127.49999999999994,13.0
11:45:00 AM,20,Friday,heavy,244.0,60.0,5.0,150.0,3.0
12:00:00 PM,20,Friday,heavy,247.0,60.0,5.0,150.0,1.0
12:15:00 PM,20,Friday,heavy,248.0,60.0,5.0,150.0,3.0
12:30:00 PM,20,Friday,heavy,251.0,60.0,5.0,150.0,0.0
12:45:00 PM,20,Friday,heavy,224.0,43.999999999999986,13.333333333333346,109.99999999999996,2.0
1:00:00 PM,20,Friday,heavy,226.0,46.0,11.666666666666664,115.0,0.0
1:15:00 PM,20,Friday,heavy,221.0,40.999999999999986,15.833333333333343,102.49999999999996,16.0
1:30:00 PM,20,Friday,heavy,237.0,56.999999999999964,5.0,142.49999999999991,15.0
1:45:00 PM,20,Friday,heavy,252.0,60.0,5.0,150.0,0.0
2:00:00 PM,20,Friday,heavy,232.0,51.999999999999986,6.666666666666677,129.99999999999994,24.0
2:15:00 PM,20,Friday,heavy,256.0,60.0,5.0,150.0,0.0
2:30:00 PM,20,Friday,heavy,233.0,52.99999999999999,5.83333333333334,132.49999999999997,0.0
2:45:00 PM,20,Friday,heavy,214.0,33.99999999999999,21.66666666666667,84.99999999999997,23.0
3:00:00 PM,20,Friday,heavy,237.0,56.999999999999964,5.0,142.49999999999991,0.0
3:15:00 PM,20,Friday,normal,120.0,0.0,50.0,0.0,0.0
3:30:00 PM,20,Friday,normal,106.0,0.0,50.0,0.0,22.0
3:45:00 PM,20,Friday,normal,128.0,0.0,50.0,0.0,0.0
4:00:00 PM,20,Friday,normal,115.0,0.0,50.0,0.0,0.0
4:15:00 PM,20,Friday,normal,113.0,0.0,50.0,0.0,2.0
4:30:00 PM,20,Friday,normal,115.0,0.0,50.0,0.0,0.0
4:45:00 PM,20,Friday,low,86.0,0.0,50.0,0.0,2.0
5:00:00 PM,20,Friday,low,88.0,0.0,50.0,0.0,19.0
5:15:00 PM,20,Friday,normal,107.0,0.0,50.0,0.0,7.0
5:30:00 PM,20,Friday,normal,114.0,0.0,50.0,0.0,0.0
5:45:00 PM,20,Friday,normal,94.0,0.0,50.0,0.0,23.0
6:00:00 PM,20,Friday,normal,117.0,0.0,50.0,0.0,0.0
6:15:00 PM,20,Friday,normal,99.0,0.0,50.0,0.0,29.0
6:30:00 PM,20,Friday,normal,128.0,0.0,50.0,0.0,0.0
6:45:00 PM,20,Friday,low,87.0,0.0,50.0,0.0,0.0
7:00:00 PM,20,Friday,low,84.0,0.0,50.0,0.0,0.0
7:15:00 PM,20,Friday,low,56.0,0.0,50.0,0.0,3.0
7:30:00 PM,20,Friday,low,59.0,0.0,50.0,0.0,0.0
7:45:00 PM,20,Friday,low,37.0,0.0,50.0,0.0,0.0
8:00:00 PM,20,Friday,low,32.0,0.0,50.0,0.0,24.0
8:15:00 PM,20,Friday,low,56.0,0.0,50.0,0.0,0.0
8:30:00 PM,20,Friday,low,36.0,0.0,50.0,0.0,28.0
8:45:00 PM,20,Friday,low,64.0,0.0,50.0,0.0,0.0
9:00:00 PM,20,Friday,low,52.0,0.0,50.0,0.0,17.0
9:15:00 PM,20,Friday,low,69.0,0.0,50.0,0.0,0.0
9:30:00 PM,20,Friday,low,37.0,0.0,50.0,0.0,6.0
9:45:00 PM,20,Friday,low,43.0,0.0,50.0,0.0,0.0
10:00:00 PM,20,Friday,low,31.0,0.0,50.0,0.0,16.0
10:15:00 PM,20,Friday,normal,47.0,0.0,50.0,0.0,10.0
10:30:00 PM,20,Friday,normal,57.0,0.0,50.0,0.0,0.0
10:45:00 PM,20,Friday,low,30.0,0.0,50.0,0.0,4.0
11:00:00 PM,20,Friday,normal,34.0,0.0,50.0,0.0,14.0
11:15:00 PM,20,Friday,normal,48.0,0.0,50.0,0.0,0.0
11:30:00 PM,20,Friday,low,35.0,0.0,50.0,0.0,4.0
11:45:00 PM,20,Friday,normal,39.0,0.0,50.0,0.0,16.0
12:00:00 AM,21,Sunday,normal,55.0,0.0,50.0,0.0,0.0
12:15:00 AM,21,Sunday,normal,46.0,0.0,50.0,0.0,0.0
12:30:00 AM,21,Sunday,low,33.0,0.0,50.0,0.0,10.0
12:45:00 AM,21,Sunday,normal,43.0,0.0,50.0,0.0,0.0
1:00:00 AM,21,Sunday,low,38.0,0.0,50.0,0.0,19.0
1:15:00 AM,21,Sunday,normal,57.0,0.0,50.0,0.0,0.0
1:30:00 AM,21,Sunday,normal,49.0,0.0,50.0,0.0,0.0
1:45:00 AM,21,Sunday,low,34.0,0.0,50.0,0.0,18.0
2:00:00 AM,21,Sunday,normal,52.0,0.0,50.0,0.0,0.0
2:15:00 AM,21,Sunday,normal,34.0,0.0,50.0,0.0,13.0
2:30:00 AM,21,Sunday,normal,47.0,0.0,50.0,0.0,0.0
2:45:00 AM,21,Sunday,low,25.0,0.0,50.0,0.0,31.0
3:00:00 AM,21,Sunday,normal,56.0,0.0,50.0,0.0,0.0
3:15:00 AM,21,Sunday,normal,42.0,0.0,50.0,0.0,0.0
3:30:00 AM,21,Sunday,low,28.0,0.0,50.0,0.0,13.0
3:45:00 AM,21,Sunday,normal,41.0,0.0,50.0,0.0,4.0
4:00:00 AM,21,Sunday,normal,45.0,0.0,50.0,0.0,98.0
4:15:00 AM,21,Sunday,normal,143.0,0.0,50.0,0.0,1.0
4:30:00 AM,21,Sunday,normal,144.0,0.0,50.0,0.0,0.0
4:45:00 AM,21,Sunday,normal,143.0,0.0,50.0,0.0,0.0
5:00:00 AM,21,Sunday,low,105.0,0.0,50.0,0.0,17.0
5:15:00 AM,21,Sunday,normal,122.0,0.0,50.0,0.0,0.0
5:30:00 AM,21,Sunday,low,67.0,0.0,50.0,0.0,29.0
5:45:00 AM,21,Sunday,low,96.0,0.0,50.0,0.0,78.0
6:00:00 AM,21,Sunday,heavy,174.0,0.0,50.0,0.0,0.0
6:15:00 AM,21,Sunday,high,164.0,0.0,50.0,0.0,8.0
6:30:00 AM,21,Sunday,heavy,172.0,0.0,50.0,0.0,0.0
6:45:00 AM,21,Sunday,high,166.0,0.0,50.0,0.0,34.0
7:00:00 AM,21,Sunday,heavy,200.0,19.99999999999998,33.33333333333335,49.99999999999994,28.0
7:15:00 AM,21,Sunday,heavy,228.0,48.00000000000001,9.999999999999993,120.00000000000001,0.0
7:30:00 AM,21,Sunday,heavy,181.0,0.9999999999999815,49.16666666666668,2.4999999999999534,0.0
7:45:00 AM,21,Sunday,high,146.0,0.0,50.0,0.0,19.0
8:00:00 AM,21,Sunday,high,165.0,0.0,50.0,0.0,0.0
8:15:00 AM,21,Sunday,high,155.0,0.0,50.0,0.0,26.0
8:30:00 AM,21,Sunday,heavy,181.0,0.9999999999999815,49.16666666666668,2.4999999999999534,37.0
8:45:00 AM,21,Sunday,heavy,218.0,37.99999999999999,18.33333333333334,94.99999999999997,0.0
9:00:00 AM,21,Sunday,normal,161.0,0.0,50.0,0.0,0.0
9:15:00 AM,21,Sunday,normal,111.0,0.0,50.0,0.0,0.0
9:30:00 AM,21,Sunday,normal,104.0,0.0,50.0,0.0,30.0
9:45:00 AM,21,Sunday,normal,134.0,0.0,50.0,0.0,0.0
10:00:00 AM,21,Sunday,normal,105.0,0.0,50.0,0.0,54.0
10:15:00 AM,21,Sunday,high,159.0,0.0,50.0,0.0,0.0
10:30:00 AM,21,Sunday,high,149.0,0.0,50.0,0.0,0.0
10:45:00 AM,21,Sunday,normal,131.0,0.0,50.0,0.0,0.0
11:00:00 AM,21,Sunday,normal,85.0,0.0,50.0,0.0,4.0
11:15:00 AM,21,Sunday,normal,89.0,0.0,50.0,0.0,5.0
11:30:00 AM,21,Sunday,normal,94.0,0.0,50.0,0.0,17.0
11:45:00 AM,21,Sunday,normal,111.0,0.0,50.0,0.0,0.0
12:00:00 PM,21,Sunday,normal,94.0,0.0,50.0,0.0,0.0
12:15:00 PM,21,Sunday,normal,59.0,0.0,50.0,0.0,9.0
12:30:00 PM,21,Sunday,normal,68.0,0.0,50.0,0.0,8.0
12:45:00 PM,21,Sunday,normal,76.0,0.0,50.0,0.0,0.0
1:00:00 PM,21,Sunday,normal,70.0,0.0,50.0,0.0,84.0
1:15:00 PM,21,Sunday,normal,154.0,0.0,50.0,0.0,0.0
1:30:00 PM,21,Sunday,high,121.0,0.0,50.0,0.0,25.0
1:45:00 PM,21,Sunday,high,146.0,0.0,50.0,0.0,0.0
2:00:00 PM,21,Sunday,low,81.0,0.0,50.0,0.0,49.0
2:15:00 PM,21,Sunday,normal,130.0,0.0,50.0,0.0,0.0
2:30:00 PM,21,Sunday,normal,89.0,0.0,50.0,0.0,6.0
2:45:00 PM,21,Sunday,normal,95.0,0.0,50.0,0.0,47.0
3:00:00 PM,21,Sunday,normal,142.0,0.0,50.0,0.0,0.0
3:15:00 PM,21,Sunday,low,82.0,0.0,50.0,0.0,40.0
3:30:00 PM,21,Sunday,normal,122.0,0.0,50.0,0.0,0.0
3:45:00 PM,21,Sunday,normal,104.0,0.0,50.0,0.0,80.0
4:00:00 PM,21,Sunday,heavy,184.0,4.000000000000001,46.666666666666664,10.000000000000002,30.0
4:15:00 PM,21,Sunday,heavy,214.0,33.99999999999999,21.66666666666667,84.99999999999997,0.0
4:30:00 PM,21,Sunday,normal,167.0,0.0,50.0,0.0,32.0
4:45:00 PM,21,Sunday,heavy,199.0,18.999999999999996,34.166666666666664,47.499999999999986,17.0
5:00:00 PM,21,Sunday,heavy,216.0,35.99999999999998,20.000000000000018,89.99999999999994,0.0
5:15:00 PM,21,Sunday,high,158.0,0.0,50.0,0.0,16.0
5:30:00 PM,21,Sunday,heavy,174.0,0.0,50.0,0.0,46.0
5:45:00 PM,21,Sunday,heavy,220.0,39.999999999999986,16.66666666666668,99.99999999999996,0.0
6:00:00 PM,21,Sunday,heavy,194.0,13.99999999999999,38.33333333333334,34.99999999999997,0.0
6:15:00 PM,21,Sunday,heavy,170.0,0.0,50.0,0.0,0.0
6:30:00 PM,21,Sunday,heavy,168.0,0.0,50.0,0.0,0.0
6:45:00 PM,21,Sunday,high,151.0,0.0,50.0,0.0,0.0
7:00:00 PM,21,Sunday,normal,126.0,0.0,50.0,0.0,0.0
7:15:00 PM,21,Sunday,normal,124.0,0.0,50.0,0.0,26.0
7:30:00 PM,21,Sunday,normal,150.0,0.0,50.0,0.0,0.0
7:45:00 PM,21,Sunday,normal,124.0,0.0,50.0,0.0,26.0
8:00:00 PM,21,Sunday,normal,150.0,0.0,50.0,0.0,0.0
8:15:00 PM,21,Sunday,low,96.0,0.0,50.0,0.0,63.0
8:30:00 PM,21,Sunday,normal,159.0,0.0,50.0,0.0,0.0
8:45:00 PM,21,Sunday,normal,95.0,0.0,50.0,0.0,30.0
9:00:00 PM,21,Sunday,high,125.0,0.0,50.0,0.0,4.0
9:15:00 PM,21,Sunday,normal,129.0,0.0,50.0,0.0,0.0
9:30:00 PM,21,Sunday,normal,113.0,0.0,50.0,0.0,33.0
9:45:00 PM,21,Sunday,high,146.0,0.0,50.0,0.0,0.0
10:00:00 PM,21,Sunday,normal,48.0,0.0,50.0,0.0,0.0
10:15:00 PM,21,Sunday,low,34.0,0.0,50.0,0.0,3.0
10:30:00 PM,21,Sunday,low,37.0,0.0,50.0,0.0,19.0
10:45:00 PM,21,Sunday,normal,56.0,0.0,50.0,0.0,0.0
11:00:00 PM,21,Sunday,normal,51.0,0.0,50.0,0.0,0.0
11:15:00 PM,21,Sunday,low,28.0,0.0,50.0,0.0,21.0
11:30:00 PM,21,Sunday,normal,49.0,0.0,50.0,0.0,0.0
11:45:00 PM,21,Sunday,low,28.0,0.0,50.0,0.0,18.0
12:00:00 AM,22,Saturday,normal,46.0,0.0,50.0,0.0,0.0
12:15:00 AM,22,Saturday,normal,40.0,0.0,50.0,0.0,0.0
12:30:00 AM,22,Saturday,low,28.0,0.0,50.0,0.0,18.0
12:45:00 AM,22,Saturday,normal,46.0,0.0,50.0,0.0,0.0
1:00:00 AM,22,Saturday,low,42.0,0.0,50.0,0.0,4.0
1:15:00 AM,22,Saturday,normal,46.0,0.0,50.0,0.0,0.0
1:30:00 AM,22,Saturday,low,33.0,0.0,50.0,0.0,0.0
1:45:00 AM,22,Saturday,low,32.0,0.0,50.0,0.0,7.0
2:00:00 AM,22,Saturday,low,39.0,0.0,50.0,0.0,15.0
2:15:00 AM,22,Saturday,normal,54.0,0.0,50.0,0.0,0.0
2:30:00 AM,22,Saturday,low,29.0,0.0,50.0,0.0,25.0
2:45:00 AM,22,Saturday,normal,54.0,0.0,50.0,0.0,0.0
3:00:00 AM,22,Saturday,normal,48.0,0.0,50.0,0.0,0.0
3:15:00 AM,22,Saturday,low,33.0,0.0,50.0,0.0,12.0
3:30:00 AM,22,Saturday,normal,45.0,0.0,50.0,0.0,5.0
3:45:00 AM,22,Saturday,normal,50.0,0.0,50.0,0.0,0.0
4:00:00 AM,22,Saturday,low,34.0,0.0,50.0,0.0,100.0
4:15:00 AM,22,Saturday,normal,134.0,0.0,50.0,0.0,0.0
4:30:00 AM,22,Saturday,low,111.0,0.0,50.0,0.0,33.0
4:45:00 AM,22,Saturday,normal,144.0,0.0,50.0,0.0,22.0
5:00:00 AM,22,Saturday,normal,166.0,0.0,50.0,0.0,0.0
5:15:00 AM,22,Saturday,normal,115.0,0.0,50.0,0.0,0.0
5:30:00 AM,22,Saturday,normal,114.0,0.0,50.0,0.0,0.0
5:45:00 AM,22,Saturday,low,102.0,0.0,50.0,0.0,94.0
6:00:00 AM,22,Saturday,heavy,196.0,15.999999999999979,36.66666666666668,39.99999999999994,34.0
6:15:00 AM,22,Saturday,heavy,230.0,49.99999999999997,8.333333333333359,124.99999999999993,0.0
6:30:00 AM,22,Saturday,heavy,196.0,15.999999999999979,36.66666666666668,39.99999999999994,7.0
6:45:00 AM,22,Saturday,heavy,203.0,23.0,30.833333333333336,57.5,18.0
7:00:00 AM,22,Saturday,heavy,221.0,40.999999999999986,15.833333333333343,102.49999999999996,0.0
7:15:00 AM,22,Saturday,heavy,201.0,20.999999999999986,32.500000000000014,52.499999999999964,5.0
7:30:00 AM,22,Saturday,heavy,206.0,25.999999999999993,28.33333333333334,64.99999999999997,0.0
7:45:00 AM,22,Saturday,heavy,186.0,5.9999999999999885,45.00000000000001,14.99999999999997,18.0
8:00:00 AM,22,Saturday,heavy,204.0,23.99999999999998,30.000000000000014,59.99999999999994,0.0
8:15:00 AM,22,Saturday,heavy,200.0,19.99999999999998,33.33333333333335,49.99999999999994,0.0
8:30:00 AM,22,Saturday,normal,159.0,0.0,50.0,0.0,57.0
8:45:00 AM,22,Saturday,heavy,216.0,35.99999999999998,20.000000000000018,89.99999999999994,0.0
9:00:00 AM,22,Saturday,normal,159.0,0.0,50.0,0.0,0.0
9:15:00 AM,22,Saturday,high,158.0,0.0,50.0,0.0,0.0
9:30:00 AM,22,Saturday,normal,88.0,0.0,50.0,0.0,0.0
9:45:00 AM,22,Saturday,low,73.0,0.0,50.0,0.0,35.0
10:00:00 AM,22,Saturday,normal,108.0,0.0,50.0,0.0,22.0
10:15:00 AM,22,Saturday,normal,130.0,0.0,50.0,0.0,0.0
10:30:00 AM,22,Saturday,normal,128.0,0.0,50.0,0.0,0.0
10:45:00 AM,22,Saturday,normal,106.0,0.0,50.0,0.0,0.0
11:00:00 AM,22,Saturday,normal,76.0,0.0,50.0,0.0,23.0
11:15:00 AM,22,Saturday,normal,99.0,0.0,50.0,0.0,2.0
11:30:00 AM,22,Saturday,normal,101.0,0.0,50.0,0.0,0.0
11:45:00 AM,22,Saturday,normal,81.0,0.0,50.0,0.0,16.0
12:00:00 PM,22,Saturday,normal,97.0,0.0,50.0,0.0,14.0
12:15:00 PM,22,Saturday,normal,111.0,0.0,50.0,0.0,0.0
12:30:00 PM,22,Saturday,normal,96.0,0.0,50.0,0.0,0.0
12:45:00 PM,22,Saturday,normal,75.0,0.0,50.0,0.0,5.0
1:00:00 PM,22,Saturday,normal,80.0,0.0,50.0,0.0,5.0
1:15:00 PM,22,Saturday,normal,85.0,0.0,50.0,0.0,82.0
1:30:00 PM,22,Saturday,normal,167.0,0.0,50.0,0.0,0.0
1:45:00 PM,22,Saturday,normal,149.0,0.0,50.0,0.0,0.0
2:00:00 PM,22,Saturday,normal,91.0,0.0,50.0,0.0,77.0
2:15:00 PM,22,Saturday,heavy,168.0,0.0,50.0,0.0,0.0
2:30:00 PM,22,Saturday,normal,128.0,0.0,50.0,0.0,0.0
2:45:00 PM,22,Saturday,normal,107.0,0.0,50.0,0.0,11.0
3:00:00 PM,22,Saturday,high,118.0,0.0,50.0,0.0,19.0
3:15:00 PM,22,Saturday,normal,137.0,0.0,50.0,0.0,36.0
3:30:00 PM,22,Saturday,heavy,173.0,0.0,50.0,0.0,0.0
3:45:00 PM,22,Saturday,normal,110.0,0.0,50.0,0.0,70.0
4:00:00 PM,22,Saturday,heavy,180.0,0.0,50.0,0.0,38.0
4:15:00 PM,22,Saturday,heavy,218.0,37.99999999999999,18.33333333333334,94.99999999999997,0.0
4:30:00 PM,22,Saturday,heavy,187.0,6.999999999999995,44.16666666666667,17.499999999999986,26.0
4:45:00 PM,22,Saturday,heavy,213.0,32.999999999999986,22.500000000000014,82.49999999999996,0.0
5:00:00 PM,22,Saturday,heavy,191.0,10.999999999999996,40.833333333333336,27.49999999999999,12.0
5:15:00 PM,22,Saturday,heavy,203.0,23.0,30.833333333333336,57.5,0.0
5:30:00 PM,22,Saturday,heavy,185.0,4.999999999999982,45.83333333333335,12.499999999999956,49.0
5:45:00 PM,22,Saturday,heavy,234.0,54.0,5.0,135.0,0.0
6:00:00 PM,22,Saturday,heavy,234.0,54.0,5.0,135.0,0.0
6:15:00 PM,22,Saturday,heavy,205.0,24.999999999999986,29.16666666666668,62.499999999999964,0.0
6:30:00 PM,22,Saturday,heavy,191.0,10.999999999999996,40.833333333333336,27.49999999999999,0.0
6:45:00 PM,22,Saturday,normal,146.0,0.0,50.0,0.0,0.0
7:00:00 PM,22,Saturday,normal,107.0,0.0,50.0,0.0,39.0
7:15:00 PM,22,Saturday,normal,146.0,0.0,50.0,0.0,0.0
7:30:00 PM,22,Saturday,normal,105.0,0.0,50.0,0.0,30.0
7:45:00 PM,22,Saturday,high,135.0,0.0,50.0,0.0,3.0
8:00:00 PM,22,Saturday,normal,138.0,0.0,50.0,0.0,7.0
8:15:00 PM,22,Saturday,normal,145.0,0.0,50.0,0.0,6.0
8:30:00 PM,22,Saturday,normal,151.0,0.0,50.0,0.0,0.0
8:45:00 PM,22,Saturday,normal,124.0,0.0,50.0,0.0,0.0
9:00:00 PM,22,Saturday,low,97.0,0.0,50.0,0.0,30.0
9:15:00 PM,22,Saturday,normal,127.0,0.0,50.0,0.0,0.0
9:30:00 PM,22,Saturday,normal,121.0,0.0,50.0,0.0,10.0
9:45:00 PM,22,Saturday,normal,131.0,0.0,50.0,0.0,0.0
10:00:00 PM,22,Saturday,normal,44.0,0.0,50.0,0.0,15.0
10:15:00 PM,22,Saturday,normal,59.0,0.0,50.0,0.0,0.0
10:30:00 PM,22,Saturday,normal,50.0,0.0,50.0,0.0,7.0
10:45:00 PM,22,Saturday,normal,57.0,0.0,50.0,0.0,0.0
11:00:00 PM,22,Saturday,normal,56.0,0.0,50.0,0.0,0.0
11:15:00 PM,22,Saturday,normal,34.0,0.0,50.0,0.0,14.0
11:30:00 PM,22,Saturday,normal,48.0,0.0,50.0,0.0,3.0
11:45:00 PM,22,Saturday,normal,51.0,0.0,50.0,0.0,0.0
12:00:00 AM,23,Monday,low,33.0,0.0,50.0,0.0,8.0
12:15:00 AM,23,Monday,normal,41.0,0.0,50.0,0.0,0.0
12:30:00 AM,23,Monday,low,25.0,0.0,50.0,0.0,16.0
12:45:00 AM,23,Monday,normal,41.0,0.0,50.0,0.0,0.0
1:00:00 AM,23,Monday,low,29.0,0.0,50.0,0.0,19.0
1:15:00 AM,23,Monday,normal,48.0,0.0,50.0,0.0,0.0
1:30:00 AM,23,Monday,low,31.0,0.0,50.0,0.0,0.0
1:45:00 AM,23,Monday,low,30.0,0.0,50.0,0.0,4.0
2:00:00 AM,23,Monday,normal,34.0,0.0,50.0,0.0,0.0
2:15:00 AM,23,Monday,low,31.0,0.0,50.0,0.0,20.0
2:30:00 AM,23,Monday,normal,51.0,0.0,50.0,0.0,0.0
2:45:00 AM,23,Monday,normal,32.0,0.0,50.0,0.0,6.0
3:00:00 AM,23,Monday,low,38.0,0.0,50.0,0.0,0.0
3:15:00 AM,23,Monday,low,33.0,0.0,50.0,0.0,18.0
3:30:00 AM,23,Monday,normal,51.0,0.0,50.0,0.0,4.0
3:45:00 AM,23,Monday,normal,55.0,0.0,50.0,0.0,0.0
4:00:00 AM,23,Monday,normal,49.0,0.0,50.0,0.0,74.0
4:15:00 AM,23,Monday,normal,123.0,0.0,50.0,0.0,0.0
4:30:00 AM,23,Monday,low,70.0,0.0,50.0,0.0,28.0
4:45:00 AM,23,Monday,low,98.0,0.0,50.0,0.0,0.0
5:00:00 AM,23,Monday,low,84.0,0.0,50.0,0.0,27.0
5:15:00 AM,23,Monday,low,111.0,0.0,50.0,0.0,22.0
5:30:00 AM,23,Monday,normal,133.0,0.0,50.0,0.0,22.0
5:45:00 AM,23,Monday,normal,155.0,0.0,50.0,0.0,33.0
6:00:00 AM,23,Monday,heavy,188.0,8.000000000000002,43.333333333333336,20.000000000000004,0.0
6:15:00 AM,23,Monday,heavy,186.0,5.9999999999999885,45.00000000000001,14.99999999999997,11.0
6:30:00 AM,23,Monday,heavy,197.0,16.999999999999986,35.83333333333334,42.499999999999964,0.0
6:45:00 AM,23,Monday,heavy,171.0,0.0,50.0,0.0,0.0
7:00:00 AM,23,Monday,normal,166.0,0.0,50.0,0.0,45.0
7:15:00 AM,23,Monday,heavy,211.0,31.0,24.166666666666664,77.5,0.0
7:30:00 AM,23,Monday,normal,160.0,0.0,50.0,0.0,34.0
7:45:00 AM,23,Monday,heavy,194.0,13.99999999999999,38.33333333333334,34.99999999999997,0.0
8:00:00 AM,23,Monday,normal,159.0,0.0,50.0,0.0,32.0
8:15:00 AM,23,Monday,heavy,191.0,10.999999999999996,40.833333333333336,27.49999999999999,12.0
8:30:00 AM,23,Monday,heavy,203.0,23.0,30.833333333333336,57.5,0.0
8:45:00 AM,23,Monday,heavy,169.0,0.0,50.0,0.0,22.0
9:00:00 AM,23,Monday,heavy,191.0,10.999999999999996,40.833333333333336,27.49999999999999,0.0
9:15:00 AM,23,Monday,high,129.0,0.0,50.0,0.0,36.0
9:30:00 AM,23,Monday,normal,165.0,0.0,50.0,0.0,0.0
9:45:00 AM,23,Monday,normal,106.0,0.0,50.0,0.0,0.0
10:00:00 AM,23,Monday,low,36.0,0.0,50.0,0.0,89.0
10:15:00 AM,23,Monday,normal,125.0,0.0,50.0,0.0,3.0
10:30:00 AM,23,Monday,normal,128.0,0.0,50.0,0.0,13.0
10:45:00 AM,23,Monday,high,141.0,0.0,50.0,0.0,0.0
11:00:00 AM,23,Monday,normal,94.0,0.0,50.0,0.0,0.0
11:15:00 AM,23,Monday,normal,70.0,0.0,50.0,0.0,22.0
11:30:00 AM,23,Monday,normal,92.0,0.0,50.0,0.0,0.0
11:45:00 AM,23,Monday,normal,92.0,0.0,50.0,0.0,3.0
12:00:00 PM,23,Monday,normal,95.0,0.0,50.0,0.0,14.0
12:15:00 PM,23,Monday,normal,109.0,0.0,50.0,0.0,0.0
12:30:00 PM,23,Monday,normal,72.0,0.0,50.0,0.0,13.0
12:45:00 PM,23,Monday,normal,85.0,0.0,50.0,0.0,20.0
1:00:00 PM,23,Monday,normal,105.0,0.0,50.0,0.0,62.0
1:15:00 PM,23,Monday,normal,167.0,0.0,50.0,0.0,0.0
1:30:00 PM,23,Monday,normal,143.0,0.0,50.0,0.0,0.0
1:45:00 PM,23,Monday,low,85.0,0.0,50.0,0.0,38.0
2:00:00 PM,23,Monday,normal,123.0,0.0,50.0,0.0,0.0
2:15:00 PM,23,Monday,high,120.0,0.0,50.0,0.0,8.0
2:30:00 PM,23,Monday,high,128.0,0.0,50.0,0.0,35.0
2:45:00 PM,23,Monday,high,163.0,0.0,50.0,0.0,0.0
3:00:00 PM,23,Monday,normal,61.0,0.0,50.0,0.0,21.0
3:15:00 PM,23,Monday,normal,82.0,0.0,50.0,0.0,0.0
3:30:00 PM,23,Monday,low,75.0,0.0,50.0,0.0,36.0
3:45:00 PM,23,Monday,normal,111.0,0.0,50.0,0.0,64.0
4:00:00 PM,23,Monday,heavy,175.0,0.0,50.0,0.0,0.0
4:15:00 PM,23,Monday,high,165.0,0.0,50.0,0.0,27.0
4:30:00 PM,23,Monday,heavy,192.0,12.000000000000002,40.0,30.000000000000004,0.0
4:45:00 PM,23,Monday,heavy,184.0,4.000000000000001,46.666666666666664,10.000000000000002,14.0
5:00:00 PM,23,Monday,heavy,198.0,17.99999999999999,35.00000000000001,44.99999999999997,0.0
5:15:00 PM,23,Monday,heavy,185.0,4.999999999999982,45.83333333333335,12.499999999999956,0.0
5:30:00 PM,23,Monday,heavy,170.0,0.0,50.0,0.0,7.0
5:45:00 PM,23,Monday,heavy,177.0,0.0,50.0,0.0,0.0
6:00:00 PM,23,Monday,heavy,177.0,0.0,50.0,0.0,29.0
6:15:00 PM,23,Monday,heavy,206.0,25.999999999999993,28.33333333333334,64.99999999999997,0.0
6:30:00 PM,23,Monday,heavy,193.0,12.999999999999984,39.166666666666686,32.49999999999996,0.0
6:45:00 PM,23,Monday,normal,95.0,0.0,50.0,0.0,20.0
7:00:00 PM,23,Monday,normal,115.0,0.0,50.0,0.0,0.0
7:15:00 PM,23,Monday,normal,104.0,0.0,50.0,0.0,0.0
7:30:00 PM,23,Monday,normal,103.0,0.0,50.0,0.0,61.0
7:45:00 PM,23,Monday,high,164.0,0.0,50.0,0.0,0.0
8:00:00 PM,23,Monday,normal,117.0,0.0,50.0,0.0,0.0
8:15:00 PM,23,Monday,low,85.0,0.0,50.0,0.0,37.0
8:30:00 PM,23,Monday,high,122.0,0.0,50.0,0.0,32.0
8:45:00 PM,23,Monday,normal,154.0,0.0,50.0,0.0,0.0
9:00:00 PM,23,Monday,high,136.0,0.0,50.0,0.0,0.0
9:15:00 PM,23,Monday,normal,122.0,0.0,50.0,0.0,15.0
9:30:00 PM,23,Monday,normal,137.0,0.0,50.0,0.0,21.0
9:45:00 PM,23,Monday,high,158.0,0.0,50.0,0.0,0.0
10:00:00 PM,23,Monday,low,32.0,0.0,50.0,0.0,23.0
10:15:00 PM,23,Monday,normal,55.0,0.0,50.0,0.0,0.0
10:30:00 PM,23,Monday,normal,34.0,0.0,50.0,0.0,0.0
10:45:00 PM,23,Monday,normal,31.0,0.0,50.0,0.0,18.0
11:00:00 PM,23,Monday,normal,49.0,0.0,50.0,0.0,0.0
11:15:00 PM,23,Monday,low,29.0,0.0,50.0,0.0,17.0
11:30:00 PM,23,Monday,normal,46.0,0.0,50.0,0.0,6.0
11:45:00 PM,23,Monday,normal,52.0,0.0,50.0,0.0,0.0
12:00:00 AM,24,Tuesday,low,37.0,0.0,50.0,0.0,25.0
12:15:00 AM,24,Tuesday,normal,62.0,0.0,50.0,0.0,0.0
12:30:00 AM,24,Tuesday,normal,56.0,0.0,50.0,0.0,0.0
12:45:00 AM,24,Tuesday,normal,43.0,0.0,50.0,0.0,0.0
1:00:00 AM,24,Tuesday,low,27.0,0.0,50.0,0.0,33.0
1:15:00 AM,24,Tuesday,normal,60.0,0.0,50.0,0.0,0.0
1:30:00 AM,24,Tuesday,normal,42.0,0.0,50.0,0.0,4.0
1:45:00 AM,24,Tuesday,normal,46.0,0.0,50.0,0.0,9.0
2:00:00 AM,24,Tuesday,normal,55.0,0.0,50.0,0.0,0.0
2:15:00 AM,24,Tuesday,normal,46.0,0.0,50.0,0.0,0.0
2:30:00 AM,24,Tuesday,low,37.0,0.0,50.0,0.0,3.0
2:45:00 AM,24,Tuesday,normal,40.0,0.0,50.0,0.0,1.0
3:00:00 AM,24,Tuesday,low,41.0,0.0,50.0,0.0,0.0
3:15:00 AM,24,Tuesday,low,25.0,0.0,50.0,0.0,0.0
3:30:00 AM,24,Tuesday,low,21.0,0.0,50.0,0.0,37.0
3:45:00 AM,24,Tuesday,normal,58.0,0.0,50.0,0.0,0.0
4:00:00 AM,24,Tuesday,low,23.0,0.0,50.0,0.0,72.0
4:15:00 AM,24,Tuesday,low,95.0,0.0,50.0,0.0,38.0
4:30:00 AM,24,Tuesday,normal,133.0,0.0,50.0,0.0,0.0
4:45:00 AM,24,Tuesday,normal,116.0,0.0,50.0,0.0,47.0
5:00:00 AM,24,Tuesday,normal,163.0,0.0,50.0,0.0,0.0
5:15:00 AM,24,Tuesday,low,109.0,0.0,50.0,0.0,36.0
5:30:00 AM,24,Tuesday,normal,145.0,0.0,50.0,0.0,0.0
5:45:00 AM,24,Tuesday,low,101.0,0.0,50.0,0.0,86.0
6:00:00 AM,24,Tuesday,heavy,187.0,6.999999999999995,44.16666666666667,17.499999999999986,0.0
6:15:00 AM,24,Tuesday,heavy,181.0,0.9999999999999815,49.16666666666668,2.4999999999999534,0.0
6:30:00 AM,24,Tuesday,heavy,170.0,0.0,50.0,0.0,15.0
6:45:00 AM,24,Tuesday,heavy,185.0,4.999999999999982,45.83333333333335,12.499999999999956,0.0
7:00:00 AM,24,Tuesday,heavy,173.0,0.0,50.0,0.0,56.0
7:15:00 AM,24,Tuesday,heavy,229.0,48.999999999999964,9.166666666666694,122.4999999999999,0.0
7:30:00 AM,24,Tuesday,normal,166.0,0.0,50.0,0.0,0.0
7:45:00 AM,24,Tuesday,normal,139.0,0.0,50.0,0.0,64.0
8:00:00 AM,24,Tuesday,heavy,203.0,23.0,30.833333333333336,57.5,0.0
8:15:00 AM,24,Tuesday,heavy,193.0,12.999999999999984,39.166666666666686,32.49999999999996,0.0
8:30:00 AM,24,Tuesday,heavy,190.0,9.99999999999999,41.66666666666667,24.99999999999997,0.0
8:45:00 AM,24,Tuesday,high,163.0,0.0,50.0,0.0,14.0
9:00:00 AM,24,Tuesday,heavy,177.0,0.0,50.0,0.0,0.0
9:15:00 AM,24,Tuesday,normal,72.0,0.0,50.0,0.0,6.0
9:30:00 AM,24,Tuesday,low,78.0,0.0,50.0,0.0,6.0
9:45:00 AM,24,Tuesday,normal,84.0,0.0,50.0,0.0,67.0
10:00:00 AM,24,Tuesday,high,151.0,0.0,50.0,0.0,0.0
10:15:00 AM,24,Tuesday,normal,126.0,0.0,50.0,0.0,0.0
10:30:00 AM,24,Tuesday,normal,114.0,0.0,50.0,0.0,5.0
10:45:00 AM,24,Tuesday,normal,119.0,0.0,50.0,0.0,0.0
11:00:00 AM,24,Tuesday,normal,98.0,0.0,50.0,0.0,0.0
11:15:00 AM,24,Tuesday,normal,95.0,0.0,50.0,0.0,0.0
11:30:00 AM,24,Tuesday,normal,80.0,0.0,50.0,0.0,23.0
11:45:00 AM,24,Tuesday,normal,103.0,0.0,50.0,0.0,0.0
12:00:00 PM,24,Tuesday,normal,67.0,0.0,50.0,0.0,0.0
12:15:00 PM,24,Tuesday,normal,61.0,0.0,50.0,0.0,19.0
12:30:00 PM,24,Tuesday,normal,80.0,0.0,50.0,0.0,1.0
12:45:00 PM,24,Tuesday,normal,81.0,0.0,50.0,0.0,8.0
1:00:00 PM,24,Tuesday,normal,89.0,0.0,50.0,0.0,8.0
1:15:00 PM,24,Tuesday,normal,97.0,0.0,50.0,0.0,83.0
1:30:00 PM,24,Tuesday,heavy,180.0,0.0,50.0,0.0,0.0
1:45:00 PM,24,Tuesday,high,114.0,0.0,50.0,0.0,28.0
2:00:00 PM,24,Tuesday,high,142.0,0.0,50.0,0.0,0.0
2:15:00 PM,24,Tuesday,normal,112.0,0.0,50.0,0.0,0.0
2:30:00 PM,24,Tuesday,normal,111.0,0.0,50.0,0.0,0.0
2:45:00 PM,24,Tuesday,normal,60.0,0.0,50.0,0.0,35.0
3:00:00 PM,24,Tuesday,low,95.0,0.0,50.0,0.0,77.0
3:15:00 PM,24,Tuesday,heavy,172.0,0.0,50.0,0.0,0.0
3:30:00 PM,24,Tuesday,low,94.0,0.0,50.0,0.0,37.0
3:45:00 PM,24,Tuesday,normal,131.0,0.0,50.0,0.0,44.0
4:00:00 PM,24,Tuesday,heavy,175.0,0.0,50.0,0.0,7.0
4:15:00 PM,24,Tuesday,heavy,182.0,1.999999999999988,48.33333333333334,4.99999999999997,0.0
4:30:00 PM,24,Tuesday,heavy,180.0,0.0,50.0,0.0,0.0
4:45:00 PM,24,Tuesday,high,153.0,0.0,50.0,0.0,46.0
5:00:00 PM,24,Tuesday,heavy,199.0,18.999999999999996,34.166666666666664,47.499999999999986,0.0
5:15:00 PM,24,Tuesday,heavy,182.0,1.999999999999988,48.33333333333334,4.99999999999997,8.0
5:30:00 PM,24,Tuesday,heavy,190.0,9.99999999999999,41.66666666666667,24.99999999999997,13.0
5:45:00 PM,24,Tuesday,heavy,203.0,23.0,30.833333333333336,57.5,0.0
6:00:00 PM,24,Tuesday,heavy,173.0,0.0,50.0,0.0,0.0
6:15:00 PM,24,Tuesday,high,166.0,0.0,50.0,0.0,32.0
6:30:00 PM,24,Tuesday,heavy,198.0,17.99999999999999,35.00000000000001,44.99999999999997,0.0
6:45:00 PM,24,Tuesday,high,134.0,0.0,50.0,0.0,0.0
7:00:00 PM,24,Tuesday,normal,115.0,0.0,50.0,0.0,15.0
7:15:00 PM,24,Tuesday,normal,130.0,0.0,50.0,0.0,13.0
7:30:00 PM,24,Tuesday,high,143.0,0.0,50.0,0.0,4.0
7:45:00 PM,24,Tuesday,high,147.0,0.0,50.0,0.0,0.0
8:00:00 PM,24,Tuesday,high,133.0,0.0,50.0,0.0,0.0
8:15:00 PM,24,Tuesday,normal,129.0,0.0,50.0,0.0,0.0
8:30:00 PM,24,Tuesday,normal,126.0,0.0,50.0,0.0,0.0
8:45:00 PM,24,Tuesday,normal,101.0,0.0,50.0,0.0,67.0
9:00:00 PM,24,Tuesday,heavy,168.0,0.0,50.0,0.0,0.0
9:15:00 PM,24,Tuesday,low,106.0,0.0,50.0,0.0,31.0
9:30:00 PM,24,Tuesday,normal,137.0,0.0,50.0,0.0,24.0
9:45:00 PM,24,Tuesday,high,161.0,0.0,50.0,0.0,0.0
10:00:00 PM,24,Tuesday,normal,44.0,0.0,50.0,0.0,0.0
10:15:00 PM,24,Tuesday,low,25.0,0.0,50.0,0.0,21.0
10:30:00 PM,24,Tuesday,normal,46.0,0.0,50.0,0.0,3.0
10:45:00 PM,24,Tuesday,normal,49.0,0.0,50.0,0.0,0.0
11:00:00 PM,24,Tuesday,normal,49.0,0.0,50.0,0.0,0.0
11:15:00 PM,24,Tuesday,normal,47.0,0.0,50.0,0.0,0.0
11:30:00 PM,24,Tuesday,normal,46.0,0.0,50.0,0.0,0.0
11:45:00 PM,24,Tuesday,normal,39.0,0.0,50.0,0.0,1.0
12:00:00 AM,25,Wednesday,normal,40.0,0.0,50.0,0.0,0.0
12:15:00 AM,25,Wednesday,low,24.0,0.0,50.0,0.0,13.0
12:30:00 AM,25,Wednesday,normal,37.0,0.0,50.0,0.0,10.0
12:45:00 AM,25,Wednesday,normal,47.0,0.0,50.0,0.0,0.0
1:00:00 AM,25,Wednesday,low,30.0,0.0,50.0,0.0,30.0
1:15:00 AM,25,Wednesday,normal,60.0,0.0,50.0,0.0,0.0
1:30:00 AM,25,Wednesday,low,32.0,0.0,50.0,0.0,30.0
1:45:00 AM,25,Wednesday,normal,62.0,0.0,50.0,0.0,0.0
2:00:00 AM,25,Wednesday,low,32.0,0.0,50.0,0.0,11.0
2:15:00 AM,25,Wednesday,normal,43.0,0.0,50.0,0.0,6.0
2:30:00 AM,25,Wednesday,normal,49.0,0.0,50.0,0.0,1.0
2:45:00 AM,25,Wednesday,normal,50.0,0.0,50.0,0.0,2.0
3:00:00 AM,25,Wednesday,normal,52.0,0.0,50.0,0.0,5.0
3:15:00 AM,25,Wednesday,normal,57.0,0.0,50.0,0.0,2.0
3:30:00 AM,25,Wednesday,normal,59.0,0.0,50.0,0.0,0.0
3:45:00 AM,25,Wednesday,normal,55.0,0.0,50.0,0.0,4.0
4:00:00 AM,25,Wednesday,normal,59.0,0.0,50.0,0.0,64.0
4:15:00 AM,25,Wednesday,normal,123.0,0.0,50.0,0.0,7.0
4:30:00 AM,25,Wednesday,normal,130.0,0.0,50.0,0.0,27.0
4:45:00 AM,25,Wednesday,normal,157.0,0.0,50.0,0.0,0.0
5:00:00 AM,25,Wednesday,normal,113.0,0.0,50.0,0.0,10.0
5:15:00 AM,25,Wednesday,normal,123.0,0.0,50.0,0.0,0.0
5:30:00 AM,25,Wednesday,low,93.0,0.0,50.0,0.0,0.0
5:45:00 AM,25,Wednesday,low,90.0,0.0,50.0,0.0,103.0
6:00:00 AM,25,Wednesday,heavy,193.0,12.999999999999984,39.166666666666686,32.49999999999996,0.0
6:15:00 AM,25,Wednesday,heavy,181.0,0.9999999999999815,49.16666666666668,2.4999999999999534,21.0
6:30:00 AM,25,Wednesday,heavy,202.0,21.999999999999993,31.666666666666675,54.99999999999998,0.0
6:45:00 AM,25,Wednesday,heavy,195.0,14.999999999999996,37.5,37.499999999999986,0.0
7:00:00 AM,25,Wednesday,heavy,188.0,8.000000000000002,43.333333333333336,20.000000000000004,15.0
7:15:00 AM,25,Wednesday,heavy,203.0,23.0,30.833333333333336,57.5,0.0
7:30:00 AM,25,Wednesday,heavy,182.0,1.999999999999988,48.33333333333334,4.99999999999997,0.0
7:45:00 AM,25,Wednesday,normal,144.0,0.0,50.0,0.0,33.0
8:00:00 AM,25,Wednesday,heavy,177.0,0.0,50.0,0.0,3.0
8:15:00 AM,25,Wednesday,heavy,180.0,0.0,50.0,0.0,11.0
8:30:00 AM,25,Wednesday,heavy,191.0,10.999999999999996,40.833333333333336,27.49999999999999,0.0
8:45:00 AM,25,Wednesday,heavy,182.0,1.999999999999988,48.33333333333334,4.99999999999997,4.0
9:00:00 AM,25,Wednesday,heavy,186.0,5.9999999999999885,45.00000000000001,14.99999999999997,0.0
9:15:00 AM,25,Wednesday,high,160.0,0.0,50.0,0.0,0.0
9:30:00 AM,25,Wednesday,normal,121.0,0.0,50.0,0.0,0.0
9:45:00 AM,25,Wednesday,normal,99.0,0.0,50.0,0.0,0.0
10:00:00 AM,25,Wednesday,normal,67.0,0.0,50.0,0.0,23.0
10:15:00 AM,25,Wednesday,normal,90.0,0.0,50.0,0.0,50.0
10:30:00 AM,25,Wednesday,normal,140.0,0.0,50.0,0.0,0.0
10:45:00 AM,25,Wednesday,normal,88.0,0.0,50.0,0.0,0.0
11:00:00 AM,25,Wednesday,normal,66.0,0.0,50.0,0.0,10.0
11:15:00 AM,25,Wednesday,normal,76.0,0.0,50.0,0.0,16.0
11:30:00 AM,25,Wednesday,normal,92.0,0.0,50.0,0.0,18.0
11:45:00 AM,25,Wednesday,normal,110.0,0.0,50.0,0.0,0.0
12:00:00 PM,25,Wednesday,normal,103.0,0.0,50.0,0.0,0.0
12:15:00 PM,25,Wednesday,normal,98.0,0.0,50.0,0.0,6.0
12:30:00 PM,25,Wednesday,normal,104.0,0.0,50.0,0.0,0.0
12:45:00 PM,25,Wednesday,normal,59.0,0.0,50.0,0.0,30.0
1:00:00 PM,25,Wednesday,normal,89.0,0.0,50.0,0.0,4.0
1:15:00 PM,25,Wednesday,low,93.0,0.0,50.0,0.0,33.0
1:30:00 PM,25,Wednesday,normal,126.0,0.0,50.0,0.0,0.0
1:45:00 PM,25,Wednesday,normal,77.0,0.0,50.0,0.0,2.0
2:00:00 PM,25,Wednesday,low,79.0,0.0,50.0,0.0,0.0
2:15:00 PM,25,Wednesday,normal,69.0,0.0,50.0,0.0,93.0
2:30:00 PM,25,Wednesday,high,162.0,0.0,50.0,0.0,10.0
2:45:00 PM,25,Wednesday,heavy,172.0,0.0,50.0,0.0,0.0
3:00:00 PM,25,Wednesday,high,147.0,0.0,50.0,0.0,0.0
3:15:00 PM,25,Wednesday,normal,119.0,0.0,50.0,0.0,0.0
3:30:00 PM,25,Wednesday,low,101.0,0.0,50.0,0.0,43.0
3:45:00 PM,25,Wednesday,normal,144.0,0.0,50.0,0.0,65.0
4:00:00 PM,25,Wednesday,heavy,209.0,28.999999999999986,25.833333333333343,72.49999999999996,0.0
4:15:00 PM,25,Wednesday,heavy,185.0,4.999999999999982,45.83333333333335,12.499999999999956,0.0
4:30:00 PM,25,Wednesday,high,160.0,0.0,50.0,0.0,50.0
4:45:00 PM,25,Wednesday,heavy,210.0,29.999999999999993,25.000000000000007,74.99999999999997,0.0
5:00:00 PM,25,Wednesday,heavy,195.0,14.999999999999996,37.5,37.499999999999986,15.0
5:15:00 PM,25,Wednesday,heavy,210.0,29.999999999999993,25.000000000000007,74.99999999999997,0.0
5:30:00 PM,25,Wednesday,heavy,195.0,14.999999999999996,37.5,37.499999999999986,0.0
5:45:00 PM,25,Wednesday,high,162.0,0.0,50.0,0.0,0.0
6:00:00 PM,25,Wednesday,high,160.0,0.0,50.0,0.0,49.0
6:15:00 PM,25,Wednesday,heavy,209.0,28.999999999999986,25.833333333333343,72.49999999999996,11.0
6:30:00 PM,25,Wednesday,heavy,220.0,39.999999999999986,16.66666666666668,99.99999999999996,0.0
6:45:00 PM,25,Wednesday,normal,124.0,0.0,50.0,0.0,0.0
7:00:00 PM,25,Wednesday,low,104.0,0.0,50.0,0.0,45.0
7:15:00 PM,25,Wednesday,normal,149.0,0.0,50.0,0.0,0.0
7:30:00 PM,25,Wednesday,normal,116.0,0.0,50.0,0.0,0.0
7:45:00 PM,25,Wednesday,normal,100.0,0.0,50.0,0.0,56.0
8:00:00 PM,25,Wednesday,high,156.0,0.0,50.0,0.0,0.0
8:15:00 PM,25,Wednesday,low,105.0,0.0,50.0,0.0,9.0
8:30:00 PM,25,Wednesday,normal,114.0,0.0,50.0,0.0,0.0
8:45:00 PM,25,Wednesday,low,100.0,0.0,50.0,0.0,16.0
9:00:00 PM,25,Wednesday,normal,116.0,0.0,50.0,0.0,6.0
9:15:00 PM,25,Wednesday,normal,122.0,0.0,50.0,0.0,41.0
9:30:00 PM,25,Wednesday,high,163.0,0.0,50.0,0.0,0.0
9:45:00 PM,25,Wednesday,high,157.0,0.0,50.0,0.0,0.0
10:00:00 PM,25,Wednesday,low,36.0,0.0,50.0,0.0,0.0
10:15:00 PM,25,Wednesday,low,29.0,0.0,50.0,0.0,26.0
10:30:00 PM,25,Wednesday,normal,55.0,0.0,50.0,0.0,0.0
10:45:00 PM,25,Wednesday,normal,47.0,0.0,50.0,0.0,0.0
11:00:00 PM,25,Wednesday,low,32.0,0.0,50.0,0.0,10.0
11:15:00 PM,25,Wednesday,normal,42.0,0.0,50.0,0.0,0.0
11:30:00 PM,25,Wednesday,normal,42.0,0.0,50.0,0.0,9.0
11:45:00 PM,25,Wednesday,normal,51.0,0.0,50.0,0.0,0.0
12:00:00 AM,26,Thursday,normal,44.0,0.0,50.0,0.0,5.0
12:15:00 AM,26,Thursday,normal,49.0,0.0,50.0,0.0,0.0
12:30:00 AM,26,Thursday,low,28.0,0.0,50.0,0.0,19.0
12:45:00 AM,26,Thursday,normal,47.0,0.0,50.0,0.0,8.0
1:00:00 AM,26,Thursday,normal,55.0,0.0,50.0,0.0,0.0
1:15:00 AM,26,Thursday,normal,47.0,0.0,50.0,0.0,0.0
1:30:00 AM,26,Thursday,normal,40.0,0.0,50.0,0.0,0.0
1:45:00 AM,26,Thursday,low,31.0,0.0,50.0,0.0,26.0
2:00:00 AM,26,Thursday,normal,57.0,0.0,50.0,0.0,0.0
2:15:00 AM,26,Thursday,normal,41.0,0.0,50.0,0.0,3.0
2:30:00 AM,26,Thursday,normal,44.0,0.0,50.0,0.0,11.0
2:45:00 AM,26,Thursday,normal,55.0,0.0,50.0,0.0,0.0
3:00:00 AM,26,Thursday,normal,42.0,0.0,50.0,0.0,4.0
3:15:00 AM,26,Thursday,normal,46.0,0.0,50.0,0.0,0.0
3:30:00 AM,26,Thursday,normal,40.0,0.0,50.0,0.0,14.0
3:45:00 AM,26,Thursday,normal,54.0,0.0,50.0,0.0,4.0
4:00:00 AM,26,Thursday,normal,58.0,0.0,50.0,0.0,80.0
4:15:00 AM,26,Thursday,normal,138.0,0.0,50.0,0.0,0.0
4:30:00 AM,26,Thursday,normal,120.0,0.0,50.0,0.0,0.0
4:45:00 AM,26,Thursday,low,94.0,0.0,50.0,0.0,0.0
5:00:00 AM,26,Thursday,low,81.0,0.0,50.0,0.0,20.0
5:15:00 AM,26,Thursday,low,101.0,0.0,50.0,0.0,0.0
5:30:00 AM,26,Thursday,low,85.0,0.0,50.0,0.0,6.0
5:45:00 AM,26,Thursday,low,91.0,0.0,50.0,0.0,92.0
6:00:00 AM,26,Thursday,heavy,183.0,2.9999999999999942,47.5,7.499999999999985,28.0
6:15:00 AM,26,Thursday,heavy,211.0,31.0,24.166666666666664,77.5,0.0
6:30:00 AM,26,Thursday,heavy,185.0,4.999999999999982,45.83333333333335,12.499999999999956,12.0
6:45:00 AM,26,Thursday,heavy,197.0,16.999999999999986,35.83333333333334,42.499999999999964,0.0
7:00:00 AM,26,Thursday,heavy,197.0,16.999999999999986,35.83333333333334,42.499999999999964,0.0
7:15:00 AM,26,Thursday,heavy,181.0,0.9999999999999815,49.16666666666668,2.4999999999999534,0.0
7:30:00 AM,26,Thursday,high,164.0,0.0,50.0,0.0,22.0
7:45:00 AM,26,Thursday,heavy,186.0,5.9999999999999885,45.00000000000001,14.99999999999997,20.0
8:00:00 AM,26,Thursday,heavy,206.0,25.999999999999993,28.33333333333334,64.99999999999997,0.0
8:15:00 AM,26,Thursday,high,164.0,0.0,50.0,0.0,70.0
8:30:00 AM,26,Thursday,heavy,234.0,54.0,5.0,135.0,0.0
8:45:00 AM,26,Thursday,heavy,191.0,10.999999999999996,40.833333333333336,27.49999999999999,2.0
9:00:00 AM,26,Thursday,heavy,193.0,12.999999999999984,39.166666666666686,32.49999999999996,0.0
9:15:00 AM,26,Thursday,normal,108.0,0.0,50.0,0.0,0.0
9:30:00 AM,26,Thursday,low,66.0,0.0,50.0,0.0,52.0
9:45:00 AM,26,Thursday,normal,118.0,0.0,50.0,0.0,30.0
10:00:00 AM,26,Thursday,high,148.0,0.0,50.0,0.0,0.0
10:15:00 AM,26,Thursday,normal,124.0,0.0,50.0,0.0,0.0
10:30:00 AM,26,Thursday,normal,83.0,0.0,50.0,0.0,0.0
10:45:00 AM,26,Thursday,normal,58.0,0.0,50.0,0.0,40.0
11:00:00 AM,26,Thursday,normal,98.0,0.0,50.0,0.0,0.0
11:15:00 AM,26,Thursday,normal,94.0,0.0,50.0,0.0,0.0
11:30:00 AM,26,Thursday,normal,79.0,0.0,50.0,0.0,2.0
11:45:00 AM,26,Thursday,normal,81.0,0.0,50.0,0.0,22.0
12:00:00 PM,26,Thursday,normal,103.0,0.0,50.0,0.0,10.0
12:15:00 PM,26,Thursday,normal,113.0,0.0,50.0,0.0,0.0
12:30:00 PM,26,Thursday,normal,78.0,0.0,50.0,0.0,3.0
12:45:00 PM,26,Thursday,normal,81.0,0.0,50.0,0.0,0.0
1:00:00 PM,26,Thursday,normal,55.0,0.0,50.0,0.0,83.0
1:15:00 PM,26,Thursday,normal,138.0,0.0,50.0,0.0,16.0
1:30:00 PM,26,Thursday,high,154.0,0.0,50.0,0.0,0.0
1:45:00 PM,26,Thursday,low,95.0,0.0,50.0,0.0,14.0
2:00:00 PM,26,Thursday,normal,109.0,0.0,50.0,0.0,29.0
2:15:00 PM,26,Thursday,high,138.0,0.0,50.0,0.0,4.0
2:30:00 PM,26,Thursday,normal,142.0,0.0,50.0,0.0,0.0
2:45:00 PM,26,Thursday,high,133.0,0.0,50.0,0.0,0.0
3:00:00 PM,26,Thursday,normal,123.0,0.0,50.0,0.0,0.0
3:15:00 PM,26,Thursday,normal,106.0,0.0,50.0,0.0,0.0
3:30:00 PM,26,Thursday,normal,90.0,0.0,50.0,0.0,0.0
3:45:00 PM,26,Thursday,normal,64.0,0.0,50.0,0.0,135.0
4:00:00 PM,26,Thursday,heavy,199.0,18.999999999999996,34.166666666666664,47.499999999999986,0.0
4:15:00 PM,26,Thursday,heavy,180.0,0.0,50.0,0.0,28.0
4:30:00 PM,26,Thursday,heavy,208.0,27.99999999999998,26.666666666666682,69.99999999999994,0.0
4:45:00 PM,26,Thursday,heavy,172.0,0.0,50.0,0.0,26.0
5:00:00 PM,26,Thursday,heavy,198.0,17.99999999999999,35.00000000000001,44.99999999999997,6.0
5:15:00 PM,26,Thursday,heavy,204.0,23.99999999999998,30.000000000000014,59.99999999999994,0.0
5:30:00 PM,26,Thursday,heavy,194.0,13.99999999999999,38.33333333333334,34.99999999999997,8.0
5:45:00 PM,26,Thursday,heavy,202.0,21.999999999999993,31.666666666666675,54.99999999999998,18.0
6:00:00 PM,26,Thursday,heavy,220.0,39.999999999999986,16.66666666666668,99.99999999999996,0.0
6:15:00 PM,26,Thursday,heavy,185.0,4.999999999999982,45.83333333333335,12.499999999999956,22.0
6:30:00 PM,26,Thursday,heavy,207.0,27.0,27.500000000000004,67.5,0.0
6:45:00 PM,26,Thursday,normal,134.0,0.0,50.0,0.0,18.0
7:00:00 PM,26,Thursday,normal,152.0,0.0,50.0,0.0,0.0
7:15:00 PM,26,Thursday,normal,128.0,0.0,50.0,0.0,10.0
7:30:00 PM,26,Thursday,normal,138.0,0.0,50.0,0.0,2.0
7:45:00 PM,26,Thursday,normal,140.0,0.0,50.0,0.0,0.0
8:00:00 PM,26,Thursday,normal,136.0,0.0,50.0,0.0,1.0
8:15:00 PM,26,Thursday,normal,137.0,0.0,50.0,0.0,22.0
8:30:00 PM,26,Thursday,normal,159.0,0.0,50.0,0.0,0.0
8:45:00 PM,26,Thursday,normal,150.0,0.0,50.0,0.0,8.0
9:00:00 PM,26,Thursday,normal,158.0,0.0,50.0,0.0,0.0
9:15:00 PM,26,Thursday,normal,136.0,0.0,50.0,0.0,0.0
9:30:00 PM,26,Thursday,normal,119.0,0.0,50.0,0.0,44.0
9:45:00 PM,26,Thursday,high,163.0,0.0,50.0,0.0,0.0
10:00:00 PM,26,Thursday,low,39.0,0.0,50.0,0.0,13.0
10:15:00 PM,26,Thursday,normal,52.0,0.0,50.0,0.0,3.0
10:30:00 PM,26,Thursday,normal,55.0,0.0,50.0,0.0,0.0
10:45:00 PM,26,Thursday,low,36.0,0.0,50.0,0.0,8.0
11:00:00 PM,26,Thursday,normal,44.0,0.0,50.0,0.0,3.0
11:15:00 PM,26,Thursday,normal,47.0,0.0,50.0,0.0,0.0
11:30:00 PM,26,Thursday,low,32.0,0.0,50.0,0.0,1.0
11:45:00 PM,26,Thursday,low,33.0,0.0,50.0,0.0,14.0
12:00:00 AM,27,Friday,normal,47.0,0.0,50.0,0.0,0.0
12:15:00 AM,27,Friday,normal,44.0,0.0,50.0,0.0,2.0
12:30:00 AM,27,Friday,normal,46.0,0.0,50.0,0.0,0.0
12:45:00 AM,27,Friday,low,34.0,0.0,50.0,0.0,7.0
1:00:00 AM,27,Friday,normal,41.0,0.0,50.0,0.0,6.0
1:15:00 AM,27,Friday,normal,47.0,0.0,50.0,0.0,0.0
1:30:00 AM,27,Friday,low,39.0,0.0,50.0,0.0,0.0
1:45:00 AM,27,Friday,low,30.0,0.0,50.0,0.0,28.0
2:00:00 AM,27,Friday,normal,58.0,0.0,50.0,0.0,0.0
2:15:00 AM,27,Friday,normal,50.0,0.0,50.0,0.0,0.0
2:30:00 AM,27,Friday,low,23.0,0.0,50.0,0.0,28.0
2:45:00 AM,27,Friday,normal,51.0,0.0,50.0,0.0,0.0
3:00:00 AM,27,Friday,low,43.0,0.0,50.0,0.0,0.0
3:15:00 AM,27,Friday,low,26.0,0.0,50.0,0.0,11.0
3:30:00 AM,27,Friday,low,37.0,0.0,50.0,0.0,7.0
3:45:00 AM,27,Friday,normal,44.0,0.0,50.0,0.0,6.0
4:00:00 AM,27,Friday,normal,50.0,0.0,50.0,0.0,18.0
4:15:00 AM,27,Friday,low,68.0,0.0,50.0,0.0,0.0
4:30:00 AM,27,Friday,low,53.0,0.0,50.0,0.0,54.0
4:45:00 AM,27,Friday,low,107.0,0.0,50.0,0.0,8.0
5:00:00 AM,27,Friday,normal,115.0,0.0,50.0,0.0,0.0
5:15:00 AM,27,Friday,low,86.0,0.0,50.0,0.0,23.0
5:30:00 AM,27,Friday,low,109.0,0.0,50.0,0.0,5.0
5:45:00 AM,27,Friday,normal,114.0,0.0,50.0,0.0,0.0
6:00:00 AM,27,Friday,low,103.0,0.0,50.0,0.0,0.0
6:15:00 AM,27,Friday,low,87.0,0.0,50.0,0.0,8.0
6:30:00 AM,27,Friday,low,95.0,0.0,50.0,0.0,11.0
6:45:00 AM,27,Friday,low,106.0,0.0,50.0,0.0,0.0
7:00:00 AM,27,Friday,low,59.0,0.0,50.0,0.0,32.0
7:15:00 AM,27,Friday,low,91.0,0.0,50.0,0.0,0.0
7:30:00 AM,27,Friday,low,56.0,0.0,50.0,0.0,27.0
7:45:00 AM,27,Friday,low,83.0,0.0,50.0,0.0,0.0
8:00:00 AM,27,Friday,low,62.0,0.0,50.0,0.0,0.0
8:15:00 AM,27,Friday,low,61.0,0.0,50.0,0.0,1.0
8:30:00 AM,27,Friday,low,62.0,0.0,50.0,0.0,19.0
8:45:00 AM,27,Friday,low,81.0,0.0,50.0,0.0,0.0
9:00:00 AM,27,Friday,low,66.0,0.0,50.0,0.0,169.0
9:15:00 AM,27,Friday,heavy,235.0,55.00000000000001,5.0,137.5,44.0
9:30:00 AM,27,Friday,heavy,279.0,60.0,5.0,150.0,0.0
9:45:00 AM,27,Friday,heavy,216.0,35.99999999999998,20.000000000000018,89.99999999999994,41.0
10:00:00 AM,27,Friday,heavy,257.0,60.0,5.0,150.0,0.0
10:15:00 AM,27,Friday,heavy,204.0,23.99999999999998,30.000000000000014,59.99999999999994,68.0
10:30:00 AM,27,Friday,heavy,272.0,60.0,5.0,150.0,0.0
10:45:00 AM,27,Friday,heavy,238.0,57.99999999999997,5.0,144.99999999999991,12.0
11:00:00 AM,27,Friday,heavy,250.0,60.0,5.0,150.0,0.0
11:15:00 AM,27,Friday,heavy,240.0,59.999999999999986,5.0,149.99999999999994,0.0
11:30:00 AM,27,Friday,heavy,234.0,54.0,5.0,135.0,0.0
11:45:00 AM,27,Friday,heavy,226.0,46.0,11.666666666666664,115.0,0.0
12:00:00 PM,27,Friday,heavy,211.0,31.0,24.166666666666664,77.5,14.0
12:15:00 PM,27,Friday,heavy,225.0,44.99999999999999,12.500000000000005,112.49999999999997,2.0
12:30:00 PM,27,Friday,heavy,227.0,47.0,10.833333333333334,117.5,0.0
12:45:00 PM,27,Friday,heavy,227.0,47.0,10.833333333333334,117.5,0.0
1:00:00 PM,27,Friday,heavy,209.0,28.999999999999986,25.833333333333343,72.49999999999996,23.0
1:15:00 PM,27,Friday,heavy,232.0,51.999999999999986,6.666666666666677,129.99999999999994,0.0
1:30:00 PM,27,Friday,heavy,221.0,40.999999999999986,15.833333333333343,102.49999999999996,12.0
1:45:00 PM,27,Friday,heavy,233.0,52.99999999999999,5.83333333333334,132.49999999999997,0.0
2:00:00 PM,27,Friday,heavy,198.0,17.99999999999999,35.00000000000001,44.99999999999997,29.0
2:15:00 PM,27,Friday,heavy,227.0,47.0,10.833333333333334,117.5,0.0
2:30:00 PM,27,Friday,heavy,225.0,44.99999999999999,12.500000000000005,112.49999999999997,0.0
2:45:00 PM,27,Friday,heavy,221.0,40.999999999999986,15.833333333333343,102.49999999999996,0.0
3:00:00 PM,27,Friday,heavy,211.0,31.0,24.166666666666664,77.5,0.0
3:15:00 PM,27,Friday,low,101.0,0.0,50.0,0.0,8.0
3:30:00 PM,27,Friday,normal,109.0,0.0,50.0,0.0,0.0
3:45:00 PM,27,Friday,normal,105.0,0.0,50.0,0.0,14.0
4:00:00 PM,27,Friday,normal,119.0,0.0,50.0,0.0,0.0
4:15:00 PM,27,Friday,low,95.0,0.0,50.0,0.0,12.0
4:30:00 PM,27,Friday,low,107.0,0.0,50.0,0.0,12.0
4:45:00 PM,27,Friday,normal,119.0,0.0,50.0,0.0,0.0
5:00:00 PM,27,Friday,normal,103.0,0.0,50.0,0.0,8.0
5:15:00 PM,27,Friday,low,111.0,0.0,50.0,0.0,2.0
5:30:00 PM,27,Friday,normal,113.0,0.0,50.0,0.0,14.0
5:45:00 PM,27,Friday,normal,127.0,0.0,50.0,0.0,0.0
6:00:00 PM,27,Friday,low,99.0,0.0,50.0,0.0,0.0
6:15:00 PM,27,Friday,low,74.0,0.0,50.0,0.0,39.0
6:30:00 PM,27,Friday,normal,113.0,0.0,50.0,0.0,0.0
6:45:00 PM,27,Friday,normal,112.0,0.0,50.0,0.0,11.0
7:00:00 PM,27,Friday,normal,123.0,0.0,50.0,0.0,0.0
7:15:00 PM,27,Friday,low,43.0,0.0,50.0,0.0,4.0
7:30:00 PM,27,Friday,low,47.0,0.0,50.0,0.0,0.0
7:45:00 PM,27,Friday,low,32.0,0.0,50.0,0.0,20.0
8:00:00 PM,27,Friday,low,52.0,0.0,50.0,0.0,2.0
8:15:00 PM,27,Friday,low,54.0,0.0,50.0,0.0,0.0
8:30:00 PM,27,Friday,low,46.0,0.0,50.0,0.0,21.0
8:45:00 PM,27,Friday,low,67.0,0.0,50.0,0.0,0.0
9:00:00 PM,27,Friday,low,43.0,0.0,50.0,0.0,24.0
9:15:00 PM,27,Friday,low,67.0,0.0,50.0,0.0,0.0
9:30:00 PM,27,Friday,low,52.0,0.0,50.0,0.0,0.0
9:45:00 PM,27,Friday,low,34.0,0.0,50.0,0.0,29.0
10:00:00 PM,27,Friday,normal,63.0,0.0,50.0,0.0,0.0
10:15:00 PM,27,Friday,normal,49.0,0.0,50.0,0.0,0.0
10:30:00 PM,27,Friday,low,37.0,0.0,50.0,0.0,0.0
10:45:00 PM,27,Friday,normal,34.0,0.0,50.0,0.0,20.0
11:00:00 PM,27,Friday,normal,54.0,0.0,50.0,0.0,0.0
11:15:00 PM,27,Friday,low,35.0,0.0,50.0,0.0,15.0
11:30:00 PM,27,Friday,normal,50.0,0.0,50.0,0.0,0.0
11:45:00 PM,27,Friday,low,29.0,0.0,50.0,0.0,16.0
12:00:00 AM,28,Saturday,normal,45.0,0.0,50.0,0.0,0.0
12:15:00 AM,28,Saturday,low,37.0,0.0,50.0,0.0,6.0
12:30:00 AM,28,Saturday,normal,43.0,0.0,50.0,0.0,3.0
12:45:00 AM,28,Saturday,normal,46.0,0.0,50.0,0.0,0.0
1:00:00 AM,28,Saturday,low,31.0,0.0,50.0,0.0,7.0
1:15:00 AM,28,Saturday,normal,38.0,0.0,50.0,0.0,0.0
1:30:00 AM,28,Saturday,low,35.0,0.0,50.0,0.0,18.0
1:45:00 AM,28,Saturday,normal,53.0,0.0,50.0,0.0,0.0
2:00:00 AM,28,Saturday,low,31.0,0.0,50.0,0.0,29.0
2:15:00 AM,28,Saturday,normal,60.0,0.0,50.0,0.0,0.0
2:30:00 AM,28,Saturday,normal,53.0,0.0,50.0,0.0,4.0
2:45:00 AM,28,Saturday,normal,57.0,0.0,50.0,0.0,0.0
3:00:00 AM,28,Saturday,normal,47.0,0.0,50.0,0.0,0.0
3:15:00 AM,28,Saturday,low,36.0,0.0,50.0,0.0,9.0
3:30:00 AM,28,Saturday,normal,45.0,0.0,50.0,0.0,0.0
3:45:00 AM,28,Saturday,normal,43.0,0.0,50.0,0.0,0.0
4:00:00 AM,28,Saturday,low,38.0,0.0,50.0,0.0,103.0
4:15:00 AM,28,Saturday,normal,141.0,0.0,50.0,0.0,8.0
4:30:00 AM,28,Saturday,normal,149.0,0.0,50.0,0.0,0.0
4:45:00 AM,28,Saturday,normal,140.0,0.0,50.0,0.0,0.0
5:00:00 AM,28,Saturday,normal,128.0,0.0,50.0,0.0,18.0
5:15:00 AM,28,Saturday,normal,146.0,0.0,50.0,0.0,0.0
5:30:00 AM,28,Saturday,normal,123.0,0.0,50.0,0.0,0.0
5:45:00 AM,28,Saturday,normal,97.0,0.0,50.0,0.0,67.0
6:00:00 AM,28,Saturday,normal,164.0,0.0,50.0,0.0,16.0
6:15:00 AM,28,Saturday,heavy,180.0,0.0,50.0,0.0,0.0
6:30:00 AM,28,Saturday,heavy,178.0,0.0,50.0,0.0,5.0
6:45:00 AM,28,Saturday,heavy,183.0,2.9999999999999942,47.5,7.499999999999985,0.0
7:00:00 AM,28,Saturday,high,160.0,0.0,50.0,0.0,17.0
7:15:00 AM,28,Saturday,heavy,177.0,0.0,50.0,0.0,25.0
7:30:00 AM,28,Saturday,heavy,202.0,21.999999999999993,31.666666666666675,54.99999999999998,0.0
7:45:00 AM,28,Saturday,heavy,176.0,0.0,50.0,0.0,12.0
8:00:00 AM,28,Saturday,heavy,188.0,8.000000000000002,43.333333333333336,20.000000000000004,0.0
8:15:00 AM,28,Saturday,heavy,178.0,0.0,50.0,0.0,0.0
8:30:00 AM,28,Saturday,heavy,174.0,0.0,50.0,0.0,0.0
8:45:00 AM,28,Saturday,high,161.0,0.0,50.0,0.0,39.0
9:00:00 AM,28,Saturday,heavy,200.0,19.99999999999998,33.33333333333335,49.99999999999994,0.0
9:15:00 AM,28,Saturday,normal,82.0,0.0,50.0,0.0,8.0
9:30:00 AM,28,Saturday,normal,90.0,0.0,50.0,0.0,26.0
9:45:00 AM,28,Saturday,high,116.0,0.0,50.0,0.0,0.0
10:00:00 AM,28,Saturday,low,104.0,0.0,50.0,0.0,0.0
10:15:00 AM,28,Saturday,normal,92.0,0.0,50.0,0.0,26.0
10:30:00 AM,28,Saturday,high,118.0,0.0,50.0,0.0,0.0
10:45:00 AM,28,Saturday,low,55.0,0.0,50.0,0.0,29.0
11:00:00 AM,28,Saturday,normal,84.0,0.0,50.0,0.0,25.0
11:15:00 AM,28,Saturday,normal,109.0,0.0,50.0,0.0,0.0
11:30:00 AM,28,Saturday,normal,60.0,0.0,50.0,0.0,30.0
11:45:00 AM,28,Saturday,normal,90.0,0.0,50.0,0.0,0.0
12:00:00 PM,28,Saturday,normal,79.0,0.0,50.0,0.0,8.0
12:15:00 PM,28,Saturday,normal,87.0,0.0,50.0,0.0,18.0
12:30:00 PM,28,Saturday,normal,105.0,0.0,50.0,0.0,0.0
12:45:00 PM,28,Saturday,normal,93.0,0.0,50.0,0.0,23.0
1:00:00 PM,28,Saturday,normal,116.0,0.0,50.0,0.0,0.0
1:15:00 PM,28,Saturday,normal,95.0,0.0,50.0,0.0,20.0
1:30:00 PM,28,Saturday,normal,115.0,0.0,50.0,0.0,61.0
1:45:00 PM,28,Saturday,heavy,176.0,0.0,50.0,0.0,0.0
2:00:00 PM,28,Saturday,normal,89.0,0.0,50.0,0.0,20.0
2:15:00 PM,28,Saturday,normal,109.0,0.0,50.0,0.0,0.0
2:30:00 PM,28,Saturday,normal,106.0,0.0,50.0,0.0,22.0
2:45:00 PM,28,Saturday,normal,128.0,0.0,50.0,0.0,0.0
3:00:00 PM,28,Saturday,normal,111.0,0.0,50.0,0.0,36.0
3:15:00 PM,28,Saturday,high,147.0,0.0,50.0,0.0,0.0
3:30:00 PM,28,Saturday,normal,122.0,0.0,50.0,0.0,0.0
3:45:00 PM,28,Saturday,normal,113.0,0.0,50.0,0.0,82.0
4:00:00 PM,28,Saturday,heavy,195.0,14.999999999999996,37.5,37.499999999999986,25.0
4:15:00 PM,28,Saturday,heavy,220.0,39.999999999999986,16.66666666666668,99.99999999999996,0.0
4:30:00 PM,28,Saturday,heavy,199.0,18.999999999999996,34.166666666666664,47.499999999999986,0.0
4:45:00 PM,28,Saturday,normal,155.0,0.0,50.0,0.0,10.0
5:00:00 PM,28,Saturday,normal,165.0,0.0,50.0,0.0,5.0
5:15:00 PM,28,Saturday,heavy,170.0,0.0,50.0,0.0,7.0
5:30:00 PM,28,Saturday,heavy,177.0,0.0,50.0,0.0,20.0
5:45:00 PM,28,Saturday,heavy,197.0,16.999999999999986,35.83333333333334,42.499999999999964,17.0
6:00:00 PM,28,Saturday,heavy,214.0,33.99999999999999,21.66666666666667,84.99999999999997,0.0
6:15:00 PM,28,Saturday,normal,167.0,0.0,50.0,0.0,14.0
6:30:00 PM,28,Saturday,heavy,181.0,0.9999999999999815,49.16666666666668,2.4999999999999534,0.0
6:45:00 PM,28,Saturday,low,94.0,0.0,50.0,0.0,61.0
7:00:00 PM,28,Saturday,normal,155.0,0.0,50.0,0.0,0.0
7:15:00 PM,28,Saturday,normal,146.0,0.0,50.0,0.0,15.0
7:30:00 PM,28,Saturday,normal,161.0,0.0,50.0,0.0,0.0
7:45:00 PM,28,Saturday,high,124.0,0.0,50.0,0.0,4.0
8:00:00 PM,28,Saturday,high,128.0,0.0,50.0,0.0,8.0
8:15:00 PM,28,Saturday,normal,136.0,0.0,50.0,0.0,0.0
8:30:00 PM,28,Saturday,high,129.0,0.0,50.0,0.0,23.0
8:45:00 PM,28,Saturday,normal,152.0,0.0,50.0,0.0,0.0
9:00:00 PM,28,Saturday,normal,150.0,0.0,50.0,0.0,0.0
9:15:00 PM,28,Saturday,normal,132.0,0.0,50.0,0.0,0.0
9:30:00 PM,28,Saturday,normal,115.0,0.0,50.0,0.0,23.0
9:45:00 PM,28,Saturday,high,138.0,0.0,50.0,0.0,0.0
10:00:00 PM,28,Saturday,normal,46.0,0.0,50.0,0.0,6.0
10:15:00 PM,28,Saturday,normal,52.0,0.0,50.0,0.0,0.0
10:30:00 PM,28,Saturday,normal,37.0,0.0,50.0,0.0,9.0
10:45:00 PM,28,Saturday,normal,46.0,0.0,50.0,0.0,0.0
11:00:00 PM,28,Saturday,low,30.0,0.0,50.0,0.0,0.0
11:15:00 PM,28,Saturday,low,28.0,0.0,50.0,0.0,35.0
11:30:00 PM,28,Saturday,normal,63.0,0.0,50.0,0.0,0.0
11:45:00 PM,28,Saturday,low,37.0,0.0,50.0,0.0,14.0
12:00:00 AM,29,Sunday,normal,51.0,0.0,50.0,0.0,0.0
12:15:00 AM,29,Sunday,normal,43.0,0.0,50.0,0.0,11.0
12:30:00 AM,29,Sunday,normal,54.0,0.0,50.0,0.0,0.0
12:45:00 AM,29,Sunday,normal,51.0,0.0,50.0,0.0,0.0
1:00:00 AM,29,Sunday,low,36.0,0.0,50.0,0.0,7.0
1:15:00 AM,29,Sunday,normal,43.0,0.0,50.0,0.0,1.0
1:30:00 AM,29,Sunday,normal,44.0,0.0,50.0,0.0,3.0
1:45:00 AM,29,Sunday,normal,47.0,0.0,50.0,0.0,7.0
2:00:00 AM,29,Sunday,normal,54.0,0.0,50.0,0.0,0.0
2:15:00 AM,29,Sunday,normal,42.0,0.0,50.0,0.0,0.0
2:30:00 AM,29,Sunday,normal,39.0,0.0,50.0,0.0,0.0
2:45:00 AM,29,Sunday,low,34.0,0.0,50.0,0.0,6.0
3:00:00 AM,29,Sunday,normal,40.0,0.0,50.0,0.0,10.0
3:15:00 AM,29,Sunday,normal,50.0,0.0,50.0,0.0,10.0
3:30:00 AM,29,Sunday,normal,60.0,0.0,50.0,0.0,0.0
3:45:00 AM,29,Sunday,normal,38.0,0.0,50.0,0.0,8.0
4:00:00 AM,29,Sunday,normal,46.0,0.0,50.0,0.0,114.0
4:15:00 AM,29,Sunday,normal,160.0,0.0,50.0,0.0,0.0
4:30:00 AM,29,Sunday,normal,135.0,0.0,50.0,0.0,0.0
4:45:00 AM,29,Sunday,low,79.0,0.0,50.0,0.0,23.0
5:00:00 AM,29,Sunday,low,102.0,0.0,50.0,0.0,8.0
5:15:00 AM,29,Sunday,normal,110.0,0.0,50.0,0.0,0.0
5:30:00 AM,29,Sunday,low,105.0,0.0,50.0,0.0,48.0
5:45:00 AM,29,Sunday,normal,153.0,0.0,50.0,0.0,15.0
6:00:00 AM,29,Sunday,heavy,168.0,0.0,50.0,0.0,56.0
6:15:00 AM,29,Sunday,heavy,224.0,43.999999999999986,13.333333333333346,109.99999999999996,0.0
6:30:00 AM,29,Sunday,heavy,178.0,0.0,50.0,0.0,0.0
6:45:00 AM,29,Sunday,heavy,177.0,0.0,50.0,0.0,22.0
7:00:00 AM,29,Sunday,heavy,199.0,18.999999999999996,34.166666666666664,47.499999999999986,0.0
7:15:00 AM,29,Sunday,heavy,173.0,0.0,50.0,0.0,0.0
7:30:00 AM,29,Sunday,normal,159.0,0.0,50.0,0.0,3.0
7:45:00 AM,29,Sunday,high,162.0,0.0,50.0,0.0,34.0
8:00:00 AM,29,Sunday,heavy,196.0,15.999999999999979,36.66666666666668,39.99999999999994,0.0
8:15:00 AM,29,Sunday,heavy,196.0,15.999999999999979,36.66666666666668,39.99999999999994,4.0
8:30:00 AM,29,Sunday,heavy,200.0,19.99999999999998,33.33333333333335,49.99999999999994,4.0
8:45:00 AM,29,Sunday,heavy,204.0,23.99999999999998,30.000000000000014,59.99999999999994,0.0
9:00:00 AM,29,Sunday,heavy,170.0,0.0,50.0,0.0,0.0
9:15:00 AM,29,Sunday,normal,83.0,0.0,50.0,0.0,10.0
9:30:00 AM,29,Sunday,normal,93.0,0.0,50.0,0.0,10.0
9:45:00 AM,29,Sunday,normal,103.0,0.0,50.0,0.0,7.0
10:00:00 AM,29,Sunday,normal,110.0,0.0,50.0,0.0,0.0
10:15:00 AM,29,Sunday,normal,72.0,0.0,50.0,0.0,70.0
10:30:00 AM,29,Sunday,normal,142.0,0.0,50.0,0.0,0.0
10:45:00 AM,29,Sunday,high,135.0,0.0,50.0,0.0,0.0
11:00:00 AM,29,Sunday,normal,71.0,0.0,50.0,0.0,14.0
11:15:00 AM,29,Sunday,normal,85.0,0.0,50.0,0.0,0.0
11:30:00 AM,29,Sunday,normal,64.0,0.0,50.0,0.0,0.0
11:45:00 AM,29,Sunday,normal,64.0,0.0,50.0,0.0,33.0
12:00:00 PM,29,Sunday,normal,97.0,0.0,50.0,0.0,16.0
12:15:00 PM,29,Sunday,normal,113.0,0.0,50.0,0.0,0.0
12:30:00 PM,29,Sunday,normal,108.0,0.0,50.0,0.0,6.0
12:45:00 PM,29,Sunday,normal,114.0,0.0,50.0,0.0,0.0
1:00:00 PM,29,Sunday,normal,80.0,0.0,50.0,0.0,19.0
1:15:00 PM,29,Sunday,normal,99.0,0.0,50.0,0.0,14.0
1:30:00 PM,29,Sunday,normal,113.0,0.0,50.0,0.0,26.0
1:45:00 PM,29,Sunday,normal,139.0,0.0,50.0,0.0,0.0
2:00:00 PM,29,Sunday,high,120.0,0.0,50.0,0.0,0.0
2:15:00 PM,29,Sunday,normal,98.0,0.0,50.0,0.0,0.0
2:30:00 PM,29,Sunday,low,66.0,0.0,50.0,0.0,0.0
2:45:00 PM,29,Sunday,normal,60.0,0.0,50.0,0.0,64.0
3:00:00 PM,29,Sunday,high,124.0,0.0,50.0,0.0,30.0
3:15:00 PM,29,Sunday,high,154.0,0.0,50.0,0.0,0.0
3:30:00 PM,29,Sunday,normal,96.0,0.0,50.0,0.0,46.0
3:45:00 PM,29,Sunday,high,142.0,0.0,50.0,0.0,25.0
4:00:00 PM,29,Sunday,normal,167.0,0.0,50.0,0.0,37.0
4:15:00 PM,29,Sunday,heavy,204.0,23.99999999999998,30.000000000000014,59.99999999999994,0.0
4:30:00 PM,29,Sunday,heavy,194.0,13.99999999999999,38.33333333333334,34.99999999999997,13.0
4:45:00 PM,29,Sunday,heavy,207.0,27.0,27.500000000000004,67.5,0.0
5:00:00 PM,29,Sunday,heavy,202.0,21.999999999999993,31.666666666666675,54.99999999999998,0.0
5:15:00 PM,29,Sunday,heavy,185.0,4.999999999999982,45.83333333333335,12.499999999999956,20.0
5:30:00 PM,29,Sunday,heavy,205.0,24.999999999999986,29.16666666666668,62.499999999999964,0.0
5:45:00 PM,29,Sunday,heavy,183.0,2.9999999999999942,47.5,7.499999999999985,0.0
6:00:00 PM,29,Sunday,heavy,168.0,0.0,50.0,0.0,46.0
6:15:00 PM,29,Sunday,heavy,214.0,33.99999999999999,21.66666666666667,84.99999999999997,0.0
6:30:00 PM,29,Sunday,heavy,183.0,2.9999999999999942,47.5,7.499999999999985,0.0
6:45:00 PM,29,Sunday,low,95.0,0.0,50.0,0.0,41.0
7:00:00 PM,29,Sunday,high,136.0,0.0,50.0,0.0,0.0
7:15:00 PM,29,Sunday,normal,119.0,0.0,50.0,0.0,15.0
7:30:00 PM,29,Sunday,normal,134.0,0.0,50.0,0.0,0.0
7:45:00 PM,29,Sunday,normal,133.0,0.0,50.0,0.0,0.0
8:00:00 PM,29,Sunday,normal,117.0,0.0,50.0,0.0,3.0
8:15:00 PM,29,Sunday,normal,120.0,0.0,50.0,0.0,0.0
8:30:00 PM,29,Sunday,normal,119.0,0.0,50.0,0.0,13.0
8:45:00 PM,29,Sunday,high,132.0,0.0,50.0,0.0,0.0
9:00:00 PM,29,Sunday,low,98.0,0.0,50.0,0.0,2.0
9:15:00 PM,29,Sunday,low,100.0,0.0,50.0,0.0,50.0
9:30:00 PM,29,Sunday,normal,150.0,0.0,50.0,0.0,0.0
9:45:00 PM,29,Sunday,normal,128.0,0.0,50.0,0.0,0.0
10:00:00 PM,29,Sunday,normal,46.0,0.0,50.0,0.0,5.0
10:15:00 PM,29,Sunday,normal,51.0,0.0,50.0,0.0,2.0
10:30:00 PM,29,Sunday,normal,53.0,0.0,50.0,0.0,0.0
10:45:00 PM,29,Sunday,low,28.0,0.0,50.0,0.0,18.0
11:00:00 PM,29,Sunday,normal,46.0,0.0,50.0,0.0,6.0
11:15:00 PM,29,Sunday,normal,52.0,0.0,50.0,0.0,0.0
11:30:00 PM,29,Sunday,normal,36.0,0.0,50.0,0.0,0.0
11:45:00 PM,29,Sunday,low,29.0,0.0,50.0,0.0,0.0
12:00:00 AM,30,Monday,low,29.0,0.0,50.0,0.0,14.0
12:15:00 AM,30,Monday,normal,43.0,0.0,50.0,0.0,12.0
12:30:00 AM,30,Monday,normal,55.0,0.0,50.0,0.0,0.0
12:45:00 AM,30,Monday,normal,36.0,0.0,50.0,0.0,0.0
1:00:00 AM,30,Monday,low,26.0,0.0,50.0,0.0,27.0
1:15:00 AM,30,Monday,normal,53.0,0.0,50.0,0.0,0.0
1:30:00 AM,30,Monday,normal,53.0,0.0,50.0,0.0,1.0
1:45:00 AM,30,Monday,normal,54.0,0.0,50.0,0.0,0.0
2:00:00 AM,30,Monday,normal,46.0,0.0,50.0,0.0,0.0
2:15:00 AM,30,Monday,normal,39.0,0.0,50.0,0.0,10.0
2:30:00 AM,30,Monday,normal,49.0,0.0,50.0,0.0,0.0
2:45:00 AM,30,Monday,low,31.0,0.0,50.0,0.0,17.0
3:00:00 AM,30,Monday,normal,48.0,0.0,50.0,0.0,0.0
3:15:00 AM,30,Monday,low,29.0,0.0,50.0,0.0,3.0
3:30:00 AM,30,Monday,low,32.0,0.0,50.0,0.0,13.0
3:45:00 AM,30,Monday,normal,45.0,0.0,50.0,0.0,13.0
4:00:00 AM,30,Monday,normal,58.0,0.0,50.0,0.0,65.0
4:15:00 AM,30,Monday,normal,123.0,0.0,50.0,0.0,0.0
4:30:00 AM,30,Monday,normal,115.0,0.0,50.0,0.0,1.0
4:45:00 AM,30,Monday,normal,116.0,0.0,50.0,0.0,0.0
5:00:00 AM,30,Monday,low,110.0,0.0,50.0,0.0,0.0
5:15:00 AM,30,Monday,low,102.0,0.0,50.0,0.0,18.0
5:30:00 AM,30,Monday,normal,120.0,0.0,50.0,0.0,8.0
5:45:00 AM,30,Monday,normal,128.0,0.0,50.0,0.0,24.0
6:00:00 AM,30,Monday,normal,152.0,0.0,50.0,0.0,47.0
6:15:00 AM,30,Monday,heavy,199.0,18.999999999999996,34.166666666666664,47.499999999999986,0.0
6:30:00 AM,30,Monday,heavy,169.0,0.0,50.0,0.0,0.0
6:45:00 AM,30,Monday,normal,160.0,0.0,50.0,0.0,56.0
7:00:00 AM,30,Monday,heavy,216.0,35.99999999999998,20.000000000000018,89.99999999999994,0.0
7:15:00 AM,30,Monday,heavy,207.0,27.0,27.500000000000004,67.5,0.0
7:30:00 AM,30,Monday,heavy,204.0,23.99999999999998,30.000000000000014,59.99999999999994,9.0
7:45:00 AM,30,Monday,heavy,213.0,32.999999999999986,22.500000000000014,82.49999999999996,0.0
8:00:00 AM,30,Monday,heavy,208.0,27.99999999999998,26.666666666666682,69.99999999999994,18.0
8:15:00 AM,30,Monday,heavy,226.0,46.0,11.666666666666664,115.0,0.0
8:30:00 AM,30,Monday,heavy,215.0,35.0,20.833333333333332,87.5,0.0
8:45:00 AM,30,Monday,heavy,201.0,20.999999999999986,32.500000000000014,52.499999999999964,0.0
9:00:00 AM,30,Monday,heavy,185.0,4.999999999999982,45.83333333333335,12.499999999999956,0.0
9:15:00 AM,30,Monday,normal,148.0,0.0,50.0,0.0,0.0
9:30:00 AM,30,Monday,low,57.0,0.0,50.0,0.0,31.0
9:45:00 AM,30,Monday,normal,88.0,0.0,50.0,0.0,23.0
10:00:00 AM,30,Monday,normal,111.0,0.0,50.0,0.0,19.0
10:15:00 AM,30,Monday,normal,130.0,0.0,50.0,0.0,4.0
10:30:00 AM,30,Monday,high,134.0,0.0,50.0,0.0,0.0
10:45:00 AM,30,Monday,normal,55.0,0.0,50.0,0.0,10.0
11:00:00 AM,30,Monday,normal,65.0,0.0,50.0,0.0,41.0
11:15:00 AM,30,Monday,normal,106.0,0.0,50.0,0.0,0.0
11:30:00 AM,30,Monday,normal,72.0,0.0,50.0,0.0,0.0
11:45:00 AM,30,Monday,normal,65.0,0.0,50.0,0.0,45.0
12:00:00 PM,30,Monday,normal,110.0,0.0,50.0,0.0,0.0
12:15:00 PM,30,Monday,normal,96.0,0.0,50.0,0.0,0.0
12:30:00 PM,30,Monday,normal,89.0,0.0,50.0,0.0,0.0
12:45:00 PM,30,Monday,normal,74.0,0.0,50.0,0.0,34.0
1:00:00 PM,30,Monday,normal,108.0,0.0,50.0,0.0,0.0
1:15:00 PM,30,Monday,normal,99.0,0.0,50.0,0.0,3.0
1:30:00 PM,30,Monday,normal,102.0,0.0,50.0,0.0,0.0
1:45:00 PM,30,Monday,normal,97.0,0.0,50.0,0.0,68.0
2:00:00 PM,30,Monday,high,165.0,0.0,50.0,0.0,0.0
2:15:00 PM,30,Monday,normal,104.0,0.0,50.0,0.0,77.0
2:30:00 PM,30,Monday,heavy,181.0,0.9999999999999815,49.16666666666668,2.4999999999999534,0.0
2:45:00 PM,30,Monday,high,133.0,0.0,50.0,0.0,0.0
3:00:00 PM,30,Monday,normal,72.0,0.0,50.0,0.0,6.0
3:15:00 PM,30,Monday,low,78.0,0.0,50.0,0.0,4.0
3:30:00 PM,30,Monday,low,82.0,0.0,50.0,0.0,60.0
3:45:00 PM,30,Monday,normal,142.0,0.0,50.0,0.0,60.0
4:00:00 PM,30,Monday,heavy,202.0,21.999999999999993,31.666666666666675,54.99999999999998,0.0
4:15:00 PM,30,Monday,heavy,173.0,0.0,50.0,0.0,0.0
4:30:00 PM,30,Monday,heavy,171.0,0.0,50.0,0.0,46.0
4:45:00 PM,30,Monday,heavy,217.0,36.999999999999986,19.166666666666675,92.49999999999996,0.0
5:00:00 PM,30,Monday,heavy,184.0,4.000000000000001,46.666666666666664,10.000000000000002,14.0
5:15:00 PM,30,Monday,heavy,198.0,17.99999999999999,35.00000000000001,44.99999999999997,0.0
5:30:00 PM,30,Monday,heavy,178.0,0.0,50.0,0.0,0.0
5:45:00 PM,30,Monday,heavy,173.0,0.0,50.0,0.0,0.0
6:00:00 PM,30,Monday,normal,164.0,0.0,50.0,0.0,38.0
6:15:00 PM,30,Monday,heavy,202.0,21.999999999999993,31.666666666666675,54.99999999999998,12.0
6:30:00 PM,30,Monday,heavy,214.0,33.99999999999999,21.66666666666667,84.99999999999997,0.0
6:45:00 PM,30,Monday,normal,146.0,0.0,50.0,0.0,0.0
7:00:00 PM,30,Monday,normal,141.0,0.0,50.0,0.0,0.0
7:15:00 PM,30,Monday,low,100.0,0.0,50.0,0.0,50.0
7:30:00 PM,30,Monday,normal,150.0,0.0,50.0,0.0,0.0
7:45:00 PM,30,Monday,normal,112.0,0.0,50.0,0.0,11.0
8:00:00 PM,30,Monday,high,123.0,0.0,50.0,0.0,16.0
8:15:00 PM,30,Monday,normal,139.0,0.0,50.0,0.0,0.0
8:30:00 PM,30,Monday,normal,118.0,0.0,50.0,0.0,2.0
8:45:00 PM,30,Monday,normal,120.0,0.0,50.0,0.0,0.0
9:00:00 PM,30,Monday,low,107.0,0.0,50.0,0.0,11.0
9:15:00 PM,30,Monday,normal,118.0,0.0,50.0,0.0,52.0
9:30:00 PM,30,Monday,heavy,170.0,0.0,50.0,0.0,0.0
9:45:00 PM,30,Monday,normal,112.0,0.0,50.0,0.0,0.0
10:00:00 PM,30,Monday,normal,50.0,0.0,50.0,0.0,0.0
10:15:00 PM,30,Monday,normal,50.0,0.0,50.0,0.0,0.0
10:30:00 PM,30,Monday,low,35.0,0.0,50.0,0.0,21.0
10:45:00 PM,30,Monday,normal,56.0,0.0,50.0,0.0,0.0
11:00:00 PM,30,Monday,low,33.0,0.0,50.0,0.0,9.0
11:15:00 PM,30,Monday,normal,42.0,0.0,50.0,0.0,14.0
11:30:00 PM,30,Monday,normal,56.0,0.0,50.0,0.0,0.0
11:45:00 PM,30,Monday,normal,48.0,0.0,50.0,0.0,1.0
12:00:00 AM,31,Tuesday,normal,49.0,0.0,50.0,0.0,0.0
12:15:00 AM,31,Tuesday,low,40.0,0.0,50.0,0.0,12.0
12:30:00 AM,31,Tuesday,normal,52.0,0.0,50.0,0.0,0.0
12:45:00 AM,31,Tuesday,low,32.0,0.0,50.0,0.0,13.0
1:00:00 AM,31,Tuesday,normal,45.0,0.0,50.0,0.0,0.0
1:15:00 AM,31,Tuesday,normal,41.0,0.0,50.0,0.0,0.0
1:30:00 AM,31,Tuesday,low,30.0,0.0,50.0,0.0,17.0
1:45:00 AM,31,Tuesday,normal,47.0,0.0,50.0,0.0,2.0
2:00:00 AM,31,Tuesday,normal,49.0,0.0,50.0,0.0,0.0
2:15:00 AM,31,Tuesday,normal,49.0,0.0,50.0,0.0,0.0
2:30:00 AM,31,Tuesday,low,39.0,0.0,50.0,0.0,0.0
2:45:00 AM,31,Tuesday,low,32.0,0.0,50.0,0.0,20.0
3:00:00 AM,31,Tuesday,normal,52.0,0.0,50.0,0.0,0.0
3:15:00 AM,31,Tuesday,normal,41.0,0.0,50.0,0.0,9.0
3:30:00 AM,31,Tuesday,normal,50.0,0.0,50.0,0.0,0.0
3:45:00 AM,31,Tuesday,low,35.0,0.0,50.0,0.0,0.0
4:00:00 AM,31,Tuesday,low,29.0,0.0,50.0,0.0,92.0
4:15:00 AM,31,Tuesday,normal,121.0,0.0,50.0,0.0,0.0
4:30:00 AM,31,Tuesday,low,86.0,0.0,50.0,0.0,49.0
4:45:00 AM,31,Tuesday,normal,135.0,0.0,50.0,0.0,0.0
5:00:00 AM,31,Tuesday,low,91.0,0.0,50.0,0.0,58.0
5:15:00 AM,31,Tuesday,normal,149.0,0.0,50.0,0.0,0.0
5:30:00 AM,31,Tuesday,low,100.0,0.0,50.0,0.0,32.0
5:45:00 AM,31,Tuesday,normal,132.0,0.0,50.0,0.0,65.0
6:00:00 AM,31,Tuesday,heavy,197.0,16.999999999999986,35.83333333333334,42.499999999999964,27.0
6:15:00 AM,31,Tuesday,heavy,224.0,43.999999999999986,13.333333333333346,109.99999999999996,0.0
6:30:00 AM,31,Tuesday,heavy,187.0,6.999999999999995,44.16666666666667,17.499999999999986,0.0
6:45:00 AM,31,Tuesday,heavy,183.0,2.9999999999999942,47.5,7.499999999999985,5.0
7:00:00 AM,31,Tuesday,heavy,188.0,8.000000000000002,43.333333333333336,20.000000000000004,0.0
7:15:00 AM,31,Tuesday,normal,158.0,0.0,50.0,0.0,10.0
7:30:00 AM,31,Tuesday,heavy,168.0,0.0,50.0,0.0,31.0
7:45:00 AM,31,Tuesday,heavy,199.0,18.999999999999996,34.166666666666664,47.499999999999986,15.0
8:00:00 AM,31,Tuesday,heavy,214.0,33.99999999999999,21.66666666666667,84.99999999999997,0.0
8:15:00 AM,31,Tuesday,heavy,179.0,0.0,50.0,0.0,23.0
8:30:00 AM,31,Tuesday,heavy,202.0,21.999999999999993,31.666666666666675,54.99999999999998,0.0
8:45:00 AM,31,Tuesday,normal,160.0,0.0,50.0,0.0,35.0
9:00:00 AM,31,Tuesday,heavy,195.0,14.999999999999996,37.5,37.499999999999986,0.0
9:15:00 AM,31,Tuesday,normal,142.0,0.0,50.0,0.0,0.0
9:30:00 AM,31,Tuesday,normal,93.0,0.0,50.0,0.0,39.0
9:45:00 AM,31,Tuesday,normal,132.0,0.0,50.0,0.0,0.0
10:00:00 AM,31,Tuesday,normal,97.0,0.0,50.0,0.0,20.0
10:15:00 AM,31,Tuesday,normal,117.0,0.0,50.0,0.0,0.0
10:30:00 AM,31,Tuesday,normal,89.0,0.0,50.0,0.0,14.0
10:45:00 AM,31,Tuesday,normal,103.0,0.0,50.0,0.0,0.0
11:00:00 AM,31,Tuesday,normal,87.0,0.0,50.0,0.0,0.0
11:15:00 AM,31,Tuesday,normal,86.0,0.0,50.0,0.0,13.0
11:30:00 AM,31,Tuesday,normal,99.0,0.0,50.0,0.0,0.0
11:45:00 AM,31,Tuesday,normal,77.0,0.0,50.0,0.0,0.0
12:00:00 PM,31,Tuesday,normal,57.0,0.0,50.0,0.0,39.0
12:15:00 PM,31,Tuesday,normal,96.0,0.0,50.0,0.0,0.0
12:30:00 PM,31,Tuesday,normal,81.0,0.0,50.0,0.0,31.0
12:45:00 PM,31,Tuesday,normal,112.0,0.0,50.0,0.0,0.0
1:00:00 PM,31,Tuesday,normal,106.0,0.0,50.0,0.0,0.0
1:15:00 PM,31,Tuesday,low,55.0,0.0,50.0,0.0,102.0
1:30:00 PM,31,Tuesday,normal,157.0,0.0,50.0,0.0,0.0
1:45:00 PM,31,Tuesday,normal,105.0,0.0,50.0,0.0,0.0
2:00:00 PM,31,Tuesday,normal,93.0,0.0,50.0,0.0,7.0
2:15:00 PM,31,Tuesday,low,100.0,0.0,50.0,0.0,33.0
2:30:00 PM,31,Tuesday,normal,133.0,0.0,50.0,0.0,0.0
2:45:00 PM,31,Tuesday,normal,109.0,0.0,50.0,0.0,0.0
3:00:00 PM,31,Tuesday,normal,78.0,0.0,50.0,0.0,75.0
3:15:00 PM,31,Tuesday,normal,153.0,0.0,50.0,0.0,0.0
3:30:00 PM,31,Tuesday,high,137.0,0.0,50.0,0.0,0.0
3:45:00 PM,31,Tuesday,normal,89.0,0.0,50.0,0.0,104.0
4:00:00 PM,31,Tuesday,heavy,193.0,12.999999999999984,39.166666666666686,32.49999999999996,30.0
4:15:00 PM,31,Tuesday,normal,223.0,43.0,14.166666666666666,107.5,0.0
4:30:00 PM,31,Tuesday,heavy,188.0,8.000000000000002,43.333333333333336,20.000000000000004,51.0
4:45:00 PM,31,Tuesday,heavy,239.0,58.99999999999998,5.0,147.49999999999994,0.0
5:00:00 PM,31,Tuesday,heavy,188.0,8.000000000000002,43.333333333333336,20.000000000000004,2.0
5:15:00 PM,31,Tuesday,heavy,190.0,9.99999999999999,41.66666666666667,24.99999999999997,0.0
5:30:00 PM,31,Tuesday,heavy,182.0,1.999999999999988,48.33333333333334,4.99999999999997,41.0
5:45:00 PM,31,Tuesday,normal,223.0,43.0,14.166666666666666,107.5,0.0
6:00:00 PM,31,Tuesday,heavy,197.0,16.999999999999986,35.83333333333334,42.499999999999964,11.0
6:15:00 PM,31,Tuesday,heavy,208.0,27.99999999999998,26.666666666666682,69.99999999999994,22.0
6:30:00 PM,31,Tuesday,heavy,230.0,49.99999999999997,8.333333333333359,124.99999999999993,0.0
6:45:00 PM,31,Tuesday,normal,123.0,0.0,50.0,0.0,42.0
7:00:00 PM,31,Tuesday,normal,165.0,0.0,50.0,0.0,0.0
7:15:00 PM,31,Tuesday,normal,163.0,0.0,50.0,0.0,0.0
7:30:00 PM,31,Tuesday,normal,130.0,0.0,50.0,0.0,20.0
7:45:00 PM,31,Tuesday,normal,150.0,0.0,50.0,0.0,18.0
8:00:00 PM,31,Tuesday,heavy,168.0,0.0,50.0,0.0,0.0
8:15:00 PM,31,Tuesday,normal,129.0,0.0,50.0,0.0,0.0
8:30:00 PM,31,Tuesday,normal,120.0,0.0,50.0,0.0,37.0
8:45:00 PM,31,Tuesday,normal,157.0,0.0,50.0,0.0,0.0
9:00:00 PM,31,Tuesday,low,103.0,0.0,50.0,0.0,0.0
9:15:00 PM,31,Tuesday,low,94.0,0.0,50.0,0.0,18.0
9:30:00 PM,31,Tuesday,normal,112.0,0.0,50.0,0.0,0.0
9:45:00 PM,31,Tuesday,normal,112.0,0.0,50.0,0.0,0.0
10:00:00 PM,31,Tuesday,normal,46.0,0.0,50.0,0.0,0.0
10:15:00 PM,31,Tuesday,low,36.0,0.0,50.0,0.0,2.0
10:30:00 PM,31,Tuesday,low,38.0,0.0,50.0,0.0,18.0
10:45:00 PM,31,Tuesday,normal,56.0,0.0,50.0,0.0,0.0
11:00:00 PM,31,Tuesday,normal,43.0,0.0,50.0,0.0,16.0
11:15:00 PM,31,Tuesday,normal,59.0,0.0,50.0,0.0,0.0
11:30:00 PM,31,Tuesday,low,32.0,0.0,50.0,0.0,13.0
11:45:00 PM,31,Tuesday,normal,45.0,0.0,50.0,0.0,3.0
12:00:00 AM,1,Wednesday,normal,48.0,0.0,50.0,0.0,0.0
12:15:00 AM,1,Wednesday,normal,45.0,0.0,50.0,0.0,0.0
12:30:00 AM,1,Wednesday,low,39.0,0.0,50.0,0.0,0.0
12:45:00 AM,1,Wednesday,low,33.0,0.0,50.0,0.0,9.0
1:00:00 AM,1,Wednesday,normal,42.0,0.0,50.0,0.0,8.0
1:15:00 AM,1,Wednesday,normal,50.0,0.0,50.0,0.0,0.0
1:30:00 AM,1,Wednesday,low,29.0,0.0,50.0,0.0,7.0
1:45:00 AM,1,Wednesday,low,36.0,0.0,50.0,0.0,11.0
2:00:00 AM,1,Wednesday,normal,47.0,0.0,50.0,0.0,0.0
2:15:00 AM,1,Wednesday,normal,33.0,0.0,50.0,0.0,0.0
2:30:00 AM,1,Wednesday,low,33.0,0.0,50.0,0.0,13.0
2:45:00 AM,1,Wednesday,normal,46.0,0.0,50.0,0.0,14.0
3:00:00 AM,1,Wednesday,normal,60.0,0.0,50.0,0.0,0.0
3:15:00 AM,1,Wednesday,normal,53.0,0.0,50.0,0.0,5.0
3:30:00 AM,1,Wednesday,normal,58.0,0.0,50.0,0.0,0.0
3:45:00 AM,1,Wednesday,low,27.0,0.0,50.0,0.0,11.0
4:00:00 AM,1,Wednesday,low,38.0,0.0,50.0,0.0,42.0
4:15:00 AM,1,Wednesday,low,80.0,0.0,50.0,0.0,37.0
4:30:00 AM,1,Wednesday,normal,117.0,0.0,50.0,0.0,14.0
4:45:00 AM,1,Wednesday,normal,131.0,0.0,50.0,0.0,0.0
5:00:00 AM,1,Wednesday,normal,126.0,0.0,50.0,0.0,0.0
5:15:00 AM,1,Wednesday,low,107.0,0.0,50.0,0.0,29.0
5:30:00 AM,1,Wednesday,normal,136.0,0.0,50.0,0.0,0.0
5:45:00 AM,1,Wednesday,normal,115.0,0.0,50.0,0.0,71.0
6:00:00 AM,1,Wednesday,heavy,186.0,5.9999999999999885,45.00000000000001,14.99999999999997,25.0
6:15:00 AM,1,Wednesday,heavy,211.0,31.0,24.166666666666664,77.5,0.0
6:30:00 AM,1,Wednesday,heavy,207.0,27.0,27.500000000000004,67.5,0.0
6:45:00 AM,1,Wednesday,heavy,170.0,0.0,50.0,0.0,18.0
7:00:00 AM,1,Wednesday,heavy,188.0,8.000000000000002,43.333333333333336,20.000000000000004,1.0
7:15:00 AM,1,Wednesday,heavy,189.0,8.999999999999982,42.500000000000014,22.499999999999954,0.0
7:30:00 AM,1,Wednesday,heavy,172.0,0.0,50.0,0.0,17.0
7:45:00 AM,1,Wednesday,heavy,189.0,8.999999999999982,42.500000000000014,22.499999999999954,2.0
8:00:00 AM,1,Wednesday,heavy,191.0,10.999999999999996,40.833333333333336,27.49999999999999,17.0
8:15:00 AM,1,Wednesday,heavy,208.0,27.99999999999998,26.666666666666682,69.99999999999994,0.0
8:30:00 AM,1,Wednesday,heavy,176.0,0.0,50.0,0.0,52.0
8:45:00 AM,1,Wednesday,heavy,228.0,48.00000000000001,9.999999999999993,120.00000000000001,0.0
9:00:00 AM,1,Wednesday,heavy,222.0,41.99999999999999,15.000000000000007,104.99999999999997,0.0
9:15:00 AM,1,Wednesday,normal,120.0,0.0,50.0,0.0,0.0
9:30:00 AM,1,Wednesday,normal,95.0,0.0,50.0,0.0,20.0
9:45:00 AM,1,Wednesday,normal,115.0,0.0,50.0,0.0,7.0
10:00:00 AM,1,Wednesday,normal,122.0,0.0,50.0,0.0,0.0
10:15:00 AM,1,Wednesday,normal,69.0,0.0,50.0,0.0,16.0
10:30:00 AM,1,Wednesday,normal,85.0,0.0,50.0,0.0,7.0
10:45:00 AM,1,Wednesday,normal,92.0,0.0,50.0,0.0,0.0
11:00:00 AM,1,Wednesday,normal,61.0,0.0,50.0,0.0,24.0
11:15:00 AM,1,Wednesday,normal,85.0,0.0,50.0,0.0,0.0
11:30:00 AM,1,Wednesday,normal,79.0,0.0,50.0,0.0,0.0
11:45:00 AM,1,Wednesday,normal,78.0,0.0,50.0,0.0,1.0
12:00:00 PM,1,Wednesday,normal,79.0,0.0,50.0,0.0,27.0
12:15:00 PM,1,Wednesday,normal,106.0,0.0,50.0,0.0,0.0
12:30:00 PM,1,Wednesday,normal,70.0,0.0,50.0,0.0,9.0
12:45:00 PM,1,Wednesday,normal,79.0,0.0,50.0,0.0,0.0
1:00:00 PM,1,Wednesday,normal,74.0,0.0,50.0,0.0,43.0
1:15:00 PM,1,Wednesday,normal,117.0,0.0,50.0,0.0,56.0
1:30:00 PM,1,Wednesday,heavy,173.0,0.0,50.0,0.0,0.0
1:45:00 PM,1,Wednesday,high,165.0,0.0,50.0,0.0,0.0
2:00:00 PM,1,Wednesday,normal,105.0,0.0,50.0,0.0,0.0
2:15:00 PM,1,Wednesday,low,63.0,0.0,50.0,0.0,92.0
2:30:00 PM,1,Wednesday,high,155.0,0.0,50.0,0.0,8.0
2:45:00 PM,1,Wednesday,high,163.0,0.0,50.0,0.0,0.0
3:00:00 PM,1,Wednesday,normal,151.0,0.0,50.0,0.0,0.0
3:15:00 PM,1,Wednesday,normal,132.0,0.0,50.0,0.0,25.0
3:30:00 PM,1,Wednesday,high,157.0,0.0,50.0,0.0,0.0
3:45:00 PM,1,Wednesday,normal,71.0,0.0,50.0,0.0,125.0
4:00:00 PM,1,Wednesday,heavy,196.0,15.999999999999979,36.66666666666668,39.99999999999994,4.0
4:15:00 PM,1,Wednesday,heavy,200.0,19.99999999999998,33.33333333333335,49.99999999999994,0.0
4:30:00 PM,1,Wednesday,heavy,194.0,13.99999999999999,38.33333333333334,34.99999999999997,0.0
4:45:00 PM,1,Wednesday,heavy,186.0,5.9999999999999885,45.00000000000001,14.99999999999997,36.0
5:00:00 PM,1,Wednesday,heavy,222.0,41.99999999999999,15.000000000000007,104.99999999999997,0.0
5:15:00 PM,1,Wednesday,heavy,207.0,27.0,27.500000000000004,67.5,0.0
5:30:00 PM,1,Wednesday,heavy,189.0,8.999999999999982,42.500000000000014,22.499999999999954,2.0
5:45:00 PM,1,Wednesday,heavy,191.0,10.999999999999996,40.833333333333336,27.49999999999999,4.0
6:00:00 PM,1,Wednesday,heavy,195.0,14.999999999999996,37.5,37.499999999999986,0.0
6:15:00 PM,1,Wednesday,heavy,193.0,12.999999999999984,39.166666666666686,32.49999999999996,0.0
6:30:00 PM,1,Wednesday,heavy,174.0,0.0,50.0,0.0,0.0
6:45:00 PM,1,Wednesday,normal,126.0,0.0,50.0,0.0,15.0
7:00:00 PM,1,Wednesday,normal,141.0,0.0,50.0,0.0,8.0
7:15:00 PM,1,Wednesday,normal,149.0,0.0,50.0,0.0,0.0
7:30:00 PM,1,Wednesday,normal,118.0,0.0,50.0,0.0,30.0
7:45:00 PM,1,Wednesday,normal,148.0,0.0,50.0,0.0,0.0
8:00:00 PM,1,Wednesday,high,145.0,0.0,50.0,0.0,0.0
8:15:00 PM,1,Wednesday,high,126.0,0.0,50.0,0.0,0.0
8:30:00 PM,1,Wednesday,normal,101.0,0.0,50.0,0.0,41.0
8:45:00 PM,1,Wednesday,normal,142.0,0.0,50.0,0.0,0.0
9:00:00 PM,1,Wednesday,normal,124.0,0.0,50.0,0.0,0.0
9:15:00 PM,1,Wednesday,low,110.0,0.0,50.0,0.0,30.0
9:30:00 PM,1,Wednesday,normal,140.0,0.0,50.0,0.0,0.0
9:45:00 PM,1,Wednesday,normal,127.0,0.0,50.0,0.0,0.0
10:00:00 PM,1,Wednesday,normal,57.0,0.0,50.0,0.0,0.0
10:15:00 PM,1,Wednesday,normal,47.0,0.0,50.0,0.0,0.0
10:30:00 PM,1,Wednesday,low,27.0,0.0,50.0,0.0,10.0
10:45:00 PM,1,Wednesday,normal,37.0,0.0,50.0,0.0,10.0
11:00:00 PM,1,Wednesday,normal,47.0,0.0,50.0,0.0,0.0
11:15:00 PM,1,Wednesday,normal,46.0,0.0,50.0,0.0,0.0
11:30:00 PM,1,Wednesday,normal,35.0,0.0,50.0,0.0,0.0
11:45:00 PM,1,Wednesday,low,33.0,0.0,50.0,0.0,23.0
12:00:00 AM,2,Thursday,normal,56.0,0.0,50.0,0.0,0.0
12:15:00 AM,2,Thursday,normal,49.0,0.0,50.0,0.0,7.0
12:30:00 AM,2,Thursday,normal,56.0,0.0,50.0,0.0,0.0
12:45:00 AM,2,Thursday,normal,38.0,0.0,50.0,0.0,3.0
1:00:00 AM,2,Thursday,normal,41.0,0.0,50.0,0.0,15.0
1:15:00 AM,2,Thursday,normal,56.0,0.0,50.0,0.0,0.0
1:30:00 AM,2,Thursday,low,26.0,0.0,50.0,0.0,1.0
1:45:00 AM,2,Thursday,low,27.0,0.0,50.0,0.0,27.0
2:00:00 AM,2,Thursday,normal,54.0,0.0,50.0,0.0,0.0
2:15:00 AM,2,Thursday,normal,48.0,0.0,50.0,0.0,5.0
2:30:00 AM,2,Thursday,normal,53.0,0.0,50.0,0.0,4.0
2:45:00 AM,2,Thursday,normal,57.0,0.0,50.0,0.0,0.0
3:00:00 AM,2,Thursday,low,28.0,0.0,50.0,0.0,10.0
3:15:00 AM,2,Thursday,normal,38.0,0.0,50.0,0.0,0.0
3:30:00 AM,2,Thursday,low,38.0,0.0,50.0,0.0,0.0
3:45:00 AM,2,Thursday,low,35.0,0.0,50.0,0.0,0.0
4:00:00 AM,2,Thursday,low,35.0,0.0,50.0,0.0,52.0
4:15:00 AM,2,Thursday,low,87.0,0.0,50.0,0.0,23.0
4:30:00 AM,2,Thursday,low,110.0,0.0,50.0,0.0,45.0
4:45:00 AM,2,Thursday,normal,155.0,0.0,50.0,0.0,0.0
5:00:00 AM,2,Thursday,low,93.0,0.0,50.0,0.0,52.0
5:15:00 AM,2,Thursday,normal,145.0,0.0,50.0,0.0,0.0
5:30:00 AM,2,Thursday,normal,136.0,0.0,50.0,0.0,0.0
5:45:00 AM,2,Thursday,normal,129.0,0.0,50.0,0.0,75.0
6:00:00 AM,2,Thursday,heavy,204.0,23.99999999999998,30.000000000000014,59.99999999999994,6.0
6:15:00 AM,2,Thursday,heavy,210.0,29.999999999999993,25.000000000000007,74.99999999999997,0.0
6:30:00 AM,2,Thursday,heavy,198.0,17.99999999999999,35.00000000000001,44.99999999999997,6.0
6:45:00 AM,2,Thursday,heavy,204.0,23.99999999999998,30.000000000000014,59.99999999999994,0.0
7:00:00 AM,2,Thursday,normal,167.0,0.0,50.0,0.0,25.0
7:15:00 AM,2,Thursday,heavy,192.0,12.000000000000002,40.0,30.000000000000004,33.0
7:30:00 AM,2,Thursday,heavy,225.0,44.99999999999999,12.500000000000005,112.49999999999997,0.0
7:45:00 AM,2,Thursday,heavy,170.0,0.0,50.0,0.0,0.0
8:00:00 AM,2,Thursday,high,166.0,0.0,50.0,0.0,23.0
8:15:00 AM,2,Thursday,heavy,189.0,8.999999999999982,42.500000000000014,22.499999999999954,11.0
8:30:00 AM,2,Thursday,heavy,200.0,19.99999999999998,33.33333333333335,49.99999999999994,0.0
8:45:00 AM,2,Thursday,high,150.0,0.0,50.0,0.0,55.0
9:00:00 AM,2,Thursday,heavy,205.0,24.999999999999986,29.16666666666668,62.499999999999964,0.0
9:15:00 AM,2,Thursday,high,125.0,0.0,50.0,0.0,0.0
9:30:00 AM,2,Thursday,normal,83.0,0.0,50.0,0.0,0.0
9:45:00 AM,2,Thursday,normal,76.0,0.0,50.0,0.0,36.0
10:00:00 AM,2,Thursday,high,112.0,0.0,50.0,0.0,0.0
10:15:00 AM,2,Thursday,normal,101.0,0.0,50.0,0.0,33.0
10:30:00 AM,2,Thursday,normal,134.0,0.0,50.0,0.0,0.0
10:45:00 AM,2,Thursday,normal,70.0,0.0,50.0,0.0,10.0
11:00:00 AM,2,Thursday,normal,80.0,0.0,50.0,0.0,21.0
11:15:00 AM,2,Thursday,normal,101.0,0.0,50.0,0.0,0.0
11:30:00 AM,2,Thursday,normal,72.0,0.0,50.0,0.0,22.0
11:45:00 AM,2,Thursday,normal,94.0,0.0,50.0,0.0,0.0
12:00:00 PM,2,Thursday,normal,94.0,0.0,50.0,0.0,0.0
12:15:00 PM,2,Thursday,normal,75.0,0.0,50.0,0.0,29.0
12:30:00 PM,2,Thursday,normal,104.0,0.0,50.0,0.0,0.0
12:45:00 PM,2,Thursday,normal,88.0,0.0,50.0,0.0,0.0
1:00:00 PM,2,Thursday,normal,70.0,0.0,50.0,0.0,60.0
1:15:00 PM,2,Thursday,normal,130.0,0.0,50.0,0.0,46.0
1:30:00 PM,2,Thursday,heavy,176.0,0.0,50.0,0.0,0.0
1:45:00 PM,2,Thursday,normal,134.0,0.0,50.0,0.0,0.0
2:00:00 PM,2,Thursday,normal,107.0,0.0,50.0,0.0,0.0
2:15:00 PM,2,Thursday,low,105.0,0.0,50.0,0.0,0.0
2:30:00 PM,2,Thursday,normal,86.0,0.0,50.0,0.0,0.0
2:45:00 PM,2,Thursday,normal,80.0,0.0,50.0,0.0,0.0
3:00:00 PM,2,Thursday,low,76.0,0.0,50.0,0.0,5.0
3:15:00 PM,2,Thursday,normal,81.0,0.0,50.0,0.0,54.0
3:30:00 PM,2,Thursday,normal,135.0,0.0,50.0,0.0,20.0
3:45:00 PM,2,Thursday,normal,155.0,0.0,50.0,0.0,68.0
4:00:00 PM,2,Thursday,normal,223.0,43.0,14.166666666666666,107.5,0.0
4:15:00 PM,2,Thursday,heavy,203.0,23.0,30.833333333333336,57.5,0.0
4:30:00 PM,2,Thursday,heavy,185.0,4.999999999999982,45.83333333333335,12.499999999999956,0.0
4:45:00 PM,2,Thursday,heavy,173.0,0.0,50.0,0.0,0.0
5:00:00 PM,2,Thursday,high,151.0,0.0,50.0,0.0,63.0
5:15:00 PM,2,Thursday,heavy,214.0,33.99999999999999,21.66666666666667,84.99999999999997,14.0
5:30:00 PM,2,Thursday,heavy,228.0,48.00000000000001,9.999999999999993,120.00000000000001,0.0
5:45:00 PM,2,Thursday,heavy,203.0,23.0,30.833333333333336,57.5,13.0
6:00:00 PM,2,Thursday,heavy,216.0,35.99999999999998,20.000000000000018,89.99999999999994,0.0
6:15:00 PM,2,Thursday,heavy,216.0,35.99999999999998,20.000000000000018,89.99999999999994,0.0
6:30:00 PM,2,Thursday,high,165.0,0.0,50.0,0.0,0.0
6:45:00 PM,2,Thursday,high,152.0,0.0,50.0,0.0,0.0
7:00:00 PM,2,Thursday,low,94.0,0.0,50.0,0.0,45.0
7:15:00 PM,2,Thursday,high,139.0,0.0,50.0,0.0,0.0
7:30:00 PM,2,Thursday,low,98.0,0.0,50.0,0.0,38.0
7:45:00 PM,2,Thursday,normal,136.0,0.0,50.0,0.0,0.0
8:00:00 PM,2,Thursday,normal,119.0,0.0,50.0,0.0,4.0
8:15:00 PM,2,Thursday,normal,123.0,0.0,50.0,0.0,5.0
8:30:00 PM,2,Thursday,high,128.0,0.0,50.0,0.0,38.0
8:45:00 PM,2,Thursday,high,166.0,0.0,50.0,0.0,0.0
9:00:00 PM,2,Thursday,normal,137.0,0.0,50.0,0.0,28.0
9:15:00 PM,2,Thursday,high,165.0,0.0,50.0,0.0,0.0
9:30:00 PM,2,Thursday,high,127.0,0.0,50.0,0.0,0.0
9:45:00 PM,2,Thursday,normal,103.0,0.0,50.0,0.0,0.0
10:00:00 PM,2,Thursday,normal,41.0,0.0,50.0,0.0,0.0
10:15:00 PM,2,Thursday,normal,41.0,0.0,50.0,0.0,0.0
10:30:00 PM,2,Thursday,low,24.0,0.0,50.0,0.0,16.0
10:45:00 PM,2,Thursday,normal,40.0,0.0,50.0,0.0,0.0
11:00:00 PM,2,Thursday,low,32.0,0.0,50.0,0.0,4.0
11:15:00 PM,2,Thursday,normal,36.0,0.0,50.0,0.0,17.0
11:30:00 PM,2,Thursday,normal,53.0,0.0,50.0,0.0,0.0
11:45:00 PM,2,Thursday,normal,38.0,0.0,50.0,0.0,7.0
12:00:00 AM,3,Friday,normal,45.0,0.0,50.0,0.0,0.0
12:15:00 AM,3,Friday,normal,39.0,0.0,50.0,0.0,11.0
12:30:00 AM,3,Friday,normal,50.0,0.0,50.0,0.0,0.0
12:45:00 AM,3,Friday,low,30.0,0.0,50.0,0.0,0.0
1:00:00 AM,3,Friday,low,27.0,0.0,50.0,0.0,25.0
1:15:00 AM,3,Friday,normal,52.0,0.0,50.0,0.0,4.0
1:30:00 AM,3,Friday,normal,56.0,0.0,50.0,0.0,0.0
1:45:00 AM,3,Friday,normal,42.0,0.0,50.0,0.0,0.0
2:00:00 AM,3,Friday,low,28.0,0.0,50.0,0.0,9.0
2:15:00 AM,3,Friday,normal,37.0,0.0,50.0,0.0,5.0
2:30:00 AM,3,Friday,normal,42.0,0.0,50.0,0.0,6.0
2:45:00 AM,3,Friday,normal,48.0,0.0,50.0,0.0,0.0
3:00:00 AM,3,Friday,low,37.0,0.0,50.0,0.0,13.0
3:15:00 AM,3,Friday,normal,50.0,0.0,50.0,0.0,2.0
3:30:00 AM,3,Friday,normal,52.0,0.0,50.0,0.0,0.0
3:45:00 AM,3,Friday,normal,33.0,0.0,50.0,0.0,0.0
4:00:00 AM,3,Friday,low,32.0,0.0,50.0,0.0,19.0
4:15:00 AM,3,Friday,low,51.0,0.0,50.0,0.0,19.0
4:30:00 AM,3,Friday,low,70.0,0.0,50.0,0.0,35.0
4:45:00 AM,3,Friday,low,105.0,0.0,50.0,0.0,0.0
5:00:00 AM,3,Friday,low,63.0,0.0,50.0,0.0,28.0
5:15:00 AM,3,Friday,low,91.0,0.0,50.0,0.0,0.0
5:30:00 AM,3,Friday,low,63.0,0.0,50.0,0.0,17.0
5:45:00 AM,3,Friday,low,80.0,0.0,50.0,0.0,21.0
6:00:00 AM,3,Friday,low,101.0,0.0,50.0,0.0,0.0
6:15:00 AM,3,Friday,low,85.0,0.0,50.0,0.0,0.0
6:30:00 AM,3,Friday,low,65.0,0.0,50.0,0.0,51.0
6:45:00 AM,3,Friday,normal,116.0,0.0,50.0,0.0,0.0
7:00:00 AM,3,Friday,low,51.0,0.0,50.0,0.0,51.0
7:15:00 AM,3,Friday,low,102.0,0.0,50.0,0.0,10.0
7:30:00 AM,3,Friday,normal,112.0,0.0,50.0,0.0,0.0
7:45:00 AM,3,Friday,low,81.0,0.0,50.0,0.0,1.0
8:00:00 AM,3,Friday,low,82.0,0.0,50.0,0.0,0.0
8:15:00 AM,3,Friday,low,57.0,0.0,50.0,0.0,41.0
8:30:00 AM,3,Friday,low,98.0,0.0,50.0,0.0,0.0
8:45:00 AM,3,Friday,low,94.0,0.0,50.0,0.0,0.0
9:00:00 AM,3,Friday,low,69.0,0.0,50.0,0.0,164.0
9:15:00 AM,3,Friday,heavy,233.0,52.99999999999999,5.83333333333334,132.49999999999997,0.0
9:30:00 AM,3,Friday,heavy,226.0,46.0,11.666666666666664,115.0,39.0
9:45:00 AM,3,Friday,heavy,265.0,60.0,5.0,150.0,0.0
10:00:00 AM,3,Friday,heavy,200.0,19.99999999999998,33.33333333333335,49.99999999999994,34.0
10:15:00 AM,3,Friday,heavy,234.0,54.0,5.0,135.0,0.0
10:30:00 AM,3,Friday,heavy,222.0,41.99999999999999,15.000000000000007,104.99999999999997,0.0
10:45:00 AM,3,Friday,heavy,207.0,27.0,27.500000000000004,67.5,13.0
11:00:00 AM,3,Friday,heavy,220.0,39.999999999999986,16.66666666666668,99.99999999999996,27.0
11:15:00 AM,3,Friday,heavy,247.0,60.0,5.0,150.0,0.0
11:30:00 AM,3,Friday,heavy,231.0,50.99999999999998,7.500000000000018,127.49999999999994,6.0
11:45:00 AM,3,Friday,heavy,237.0,56.999999999999964,5.0,142.49999999999991,0.0
12:00:00 PM,3,Friday,heavy,233.0,52.99999999999999,5.83333333333334,132.49999999999997,0.0
12:15:00 PM,3,Friday,heavy,206.0,25.999999999999993,28.33333333333334,64.99999999999997,20.0
12:30:00 PM,3,Friday,heavy,226.0,46.0,11.666666666666664,115.0,0.0
12:45:00 PM,3,Friday,heavy,201.0,20.999999999999986,32.500000000000014,52.499999999999964,24.0
1:00:00 PM,3,Friday,heavy,225.0,44.99999999999999,12.500000000000005,112.49999999999997,29.0
1:15:00 PM,3,Friday,heavy,254.0,60.0,5.0,150.0,0.0
1:30:00 PM,3,Friday,heavy,225.0,44.99999999999999,12.500000000000005,112.49999999999997,0.0
1:45:00 PM,3,Friday,heavy,219.0,39.0,17.5,97.5,0.0
2:00:00 PM,3,Friday,heavy,219.0,39.0,17.5,97.5,27.0
2:15:00 PM,3,Friday,heavy,246.0,60.0,5.0,150.0,0.0
2:30:00 PM,3,Friday,heavy,236.0,56.000000000000014,5.0,140.00000000000003,0.0
2:45:00 PM,3,Friday,heavy,212.0,31.999999999999982,23.33333333333335,79.99999999999996,39.0
3:00:00 PM,3,Friday,heavy,251.0,60.0,5.0,150.0,0.0
3:15:00 PM,3,Friday,low,104.0,0.0,50.0,0.0,0.0
3:30:00 PM,3,Friday,normal,104.0,0.0,50.0,0.0,0.0
3:45:00 PM,3,Friday,low,84.0,0.0,50.0,0.0,39.0
4:00:00 PM,3,Friday,normal,123.0,0.0,50.0,0.0,0.0
4:15:00 PM,3,Friday,low,85.0,0.0,50.0,0.0,7.0
4:30:00 PM,3,Friday,low,92.0,0.0,50.0,0.0,19.0
4:45:00 PM,3,Friday,low,111.0,0.0,50.0,0.0,17.0
5:00:00 PM,3,Friday,normal,128.0,0.0,50.0,0.0,0.0
5:15:00 PM,3,Friday,low,82.0,0.0,50.0,0.0,26.0
5:30:00 PM,3,Friday,low,108.0,0.0,50.0,0.0,0.0
5:45:00 PM,3,Friday,normal,104.0,0.0,50.0,0.0,0.0
6:00:00 PM,3,Friday,low,90.0,0.0,50.0,0.0,3.0
6:15:00 PM,3,Friday,low,93.0,0.0,50.0,0.0,21.0
6:30:00 PM,3,Friday,normal,114.0,0.0,50.0,0.0,10.0
6:45:00 PM,3,Friday,normal,124.0,0.0,50.0,0.0,0.0
7:00:00 PM,3,Friday,normal,117.0,0.0,50.0,0.0,0.0
7:15:00 PM,3,Friday,low,55.0,0.0,50.0,0.0,0.0
7:30:00 PM,3,Friday,low,51.0,0.0,50.0,0.0,0.0
7:45:00 PM,3,Friday,low,47.0,0.0,50.0,0.0,18.0
8:00:00 PM,3,Friday,low,65.0,0.0,50.0,0.0,0.0
8:15:00 PM,3,Friday,low,54.0,0.0,50.0,0.0,0.0
8:30:00 PM,3,Friday,low,50.0,0.0,50.0,0.0,11.0
8:45:00 PM,3,Friday,low,61.0,0.0,50.0,0.0,0.0
9:00:00 PM,3,Friday,low,57.0,0.0,50.0,0.0,0.0
9:15:00 PM,3,Friday,low,46.0,0.0,50.0,0.0,0.0
9:30:00 PM,3,Friday,low,43.0,0.0,50.0,0.0,1.0
9:45:00 PM,3,Friday,low,44.0,0.0,50.0,0.0,0.0
10:00:00 PM,3,Friday,normal,39.0,0.0,50.0,0.0,19.0
10:15:00 PM,3,Friday,normal,58.0,0.0,50.0,0.0,0.0
10:30:00 PM,3,Friday,normal,44.0,0.0,50.0,0.0,0.0
10:45:00 PM,3,Friday,normal,41.0,0.0,50.0,0.0,12.0
11:00:00 PM,3,Friday,normal,53.0,0.0,50.0,0.0,0.0
11:15:00 PM,3,Friday,normal,41.0,0.0,50.0,0.0,0.0
11:30:00 PM,3,Friday,low,34.0,0.0,50.0,0.0,24.0
11:45:00 PM,3,Friday,normal,58.0,0.0,50.0,0.0,0.0
12:00:00 AM,4,Saturday,normal,40.0,0.0,50.0,0.0,0.0
12:15:00 AM,4,Saturday,low,36.0,0.0,50.0,0.0,0.0
12:30:00 AM,4,Saturday,low,31.0,0.0,50.0,0.0,9.0
12:45:00 AM,4,Saturday,normal,40.0,0.0,50.0,0.0,0.0
1:00:00 AM,4,Saturday,low,30.0,0.0,50.0,0.0,9.0
1:15:00 AM,4,Saturday,normal,39.0,0.0,50.0,0.0,0.0
1:30:00 AM,4,Saturday,low,30.0,0.0,50.0,0.0,13.0
1:45:00 AM,4,Saturday,normal,43.0,0.0,50.0,0.0,0.0
2:00:00 AM,4,Saturday,low,27.0,0.0,50.0,0.0,0.0
2:15:00 AM,4,Saturday,low,22.0,0.0,50.0,0.0,19.0
2:30:00 AM,4,Saturday,low,41.0,0.0,50.0,0.0,0.0
2:45:00 AM,4,Saturday,low,27.0,0.0,50.0,0.0,21.0
3:00:00 AM,4,Saturday,normal,48.0,0.0,50.0,0.0,1.0
3:15:00 AM,4,Saturday,normal,49.0,0.0,50.0,0.0,14.0
3:30:00 AM,4,Saturday,normal,63.0,0.0,50.0,0.0,0.0
3:45:00 AM,4,Saturday,normal,51.0,0.0,50.0,0.0,0.0
4:00:00 AM,4,Saturday,normal,42.0,0.0,50.0,0.0,53.0
4:15:00 AM,4,Saturday,low,95.0,0.0,50.0,0.0,53.0
4:30:00 AM,4,Saturday,normal,148.0,0.0,50.0,0.0,0.0
4:45:00 AM,4,Saturday,normal,143.0,0.0,50.0,0.0,0.0
5:00:00 AM,4,Saturday,normal,138.0,0.0,50.0,0.0,4.0
5:15:00 AM,4,Saturday,normal,142.0,0.0,50.0,0.0,10.0
5:30:00 AM,4,Saturday,normal,152.0,0.0,50.0,0.0,0.0
5:45:00 AM,4,Saturday,normal,113.0,0.0,50.0,0.0,55.0
6:00:00 AM,4,Saturday,heavy,168.0,0.0,50.0,0.0,57.0
6:15:00 AM,4,Saturday,heavy,225.0,44.99999999999999,12.500000000000005,112.49999999999997,0.0
6:30:00 AM,4,Saturday,heavy,171.0,0.0,50.0,0.0,17.0
6:45:00 AM,4,Saturday,heavy,188.0,8.000000000000002,43.333333333333336,20.000000000000004,16.0
7:00:00 AM,4,Saturday,heavy,204.0,23.99999999999998,30.000000000000014,59.99999999999994,0.0
7:15:00 AM,4,Saturday,heavy,185.0,4.999999999999982,45.83333333333335,12.499999999999956,0.0
7:30:00 AM,4,Saturday,heavy,180.0,0.0,50.0,0.0,6.0
7:45:00 AM,4,Saturday,heavy,186.0,5.9999999999999885,45.00000000000001,14.99999999999997,47.0
8:00:00 AM,4,Saturday,heavy,233.0,52.99999999999999,5.83333333333334,132.49999999999997,0.0
8:15:00 AM,4,Saturday,high,156.0,0.0,50.0,0.0,56.0
8:30:00 AM,4,Saturday,heavy,212.0,31.999999999999982,23.33333333333335,79.99999999999996,0.0
8:45:00 AM,4,Saturday,heavy,171.0,0.0,50.0,0.0,47.0
9:00:00 AM,4,Saturday,heavy,218.0,37.99999999999999,18.33333333333334,94.99999999999997,0.0
9:15:00 AM,4,Saturday,low,80.0,0.0,50.0,0.0,62.0
9:30:00 AM,4,Saturday,high,142.0,0.0,50.0,0.0,0.0
9:45:00 AM,4,Saturday,high,125.0,0.0,50.0,0.0,3.0
10:00:00 AM,4,Saturday,high,128.0,0.0,50.0,0.0,0.0
10:15:00 AM,4,Saturday,normal,110.0,0.0,50.0,0.0,5.0
10:30:00 AM,4,Saturday,normal,115.0,0.0,50.0,0.0,7.0
10:45:00 AM,4,Saturday,high,122.0,0.0,50.0,0.0,0.0
11:00:00 AM,4,Saturday,normal,66.0,0.0,50.0,0.0,21.0
11:15:00 AM,4,Saturday,normal,87.0,0.0,50.0,0.0,0.0
11:30:00 AM,4,Saturday,normal,78.0,0.0,50.0,0.0,2.0
11:45:00 AM,4,Saturday,normal,80.0,0.0,50.0,0.0,0.0
12:00:00 PM,4,Saturday,normal,77.0,0.0,50.0,0.0,25.0
12:15:00 PM,4,Saturday,normal,102.0,0.0,50.0,0.0,0.0
12:30:00 PM,4,Saturday,normal,86.0,0.0,50.0,0.0,7.0
12:45:00 PM,4,Saturday,normal,93.0,0.0,50.0,0.0,0.0
1:00:00 PM,4,Saturday,normal,69.0,0.0,50.0,0.0,44.0
1:15:00 PM,4,Saturday,high,113.0,0.0,50.0,0.0,0.0
1:30:00 PM,4,Saturday,normal,108.0,0.0,50.0,0.0,77.0
1:45:00 PM,4,Saturday,heavy,185.0,4.999999999999982,45.83333333333335,12.499999999999956,0.0
2:00:00 PM,4,Saturday,normal,114.0,0.0,50.0,0.0,0.0
2:15:00 PM,4,Saturday,normal,79.0,0.0,50.0,0.0,77.0
2:30:00 PM,4,Saturday,normal,156.0,0.0,50.0,0.0,0.0
2:45:00 PM,4,Saturday,normal,121.0,0.0,50.0,0.0,48.0
3:00:00 PM,4,Saturday,heavy,169.0,0.0,50.0,0.0,24.0
3:15:00 PM,4,Saturday,heavy,193.0,12.999999999999984,39.166666666666686,32.49999999999996,0.0
3:30:00 PM,4,Saturday,low,95.0,0.0,50.0,0.0,45.0
3:45:00 PM,4,Saturday,normal,140.0,0.0,50.0,0.0,48.0
4:00:00 PM,4,Saturday,heavy,188.0,8.000000000000002,43.333333333333336,20.000000000000004,0.0
4:15:00 PM,4,Saturday,heavy,172.0,0.0,50.0,0.0,17.0
4:30:00 PM,4,Saturday,heavy,189.0,8.999999999999982,42.500000000000014,22.499999999999954,0.0
4:45:00 PM,4,Saturday,heavy,180.0,0.0,50.0,0.0,24.0
5:00:00 PM,4,Saturday,heavy,204.0,23.99999999999998,30.000000000000014,59.99999999999994,0.0
5:15:00 PM,4,Saturday,heavy,173.0,0.0,50.0,0.0,0.0
5:30:00 PM,4,Saturday,normal,151.0,0.0,50.0,0.0,86.0
5:45:00 PM,4,Saturday,heavy,237.0,56.999999999999964,5.0,142.49999999999991,0.0
6:00:00 PM,4,Saturday,heavy,202.0,21.999999999999993,31.666666666666675,54.99999999999998,0.0
6:15:00 PM,4,Saturday,heavy,171.0,0.0,50.0,0.0,27.0
6:30:00 PM,4,Saturday,heavy,198.0,17.99999999999999,35.00000000000001,44.99999999999997,0.0
6:45:00 PM,4,Saturday,normal,136.0,0.0,50.0,0.0,19.0
7:00:00 PM,4,Saturday,normal,155.0,0.0,50.0,0.0,0.0
7:15:00 PM,4,Saturday,normal,105.0,0.0,50.0,0.0,45.0
7:30:00 PM,4,Saturday,normal,150.0,0.0,50.0,0.0,0.0
7:45:00 PM,4,Saturday,normal,132.0,0.0,50.0,0.0,26.0
8:00:00 PM,4,Saturday,normal,158.0,0.0,50.0,0.0,0.0
8:15:00 PM,4,Saturday,normal,132.0,0.0,50.0,0.0,11.0
8:30:00 PM,4,Saturday,normal,143.0,0.0,50.0,0.0,0.0
8:45:00 PM,4,Saturday,normal,127.0,0.0,50.0,0.0,0.0
9:00:00 PM,4,Saturday,normal,114.0,0.0,50.0,0.0,18.0
9:15:00 PM,4,Saturday,normal,132.0,0.0,50.0,0.0,0.0
9:30:00 PM,4,Saturday,normal,112.0,0.0,50.0,0.0,50.0
9:45:00 PM,4,Saturday,normal,162.0,0.0,50.0,0.0,0.0
10:00:00 PM,4,Saturday,low,24.0,0.0,50.0,0.0,26.0
10:15:00 PM,4,Saturday,normal,50.0,0.0,50.0,0.0,0.0
10:30:00 PM,4,Saturday,low,36.0,0.0,50.0,0.0,1.0
10:45:00 PM,4,Saturday,low,37.0,0.0,50.0,0.0,20.0
11:00:00 PM,4,Saturday,normal,57.0,0.0,50.0,0.0,1.0
11:15:00 PM,4,Saturday,normal,58.0,0.0,50.0,0.0,0.0
11:30:00 PM,4,Saturday,normal,48.0,0.0,50.0,0.0,0.0
11:45:00 PM,4,Saturday,low,35.0,0.0,50.0,0.0,21.0
12:00:00 AM,5,Sunday,normal,56.0,0.0,50.0,0.0,0.0
12:15:00 AM,5,Sunday,low,30.0,0.0,50.0,0.0,8.0
12:30:00 AM,5,Sunday,normal,38.0,0.0,50.0,0.0,14.0
12:45:00 AM,5,Sunday,normal,52.0,0.0,50.0,0.0,2.0
1:00:00 AM,5,Sunday,normal,54.0,0.0,50.0,0.0,0.0
1:15:00 AM,5,Sunday,low,31.0,0.0,50.0,0.0,11.0
1:30:00 AM,5,Sunday,normal,42.0,0.0,50.0,0.0,7.0
1:45:00 AM,5,Sunday,normal,49.0,0.0,50.0,0.0,5.0
2:00:00 AM,5,Sunday,normal,54.0,0.0,50.0,0.0,0.0
2:15:00 AM,5,Sunday,normal,42.0,0.0,50.0,0.0,12.0
2:30:00 AM,5,Sunday,normal,54.0,0.0,50.0,0.0,0.0
2:45:00 AM,5,Sunday,low,33.0,0.0,50.0,0.0,16.0
3:00:00 AM,5,Sunday,normal,49.0,0.0,50.0,0.0,8.0
3:15:00 AM,5,Sunday,normal,57.0,0.0,50.0,0.0,0.0
3:30:00 AM,5,Sunday,low,31.0,0.0,50.0,0.0,18.0
3:45:00 AM,5,Sunday,normal,49.0,0.0,50.0,0.0,0.0
4:00:00 AM,5,Sunday,normal,35.0,0.0,50.0,0.0,79.0
4:15:00 AM,5,Sunday,normal,114.0,0.0,50.0,0.0,37.0
4:30:00 AM,5,Sunday,normal,151.0,0.0,50.0,0.0,0.0
4:45:00 AM,5,Sunday,normal,88.0,0.0,50.0,0.0,49.0
5:00:00 AM,5,Sunday,normal,137.0,0.0,50.0,0.0,0.0
5:15:00 AM,5,Sunday,normal,118.0,0.0,50.0,0.0,19.0
5:30:00 AM,5,Sunday,normal,137.0,0.0,50.0,0.0,0.0
5:45:00 AM,5,Sunday,low,104.0,0.0,50.0,0.0,118.0
6:00:00 AM,5,Sunday,heavy,222.0,41.99999999999999,15.000000000000007,104.99999999999997,0.0
6:15:00 AM,5,Sunday,heavy,196.0,15.999999999999979,36.66666666666668,39.99999999999994,0.0
6:30:00 AM,5,Sunday,heavy,191.0,10.999999999999996,40.833333333333336,27.49999999999999,0.0
6:45:00 AM,5,Sunday,normal,167.0,0.0,50.0,0.0,0.0
7:00:00 AM,5,Sunday,normal,155.0,0.0,50.0,0.0,0.0
7:15:00 AM,5,Sunday,high,155.0,0.0,50.0,0.0,40.0
7:30:00 AM,5,Sunday,heavy,195.0,14.999999999999996,37.5,37.499999999999986,0.0
7:45:00 AM,5,Sunday,heavy,172.0,0.0,50.0,0.0,0.0
8:00:00 AM,5,Sunday,heavy,170.0,0.0,50.0,0.0,0.0
8:15:00 AM,5,Sunday,heavy,169.0,0.0,50.0,0.0,12.0
8:30:00 AM,5,Sunday,heavy,181.0,0.9999999999999815,49.16666666666668,2.4999999999999534,32.0
8:45:00 AM,5,Sunday,heavy,213.0,32.999999999999986,22.500000000000014,82.49999999999996,0.0
9:00:00 AM,5,Sunday,heavy,178.0,0.0,50.0,0.0,0.0
9:15:00 AM,5,Sunday,low,69.0,0.0,50.0,0.0,66.0
9:30:00 AM,5,Sunday,normal,135.0,0.0,50.0,0.0,0.0
9:45:00 AM,5,Sunday,normal,104.0,0.0,50.0,0.0,0.0
10:00:00 AM,5,Sunday,normal,82.0,0.0,50.0,0.0,67.0
10:15:00 AM,5,Sunday,high,149.0,0.0,50.0,0.0,0.0
10:30:00 AM,5,Sunday,high,144.0,0.0,50.0,0.0,0.0
10:45:00 AM,5,Sunday,normal,72.0,0.0,50.0,0.0,11.0
11:00:00 AM,5,Sunday,normal,83.0,0.0,50.0,0.0,19.0
11:15:00 AM,5,Sunday,normal,102.0,0.0,50.0,0.0,0.0
11:30:00 AM,5,Sunday,normal,91.0,0.0,50.0,0.0,10.0
11:45:00 AM,5,Sunday,normal,101.0,0.0,50.0,0.0,0.0
12:00:00 PM,5,Sunday,normal,74.0,0.0,50.0,0.0,7.0
12:15:00 PM,5,Sunday,normal,81.0,0.0,50.0,0.0,0.0
12:30:00 PM,5,Sunday,normal,81.0,0.0,50.0,0.0,0.0
12:45:00 PM,5,Sunday,normal,61.0,0.0,50.0,0.0,0.0
1:00:00 PM,5,Sunday,normal,55.0,0.0,50.0,0.0,49.0
1:15:00 PM,5,Sunday,normal,104.0,0.0,50.0,0.0,56.0
1:30:00 PM,5,Sunday,high,160.0,0.0,50.0,0.0,17.0
1:45:00 PM,5,Sunday,heavy,177.0,0.0,50.0,0.0,8.0
2:00:00 PM,5,Sunday,heavy,185.0,4.999999999999982,45.83333333333335,12.499999999999956,0.0
2:15:00 PM,5,Sunday,normal,108.0,0.0,50.0,0.0,23.0
2:30:00 PM,5,Sunday,normal,131.0,0.0,50.0,0.0,0.0
2:45:00 PM,5,Sunday,normal,118.0,0.0,50.0,0.0,36.0
3:00:00 PM,5,Sunday,normal,154.0,0.0,50.0,0.0,0.0
3:15:00 PM,5,Sunday,normal,131.0,0.0,50.0,0.0,0.0
3:30:00 PM,5,Sunday,high,121.0,0.0,50.0,0.0,0.0
3:45:00 PM,5,Sunday,low,96.0,0.0,50.0,0.0,86.0
4:00:00 PM,5,Sunday,heavy,182.0,1.999999999999988,48.33333333333334,4.99999999999997,40.0
4:15:00 PM,5,Sunday,heavy,222.0,41.99999999999999,15.000000000000007,104.99999999999997,0.0
4:30:00 PM,5,Sunday,heavy,186.0,5.9999999999999885,45.00000000000001,14.99999999999997,21.0
4:45:00 PM,5,Sunday,heavy,207.0,27.0,27.500000000000004,67.5,0.0
5:00:00 PM,5,Sunday,heavy,187.0,6.999999999999995,44.16666666666667,17.499999999999986,7.0
5:15:00 PM,5,Sunday,heavy,194.0,13.99999999999999,38.33333333333334,34.99999999999997,27.0
5:30:00 PM,5,Sunday,heavy,221.0,40.999999999999986,15.833333333333343,102.49999999999996,0.0
5:45:00 PM,5,Sunday,high,163.0,0.0,50.0,0.0,41.0
6:00:00 PM,5,Sunday,heavy,204.0,23.99999999999998,30.000000000000014,59.99999999999994,0.0
6:15:00 PM,5,Sunday,heavy,193.0,12.999999999999984,39.166666666666686,32.49999999999996,20.0
6:30:00 PM,5,Sunday,heavy,213.0,32.999999999999986,22.500000000000014,82.49999999999996,0.0
6:45:00 PM,5,Sunday,normal,135.0,0.0,50.0,0.0,22.0
7:00:00 PM,5,Sunday,normal,157.0,0.0,50.0,0.0,0.0
7:15:00 PM,5,Sunday,normal,150.0,0.0,50.0,0.0,13.0
7:30:00 PM,5,Sunday,normal,163.0,0.0,50.0,0.0,0.0
7:45:00 PM,5,Sunday,normal,149.0,0.0,50.0,0.0,0.0
8:00:00 PM,5,Sunday,low,101.0,0.0,50.0,0.0,35.0
8:15:00 PM,5,Sunday,normal,136.0,0.0,50.0,0.0,26.0
8:30:00 PM,5,Sunday,normal,162.0,0.0,50.0,0.0,0.0
8:45:00 PM,5,Sunday,high,157.0,0.0,50.0,0.0,0.0
9:00:00 PM,5,Sunday,normal,148.0,0.0,50.0,0.0,0.0
9:15:00 PM,5,Sunday,normal,134.0,0.0,50.0,0.0,0.0
9:30:00 PM,5,Sunday,high,127.0,0.0,50.0,0.0,27.0
9:45:00 PM,5,Sunday,normal,154.0,0.0,50.0,0.0,0.0
10:00:00 PM,5,Sunday,normal,42.0,0.0,50.0,0.0,8.0
10:15:00 PM,5,Sunday,normal,50.0,0.0,50.0,0.0,0.0
10:30:00 PM,5,Sunday,normal,49.0,0.0,50.0,0.0,0.0
10:45:00 PM,5,Sunday,normal,45.0,0.0,50.0,0.0,0.0
11:00:00 PM,5,Sunday,normal,42.0,0.0,50.0,0.0,0.0
11:15:00 PM,5,Sunday,normal,37.0,0.0,50.0,0.0,7.0
11:30:00 PM,5,Sunday,normal,44.0,0.0,50.0,0.0,0.0
11:45:00 PM,5,Sunday,low,40.0,0.0,50.0,0.0,0.0
12:00:00 AM,6,Monday,normal,40.0,0.0,50.0,0.0,0.0
12:15:00 AM,6,Monday,normal,38.0,0.0,50.0,0.0,2.0
12:30:00 AM,6,Monday,low,40.0,0.0,50.0,0.0,3.0
12:45:00 AM,6,Monday,normal,43.0,0.0,50.0,0.0,10.0
1:00:00 AM,6,Monday,normal,53.0,0.0,50.0,0.0,0.0
1:15:00 AM,6,Monday,normal,51.0,0.0,50.0,0.0,0.0
1:30:00 AM,6,Monday,low,34.0,0.0,50.0,0.0,13.0
1:45:00 AM,6,Monday,normal,47.0,0.0,50.0,0.0,0.0
2:00:00 AM,6,Monday,low,36.0,0.0,50.0,0.0,0.0
2:15:00 AM,6,Monday,low,25.0,0.0,50.0,0.0,20.0
2:30:00 AM,6,Monday,normal,45.0,0.0,50.0,0.0,0.0
2:45:00 AM,6,Monday,low,32.0,0.0,50.0,0.0,4.0
3:00:00 AM,6,Monday,normal,36.0,0.0,50.0,0.0,21.0
3:15:00 AM,6,Monday,normal,57.0,0.0,50.0,0.0,0.0
3:30:00 AM,6,Monday,normal,50.0,0.0,50.0,0.0,0.0
3:45:00 AM,6,Monday,normal,44.0,0.0,50.0,0.0,0.0
4:00:00 AM,6,Monday,normal,43.0,0.0,50.0,0.0,69.0
4:15:00 AM,6,Monday,normal,112.0,0.0,50.0,0.0,23.0
4:30:00 AM,6,Monday,normal,135.0,0.0,50.0,0.0,0.0
4:45:00 AM,6,Monday,normal,132.0,0.0,50.0,0.0,0.0
5:00:00 AM,6,Monday,normal,118.0,0.0,50.0,0.0,0.0
5:15:00 AM,6,Monday,low,107.0,0.0,50.0,0.0,0.0
5:30:00 AM,6,Monday,low,91.0,0.0,50.0,0.0,20.0
5:45:00 AM,6,Monday,low,111.0,0.0,50.0,0.0,113.0
6:00:00 AM,6,Monday,heavy,224.0,43.999999999999986,13.333333333333346,109.99999999999996,0.0
6:15:00 AM,6,Monday,heavy,176.0,0.0,50.0,0.0,6.0
6:30:00 AM,6,Monday,heavy,182.0,1.999999999999988,48.33333333333334,4.99999999999997,9.0
6:45:00 AM,6,Monday,heavy,191.0,10.999999999999996,40.833333333333336,27.49999999999999,0.0
7:00:00 AM,6,Monday,heavy,188.0,8.000000000000002,43.333333333333336,20.000000000000004,25.0
7:15:00 AM,6,Monday,heavy,213.0,32.999999999999986,22.500000000000014,82.49999999999996,0.0
7:30:00 AM,6,Monday,heavy,190.0,9.99999999999999,41.66666666666667,24.99999999999997,8.0
7:45:00 AM,6,Monday,heavy,198.0,17.99999999999999,35.00000000000001,44.99999999999997,0.0
8:00:00 AM,6,Monday,heavy,184.0,4.000000000000001,46.666666666666664,10.000000000000002,0.0
8:15:00 AM,6,Monday,heavy,180.0,0.0,50.0,0.0,0.0
8:30:00 AM,6,Monday,heavy,171.0,0.0,50.0,0.0,37.0
8:45:00 AM,6,Monday,heavy,208.0,27.99999999999998,26.666666666666682,69.99999999999994,0.0
9:00:00 AM,6,Monday,heavy,190.0,9.99999999999999,41.66666666666667,24.99999999999997,0.0
9:15:00 AM,6,Monday,high,129.0,0.0,50.0,0.0,0.0
9:30:00 AM,6,Monday,normal,120.0,0.0,50.0,0.0,0.0
9:45:00 AM,6,Monday,low,73.0,0.0,50.0,0.0,75.0
10:00:00 AM,6,Monday,normal,148.0,0.0,50.0,0.0,32.0
10:15:00 AM,6,Monday,heavy,180.0,0.0,50.0,0.0,0.0
10:30:00 AM,6,Monday,normal,90.0,0.0,50.0,0.0,18.0
10:45:00 AM,6,Monday,normal,108.0,0.0,50.0,0.0,1.0
11:00:00 AM,6,Monday,normal,109.0,0.0,50.0,0.0,0.0
11:15:00 AM,6,Monday,normal,55.0,0.0,50.0,0.0,31.0
11:30:00 AM,6,Monday,normal,86.0,0.0,50.0,0.0,0.0
11:45:00 AM,6,Monday,normal,61.0,0.0,50.0,0.0,22.0
12:00:00 PM,6,Monday,normal,83.0,0.0,50.0,0.0,0.0
12:15:00 PM,6,Monday,normal,80.0,0.0,50.0,0.0,1.0
12:30:00 PM,6,Monday,normal,81.0,0.0,50.0,0.0,0.0
12:45:00 PM,6,Monday,normal,71.0,0.0,50.0,0.0,34.0
1:00:00 PM,6,Monday,normal,105.0,0.0,50.0,0.0,0.0
1:15:00 PM,6,Monday,normal,88.0,0.0,50.0,0.0,60.0
1:30:00 PM,6,Monday,normal,148.0,0.0,50.0,0.0,0.0
1:45:00 PM,6,Monday,normal,78.0,0.0,50.0,0.0,63.0
2:00:00 PM,6,Monday,high,141.0,0.0,50.0,0.0,0.0
2:15:00 PM,6,Monday,normal,101.0,0.0,50.0,0.0,0.0
2:30:00 PM,6,Monday,low,101.0,0.0,50.0,0.0,25.0
2:45:00 PM,6,Monday,normal,126.0,0.0,50.0,0.0,18.0
3:00:00 PM,6,Monday,normal,144.0,0.0,50.0,0.0,0.0
3:15:00 PM,6,Monday,normal,133.0,0.0,50.0,0.0,0.0
3:30:00 PM,6,Monday,normal,71.0,0.0,50.0,0.0,48.0
3:45:00 PM,6,Monday,normal,119.0,0.0,50.0,0.0,91.0
4:00:00 PM,6,Monday,heavy,210.0,29.999999999999993,25.000000000000007,74.99999999999997,0.0
4:15:00 PM,6,Monday,heavy,176.0,0.0,50.0,0.0,28.0
4:30:00 PM,6,Monday,heavy,204.0,23.99999999999998,30.000000000000014,59.99999999999994,6.0
4:45:00 PM,6,Monday,heavy,210.0,29.999999999999993,25.000000000000007,74.99999999999997,0.0
5:00:00 PM,6,Monday,heavy,196.0,15.999999999999979,36.66666666666668,39.99999999999994,6.0
5:15:00 PM,6,Monday,heavy,202.0,21.999999999999993,31.666666666666675,54.99999999999998,0.0
5:30:00 PM,6,Monday,heavy,181.0,0.9999999999999815,49.16666666666668,2.4999999999999534,18.0
5:45:00 PM,6,Monday,heavy,199.0,18.999999999999996,34.166666666666664,47.499999999999986,15.0
6:00:00 PM,6,Monday,heavy,214.0,33.99999999999999,21.66666666666667,84.99999999999997,0.0
6:15:00 PM,6,Monday,heavy,203.0,23.0,30.833333333333336,57.5,0.0
6:30:00 PM,6,Monday,heavy,198.0,17.99999999999999,35.00000000000001,44.99999999999997,0.0
6:45:00 PM,6,Monday,normal,108.0,0.0,50.0,0.0,33.0
7:00:00 PM,6,Monday,high,141.0,0.0,50.0,0.0,0.0
7:15:00 PM,6,Monday,normal,126.0,0.0,50.0,0.0,34.0
7:30:00 PM,6,Monday,normal,160.0,0.0,50.0,0.0,0.0
7:45:00 PM,6,Monday,low,93.0,0.0,50.0,0.0,3.0
8:00:00 PM,6,Monday,low,96.0,0.0,50.0,0.0,0.0
8:15:00 PM,6,Monday,low,93.0,0.0,50.0,0.0,15.0
8:30:00 PM,6,Monday,normal,108.0,0.0,50.0,0.0,18.0
8:45:00 PM,6,Monday,normal,126.0,0.0,50.0,0.0,38.0
9:00:00 PM,6,Monday,high,164.0,0.0,50.0,0.0,0.0
9:15:00 PM,6,Monday,normal,152.0,0.0,50.0,0.0,0.0
9:30:00 PM,6,Monday,normal,121.0,0.0,50.0,0.0,15.0
9:45:00 PM,6,Monday,normal,136.0,0.0,50.0,0.0,0.0
10:00:00 PM,6,Monday,normal,42.0,0.0,50.0,0.0,0.0
10:15:00 PM,6,Monday,low,25.0,0.0,50.0,0.0,17.0
10:30:00 PM,6,Monday,normal,42.0,0.0,50.0,0.0,19.0
10:45:00 PM,6,Monday,normal,61.0,0.0,50.0,0.0,0.0
11:00:00 PM,6,Monday,normal,51.0,0.0,50.0,0.0,0.0
11:15:00 PM,6,Monday,normal,35.0,0.0,50.0,0.0,18.0
11:30:00 PM,6,Monday,normal,53.0,0.0,50.0,0.0,4.0
11:45:00 PM,6,Monday,normal,57.0,0.0,50.0,0.0,0.0
12:00:00 AM,7,Tuesday,normal,40.0,0.0,50.0,0.0,2.0
12:15:00 AM,7,Tuesday,normal,42.0,0.0,50.0,0.0,4.0
12:30:00 AM,7,Tuesday,normal,46.0,0.0,50.0,0.0,0.0
12:45:00 AM,7,Tuesday,low,34.0,0.0,50.0,0.0,5.0
1:00:00 AM,7,Tuesday,normal,39.0,0.0,50.0,0.0,17.0
1:15:00 AM,7,Tuesday,normal,56.0,0.0,50.0,0.0,0.0
1:30:00 AM,7,Tuesday,normal,45.0,0.0,50.0,0.0,0.0
1:45:00 AM,7,Tuesday,normal,38.0,0.0,50.0,0.0,14.0
2:00:00 AM,7,Tuesday,normal,52.0,0.0,50.0,0.0,6.0
2:15:00 AM,7,Tuesday,normal,58.0,0.0,50.0,0.0,0.0
2:30:00 AM,7,Tuesday,normal,33.0,0.0,50.0,0.0,16.0
2:45:00 AM,7,Tuesday,normal,49.0,0.0,50.0,0.0,0.0
3:00:00 AM,7,Tuesday,low,32.0,0.0,50.0,0.0,19.0
3:15:00 AM,7,Tuesday,normal,51.0,0.0,50.0,0.0,0.0
3:30:00 AM,7,Tuesday,normal,48.0,0.0,50.0,0.0,4.0
3:45:00 AM,7,Tuesday,normal,52.0,0.0,50.0,0.0,1.0
4:00:00 AM,7,Tuesday,normal,53.0,0.0,50.0,0.0,73.0
4:15:00 AM,7,Tuesday,normal,126.0,0.0,50.0,0.0,0.0
4:30:00 AM,7,Tuesday,low,95.0,0.0,50.0,0.0,21.0
4:45:00 AM,7,Tuesday,normal,116.0,0.0,50.0,0.0,0.0
5:00:00 AM,7,Tuesday,low,100.0,0.0,50.0,0.0,14.0
5:15:00 AM,7,Tuesday,normal,114.0,0.0,50.0,0.0,0.0
5:30:00 AM,7,Tuesday,low,86.0,0.0,50.0,0.0,63.0
5:45:00 AM,7,Tuesday,normal,149.0,0.0,50.0,0.0,24.0
6:00:00 AM,7,Tuesday,heavy,173.0,0.0,50.0,0.0,28.0
6:15:00 AM,7,Tuesday,heavy,201.0,20.999999999999986,32.500000000000014,52.499999999999964,16.0
6:30:00 AM,7,Tuesday,heavy,217.0,36.999999999999986,19.166666666666675,92.49999999999996,0.0
6:45:00 AM,7,Tuesday,heavy,191.0,10.999999999999996,40.833333333333336,27.49999999999999,16.0
7:00:00 AM,7,Tuesday,heavy,207.0,27.0,27.500000000000004,67.5,0.0
7:15:00 AM,7,Tuesday,heavy,183.0,2.9999999999999942,47.5,7.499999999999985,23.0
7:30:00 AM,7,Tuesday,heavy,206.0,25.999999999999993,28.33333333333334,64.99999999999997,0.0
7:45:00 AM,7,Tuesday,heavy,170.0,0.0,50.0,0.0,0.0
8:00:00 AM,7,Tuesday,normal,167.0,0.0,50.0,0.0,9.0
8:15:00 AM,7,Tuesday,heavy,176.0,0.0,50.0,0.0,0.0
8:30:00 AM,7,Tuesday,high,161.0,0.0,50.0,0.0,62.0
8:45:00 AM,7,Tuesday,normal,223.0,43.0,14.166666666666666,107.5,0.0
9:00:00 AM,7,Tuesday,heavy,207.0,27.0,27.500000000000004,67.5,0.0
9:15:00 AM,7,Tuesday,normal,145.0,0.0,50.0,0.0,0.0
9:30:00 AM,7,Tuesday,normal,78.0,0.0,50.0,0.0,12.0
9:45:00 AM,7,Tuesday,normal,90.0,0.0,50.0,0.0,22.0
10:00:00 AM,7,Tuesday,high,112.0,0.0,50.0,0.0,0.0
10:15:00 AM,7,Tuesday,normal,91.0,0.0,50.0,0.0,0.0
10:30:00 AM,7,Tuesday,normal,83.0,0.0,50.0,0.0,59.0
10:45:00 AM,7,Tuesday,normal,142.0,0.0,50.0,0.0,0.0
11:00:00 AM,7,Tuesday,normal,109.0,0.0,50.0,0.0,0.0
11:15:00 AM,7,Tuesday,normal,70.0,0.0,50.0,0.0,13.0
11:30:00 AM,7,Tuesday,normal,83.0,0.0,50.0,0.0,0.0
11:45:00 AM,7,Tuesday,normal,76.0,0.0,50.0,0.0,0.0
12:00:00 PM,7,Tuesday,normal,55.0,0.0,50.0,0.0,12.0
12:15:00 PM,7,Tuesday,normal,67.0,0.0,50.0,0.0,0.0
12:30:00 PM,7,Tuesday,normal,58.0,0.0,50.0,0.0,53.0
12:45:00 PM,7,Tuesday,normal,111.0,0.0,50.0,0.0,0.0
1:00:00 PM,7,Tuesday,normal,67.0,0.0,50.0,0.0,80.0
1:15:00 PM,7,Tuesday,normal,147.0,0.0,50.0,0.0,27.0
1:30:00 PM,7,Tuesday,heavy,174.0,0.0,50.0,0.0,0.0
1:45:00 PM,7,Tuesday,heavy,173.0,0.0,50.0,0.0,0.0
2:00:00 PM,7,Tuesday,normal,153.0,0.0,50.0,0.0,0.0
2:15:00 PM,7,Tuesday,high,133.0,0.0,50.0,0.0,8.0
2:30:00 PM,7,Tuesday,high,141.0,0.0,50.0,0.0,30.0
2:45:00 PM,7,Tuesday,heavy,171.0,0.0,50.0,0.0,6.0
3:00:00 PM,7,Tuesday,heavy,177.0,0.0,50.0,0.0,0.0
3:15:00 PM,7,Tuesday,normal,144.0,0.0,50.0,0.0,0.0
3:30:00 PM,7,Tuesday,normal,81.0,0.0,50.0,0.0,95.0
3:45:00 PM,7,Tuesday,heavy,176.0,0.0,50.0,0.0,24.0
4:00:00 PM,7,Tuesday,heavy,200.0,19.99999999999998,33.33333333333335,49.99999999999994,8.0
4:15:00 PM,7,Tuesday,heavy,208.0,27.99999999999998,26.666666666666682,69.99999999999994,0.0
4:30:00 PM,7,Tuesday,heavy,175.0,0.0,50.0,0.0,20.0
4:45:00 PM,7,Tuesday,heavy,195.0,14.999999999999996,37.5,37.499999999999986,0.0
5:00:00 PM,7,Tuesday,high,163.0,0.0,50.0,0.0,29.0
5:15:00 PM,7,Tuesday,heavy,192.0,12.000000000000002,40.0,30.000000000000004,21.0
5:30:00 PM,7,Tuesday,heavy,213.0,32.999999999999986,22.500000000000014,82.49999999999996,0.0
5:45:00 PM,7,Tuesday,heavy,176.0,0.0,50.0,0.0,31.0
6:00:00 PM,7,Tuesday,heavy,207.0,27.0,27.500000000000004,67.5,0.0
6:15:00 PM,7,Tuesday,high,166.0,0.0,50.0,0.0,11.0
6:30:00 PM,7,Tuesday,heavy,177.0,0.0,50.0,0.0,0.0
6:45:00 PM,7,Tuesday,normal,104.0,0.0,50.0,0.0,0.0
7:00:00 PM,7,Tuesday,normal,92.0,0.0,50.0,0.0,49.0
7:15:00 PM,7,Tuesday,normal,141.0,0.0,50.0,0.0,0.0
7:30:00 PM,7,Tuesday,high,129.0,0.0,50.0,0.0,0.0
7:45:00 PM,7,Tuesday,high,115.0,0.0,50.0,0.0,14.0
8:00:00 PM,7,Tuesday,normal,129.0,0.0,50.0,0.0,0.0
8:15:00 PM,7,Tuesday,normal,118.0,0.0,50.0,0.0,0.0
8:30:00 PM,7,Tuesday,low,85.0,0.0,50.0,0.0,31.0
8:45:00 PM,7,Tuesday,normal,116.0,0.0,50.0,0.0,40.0
9:00:00 PM,7,Tuesday,normal,156.0,0.0,50.0,0.0,0.0
9:15:00 PM,7,Tuesday,normal,133.0,0.0,50.0,0.0,0.0
9:30:00 PM,7,Tuesday,normal,114.0,0.0,50.0,0.0,23.0
9:45:00 PM,7,Tuesday,normal,137.0,0.0,50.0,0.0,0.0
10:00:00 PM,7,Tuesday,normal,42.0,0.0,50.0,0.0,12.0
10:15:00 PM,7,Tuesday,normal,54.0,0.0,50.0,0.0,0.0
10:30:00 PM,7,Tuesday,low,34.0,0.0,50.0,0.0,11.0
10:45:00 PM,7,Tuesday,normal,45.0,0.0,50.0,0.0,14.0
11:00:00 PM,7,Tuesday,normal,59.0,0.0,50.0,0.0,0.0
11:15:00 PM,7,Tuesday,normal,45.0,0.0,50.0,0.0,0.0
11:30:00 PM,7,Tuesday,normal,44.0,0.0,50.0,0.0,0.0
11:45:00 PM,7,Tuesday,normal,43.0,0.0,50.0,0.0,0.0
12:00:00 AM,8,Wednesday,normal,40.0,0.0,50.0,0.0,13.0
12:15:00 AM,8,Wednesday,normal,53.0,0.0,50.0,0.0,0.0
12:30:00 AM,8,Wednesday,low,31.0,0.0,50.0,0.0,3.0
12:45:00 AM,8,Wednesday,low,34.0,0.0,50.0,0.0,0.0
1:00:00 AM,8,Wednesday,low,32.0,0.0,50.0,0.0,5.0
1:15:00 AM,8,Wednesday,low,37.0,0.0,50.0,0.0,8.0
1:30:00 AM,8,Wednesday,normal,45.0,0.0,50.0,0.0,0.0
1:45:00 AM,8,Wednesday,low,32.0,0.0,50.0,0.0,5.0
2:00:00 AM,8,Wednesday,normal,37.0,0.0,50.0,0.0,12.0
2:15:00 AM,8,Wednesday,normal,49.0,0.0,50.0,0.0,0.0
2:30:00 AM,8,Wednesday,low,33.0,0.0,50.0,0.0,0.0
2:45:00 AM,8,Wednesday,low,27.0,0.0,50.0,0.0,13.0
3:00:00 AM,8,Wednesday,low,40.0,0.0,50.0,0.0,0.0
3:15:00 AM,8,Wednesday,low,28.0,0.0,50.0,0.0,17.0
3:30:00 AM,8,Wednesday,normal,45.0,0.0,50.0,0.0,9.0
3:45:00 AM,8,Wednesday,normal,54.0,0.0,50.0,0.0,0.0
4:00:00 AM,8,Wednesday,normal,47.0,0.0,50.0,0.0,95.0
4:15:00 AM,8,Wednesday,normal,142.0,0.0,50.0,0.0,0.0
4:30:00 AM,8,Wednesday,low,99.0,0.0,50.0,0.0,48.0
4:45:00 AM,8,Wednesday,normal,147.0,0.0,50.0,0.0,0.0
5:00:00 AM,8,Wednesday,normal,136.0,0.0,50.0,0.0,0.0
5:15:00 AM,8,Wednesday,low,109.0,0.0,50.0,0.0,11.0
5:30:00 AM,8,Wednesday,normal,120.0,0.0,50.0,0.0,20.0
5:45:00 AM,8,Wednesday,normal,140.0,0.0,50.0,0.0,55.0
6:00:00 AM,8,Wednesday,heavy,195.0,14.999999999999996,37.5,37.499999999999986,0.0
6:15:00 AM,8,Wednesday,heavy,186.0,5.9999999999999885,45.00000000000001,14.99999999999997,0.0
6:30:00 AM,8,Wednesday,high,162.0,0.0,50.0,0.0,24.0
6:45:00 AM,8,Wednesday,heavy,186.0,5.9999999999999885,45.00000000000001,14.99999999999997,0.0
7:00:00 AM,8,Wednesday,heavy,177.0,0.0,50.0,0.0,0.0
7:15:00 AM,8,Wednesday,high,165.0,0.0,50.0,0.0,53.0
7:30:00 AM,8,Wednesday,heavy,218.0,37.99999999999999,18.33333333333334,94.99999999999997,0.0
7:45:00 AM,8,Wednesday,heavy,191.0,10.999999999999996,40.833333333333336,27.49999999999999,20.0
8:00:00 AM,8,Wednesday,heavy,211.0,31.0,24.166666666666664,77.5,2.0
8:15:00 AM,8,Wednesday,heavy,213.0,32.999999999999986,22.500000000000014,82.49999999999996,0.0
8:30:00 AM,8,Wednesday,high,164.0,0.0,50.0,0.0,23.0
8:45:00 AM,8,Wednesday,heavy,187.0,6.999999999999995,44.16666666666667,17.499999999999986,0.0
9:00:00 AM,8,Wednesday,normal,148.0,0.0,50.0,0.0,0.0
9:15:00 AM,8,Wednesday,normal,112.0,0.0,50.0,0.0,33.0
9:30:00 AM,8,Wednesday,normal,145.0,0.0,50.0,0.0,0.0
9:45:00 AM,8,Wednesday,normal,83.0,0.0,50.0,0.0,33.0
10:00:00 AM,8,Wednesday,high,116.0,0.0,50.0,0.0,50.0
10:15:00 AM,8,Wednesday,high,166.0,0.0,50.0,0.0,0.0
10:30:00 AM,8,Wednesday,normal,106.0,0.0,50.0,0.0,35.0
10:45:00 AM,8,Wednesday,high,141.0,0.0,50.0,0.0,0.0
11:00:00 AM,8,Wednesday,normal,81.0,0.0,50.0,0.0,0.0
11:15:00 AM,8,Wednesday,normal,75.0,0.0,50.0,0.0,0.0
11:30:00 AM,8,Wednesday,normal,75.0,0.0,50.0,0.0,0.0
11:45:00 AM,8,Wednesday,normal,66.0,0.0,50.0,0.0,45.0
12:00:00 PM,8,Wednesday,normal,111.0,0.0,50.0,0.0,0.0
12:15:00 PM,8,Wednesday,normal,107.0,0.0,50.0,0.0,0.0
12:30:00 PM,8,Wednesday,normal,80.0,0.0,50.0,0.0,20.0
12:45:00 PM,8,Wednesday,normal,100.0,0.0,50.0,0.0,0.0
1:00:00 PM,8,Wednesday,normal,77.0,0.0,50.0,0.0,3.0
1:15:00 PM,8,Wednesday,normal,80.0,0.0,50.0,0.0,12.0
1:30:00 PM,8,Wednesday,normal,92.0,0.0,50.0,0.0,60.0
1:45:00 PM,8,Wednesday,normal,152.0,0.0,50.0,0.0,0.0
2:00:00 PM,8,Wednesday,normal,127.0,0.0,50.0,0.0,0.0
2:15:00 PM,8,Wednesday,normal,112.0,0.0,50.0,0.0,62.0
2:30:00 PM,8,Wednesday,heavy,174.0,0.0,50.0,0.0,0.0
2:45:00 PM,8,Wednesday,normal,86.0,0.0,50.0,0.0,44.0
3:00:00 PM,8,Wednesday,normal,130.0,0.0,50.0,0.0,0.0
3:15:00 PM,8,Wednesday,normal,101.0,0.0,50.0,0.0,0.0
3:30:00 PM,8,Wednesday,normal,93.0,0.0,50.0,0.0,20.0
3:45:00 PM,8,Wednesday,normal,113.0,0.0,50.0,0.0,76.0
4:00:00 PM,8,Wednesday,heavy,189.0,8.999999999999982,42.500000000000014,22.499999999999954,0.0
4:15:00 PM,8,Wednesday,heavy,171.0,0.0,50.0,0.0,49.0
4:30:00 PM,8,Wednesday,heavy,220.0,39.999999999999986,16.66666666666668,99.99999999999996,1.0
4:45:00 PM,8,Wednesday,heavy,221.0,40.999999999999986,15.833333333333343,102.49999999999996,0.0
5:00:00 PM,8,Wednesday,heavy,205.0,24.999999999999986,29.16666666666668,62.499999999999964,0.0
5:15:00 PM,8,Wednesday,heavy,188.0,8.000000000000002,43.333333333333336,20.000000000000004,0.0
5:30:00 PM,8,Wednesday,heavy,176.0,0.0,50.0,0.0,38.0
5:45:00 PM,8,Wednesday,heavy,214.0,33.99999999999999,21.66666666666667,84.99999999999997,0.0
6:00:00 PM,8,Wednesday,heavy,179.0,0.0,50.0,0.0,27.0
6:15:00 PM,8,Wednesday,heavy,206.0,25.999999999999993,28.33333333333334,64.99999999999997,0.0
6:30:00 PM,8,Wednesday,heavy,199.0,18.999999999999996,34.166666666666664,47.499999999999986,0.0
6:45:00 PM,8,Wednesday,normal,91.0,0.0,50.0,0.0,26.0
7:00:00 PM,8,Wednesday,normal,117.0,0.0,50.0,0.0,23.0
7:15:00 PM,8,Wednesday,normal,140.0,0.0,50.0,0.0,0.0
7:30:00 PM,8,Wednesday,high,115.0,0.0,50.0,0.0,35.0
7:45:00 PM,8,Wednesday,normal,150.0,0.0,50.0,0.0,0.0
8:00:00 PM,8,Wednesday,normal,147.0,0.0,50.0,0.0,0.0
8:15:00 PM,8,Wednesday,normal,146.0,0.0,50.0,0.0,0.0
8:30:00 PM,8,Wednesday,normal,139.0,0.0,50.0,0.0,15.0
8:45:00 PM,8,Wednesday,normal,154.0,0.0,50.0,0.0,7.0
9:00:00 PM,8,Wednesday,normal,161.0,0.0,50.0,0.0,0.0
9:15:00 PM,8,Wednesday,normal,144.0,0.0,50.0,0.0,6.0
9:30:00 PM,8,Wednesday,normal,150.0,0.0,50.0,0.0,8.0
9:45:00 PM,8,Wednesday,normal,158.0,0.0,50.0,0.0,0.0
10:00:00 PM,8,Wednesday,low,35.0,0.0,50.0,0.0,5.0
10:15:00 PM,8,Wednesday,normal,40.0,0.0,50.0,0.0,5.0
10:30:00 PM,8,Wednesday,normal,45.0,0.0,50.0,0.0,10.0
10:45:00 PM,8,Wednesday,normal,55.0,0.0,50.0,0.0,0.0
11:00:00 PM,8,Wednesday,normal,46.0,0.0,50.0,0.0,0.0
11:15:00 PM,8,Wednesday,low,39.0,0.0,50.0,0.0,0.0
11:30:00 PM,8,Wednesday,normal,38.0,0.0,50.0,0.0,0.0
11:45:00 PM,8,Wednesday,low,29.0,0.0,50.0,0.0,16.0
12:00:00 AM,9,Thursday,normal,45.0,0.0,50.0,0.0,5.0
12:15:00 AM,9,Thursday,normal,50.0,0.0,50.0,0.0,1.0
12:30:00 AM,9,Thursday,normal,51.0,0.0,50.0,0.0,0.0
12:45:00 AM,9,Thursday,normal,42.0,0.0,50.0,0.0,0.0
1:00:00 AM,9,Thursday,low,35.0,0.0,50.0,0.0,0.0
1:15:00 AM,9,Thursday,low,25.0,0.0,50.0,0.0,7.0
1:30:00 AM,9,Thursday,low,32.0,0.0,50.0,0.0,15.0
1:45:00 AM,9,Thursday,normal,47.0,0.0,50.0,0.0,2.0
2:00:00 AM,9,Thursday,normal,49.0,0.0,50.0,0.0,0.0
2:15:00 AM,9,Thursday,normal,48.0,0.0,50.0,0.0,0.0
2:30:00 AM,9,Thursday,low,32.0,0.0,50.0,0.0,12.0
2:45:00 AM,9,Thursday,normal,44.0,0.0,50.0,0.0,4.0
3:00:00 AM,9,Thursday,normal,48.0,0.0,50.0,0.0,0.0
3:15:00 AM,9,Thursday,normal,39.0,0.0,50.0,0.0,1.0
3:30:00 AM,9,Thursday,normal,40.0,0.0,50.0,0.0,2.0
3:45:00 AM,9,Thursday,normal,42.0,0.0,50.0,0.0,0.0
4:00:00 AM,9,Thursday,low,29.0,0.0,50.0,0.0,90.0
4:15:00 AM,9,Thursday,normal,119.0,0.0,50.0,0.0,0.0
4:30:00 AM,9,Thursday,low,100.0,0.0,50.0,0.0,20.0
4:45:00 AM,9,Thursday,normal,120.0,0.0,50.0,0.0,0.0
5:00:00 AM,9,Thursday,normal,112.0,0.0,50.0,0.0,0.0
5:15:00 AM,9,Thursday,low,95.0,0.0,50.0,0.0,52.0
5:30:00 AM,9,Thursday,normal,147.0,0.0,50.0,0.0,0.0
5:45:00 AM,9,Thursday,normal,127.0,0.0,50.0,0.0,76.0
6:00:00 AM,9,Thursday,heavy,203.0,23.0,30.833333333333336,57.5,0.0
6:15:00 AM,9,Thursday,heavy,192.0,12.000000000000002,40.0,30.000000000000004,0.0
6:30:00 AM,9,Thursday,heavy,172.0,0.0,50.0,0.0,0.0
6:45:00 AM,9,Thursday,high,166.0,0.0,50.0,0.0,29.0
7:00:00 AM,9,Thursday,heavy,195.0,14.999999999999996,37.5,37.499999999999986,0.0
7:15:00 AM,9,Thursday,heavy,177.0,0.0,50.0,0.0,28.0
7:30:00 AM,9,Thursday,heavy,205.0,24.999999999999986,29.16666666666668,62.499999999999964,0.0
7:45:00 AM,9,Thursday,heavy,198.0,17.99999999999999,35.00000000000001,44.99999999999997,0.0
8:00:00 AM,9,Thursday,high,164.0,0.0,50.0,0.0,0.0
8:15:00 AM,9,Thursday,normal,151.0,0.0,50.0,0.0,62.0
8:30:00 AM,9,Thursday,heavy,213.0,32.999999999999986,22.500000000000014,82.49999999999996,0.0
8:45:00 AM,9,Thursday,heavy,192.0,12.000000000000002,40.0,30.000000000000004,0.0
9:00:00 AM,9,Thursday,heavy,184.0,4.000000000000001,46.666666666666664,10.000000000000002,0.0
9:15:00 AM,9,Thursday,high,155.0,0.0,50.0,0.0,0.0
9:30:00 AM,9,Thursday,normal,63.0,0.0,50.0,0.0,5.0
9:45:00 AM,9,Thursday,normal,68.0,0.0,50.0,0.0,33.0
10:00:00 AM,9,Thursday,normal,101.0,0.0,50.0,0.0,15.0
10:15:00 AM,9,Thursday,high,116.0,0.0,50.0,0.0,0.0
10:30:00 AM,9,Thursday,low,71.0,0.0,50.0,0.0,104.0
10:45:00 AM,9,Thursday,heavy,175.0,0.0,50.0,0.0,0.0
11:00:00 AM,9,Thursday,normal,79.0,0.0,50.0,0.0,0.0
11:15:00 AM,9,Thursday,normal,68.0,0.0,50.0,0.0,0.0
11:30:00 AM,9,Thursday,normal,57.0,0.0,50.0,0.0,43.0
11:45:00 AM,9,Thursday,normal,100.0,0.0,50.0,0.0,0.0
12:00:00 PM,9,Thursday,normal,71.0,0.0,50.0,0.0,15.0
12:15:00 PM,9,Thursday,normal,86.0,0.0,50.0,0.0,7.0
12:30:00 PM,9,Thursday,normal,93.0,0.0,50.0,0.0,0.0
12:45:00 PM,9,Thursday,normal,80.0,0.0,50.0,0.0,17.0
1:00:00 PM,9,Thursday,normal,97.0,0.0,50.0,0.0,60.0
1:15:00 PM,9,Thursday,normal,157.0,0.0,50.0,0.0,0.0
1:30:00 PM,9,Thursday,normal,154.0,0.0,50.0,0.0,0.0
1:45:00 PM,9,Thursday,high,142.0,0.0,50.0,0.0,0.0
2:00:00 PM,9,Thursday,normal,122.0,0.0,50.0,0.0,0.0
2:15:00 PM,9,Thursday,low,73.0,0.0,50.0,0.0,40.0
2:30:00 PM,9,Thursday,normal,113.0,0.0,50.0,0.0,0.0
2:45:00 PM,9,Thursday,normal,96.0,0.0,50.0,0.0,0.0
3:00:00 PM,9,Thursday,low,91.0,0.0,50.0,0.0,69.0
3:15:00 PM,9,Thursday,high,160.0,0.0,50.0,0.0,0.0
3:30:00 PM,9,Thursday,high,156.0,0.0,50.0,0.0,0.0
3:45:00 PM,9,Thursday,high,155.0,0.0,50.0,0.0,57.0
4:00:00 PM,9,Thursday,heavy,212.0,31.999999999999982,23.33333333333335,79.99999999999996,0.0
4:15:00 PM,9,Thursday,heavy,182.0,1.999999999999988,48.33333333333334,4.99999999999997,0.0
4:30:00 PM,9,Thursday,heavy,170.0,0.0,50.0,0.0,1.0
4:45:00 PM,9,Thursday,heavy,171.0,0.0,50.0,0.0,14.0
5:00:00 PM,9,Thursday,heavy,185.0,4.999999999999982,45.83333333333335,12.499999999999956,0.0
5:15:00 PM,9,Thursday,high,158.0,0.0,50.0,0.0,35.0
5:30:00 PM,9,Thursday,heavy,193.0,12.999999999999984,39.166666666666686,32.49999999999996,13.0
5:45:00 PM,9,Thursday,heavy,206.0,25.999999999999993,28.33333333333334,64.99999999999997,14.0
6:00:00 PM,9,Thursday,heavy,220.0,39.999999999999986,16.66666666666668,99.99999999999996,0.0
6:15:00 PM,9,Thursday,heavy,211.0,31.0,24.166666666666664,77.5,0.0
6:30:00 PM,9,Thursday,heavy,208.0,27.99999999999998,26.666666666666682,69.99999999999994,0.0
6:45:00 PM,9,Thursday,normal,164.0,0.0,50.0,0.0,8.0
7:00:00 PM,9,Thursday,heavy,172.0,0.0,50.0,0.0,0.0
7:15:00 PM,9,Thursday,normal,161.0,0.0,50.0,0.0,0.0
7:30:00 PM,9,Thursday,normal,93.0,0.0,50.0,0.0,58.0
7:45:00 PM,9,Thursday,normal,151.0,0.0,50.0,0.0,0.0
8:00:00 PM,9,Thursday,normal,134.0,0.0,50.0,0.0,1.0
8:15:00 PM,9,Thursday,normal,135.0,0.0,50.0,0.0,0.0
8:30:00 PM,9,Thursday,low,105.0,0.0,50.0,0.0,0.0
8:45:00 PM,9,Thursday,low,90.0,0.0,50.0,0.0,72.0
9:00:00 PM,9,Thursday,normal,162.0,0.0,50.0,0.0,0.0
9:15:00 PM,9,Thursday,high,142.0,0.0,50.0,0.0,22.0
9:30:00 PM,9,Thursday,normal,164.0,0.0,50.0,0.0,0.0
9:45:00 PM,9,Thursday,normal,149.0,0.0,50.0,0.0,0.0
10:00:00 PM,9,Thursday,normal,42.0,0.0,50.0,0.0,4.0
10:15:00 PM,9,Thursday,normal,46.0,0.0,50.0,0.0,0.0
10:30:00 PM,9,Thursday,normal,38.0,0.0,50.0,0.0,18.0
10:45:00 PM,9,Thursday,normal,56.0,0.0,50.0,0.0,0.0
11:00:00 PM,9,Thursday,normal,42.0,0.0,50.0,0.0,3.0
11:15:00 PM,9,Thursday,normal,45.0,0.0,50.0,0.0,3.0
11:30:00 PM,9,Thursday,normal,48.0,0.0,50.0,0.0,0.0
